#
# A fatal error has been detected by the Java Runtime Environment:
#
#  EXCEPTION_ACCESS_VIOLATION (0xc0000005) at pc=0x00007ffc99e807bd, pid=36416, tid=12276
#
# JRE version: OpenJDK Runtime Environment Temurin-17.0.7+7 (17.0.7+7) (build 17.0.7+7)
# Java VM: OpenJDK 64-Bit Server VM Temurin-17.0.7+7 (17.0.7+7, mixed mode, sharing, tiered, compressed oops, compressed class ptrs, g1 gc, windows-amd64)
# Problematic frame:
# C  [librdi_filemgmt.dll+0x2007bd]
#
# No core dump will be written. Minidumps are not enabled by default on client versions of Windows
#
# If you would like to submit a bug report, please visit:
#   https://github.com/adoptium/adoptium-support/issues
# The crash happened outside the Java Virtual Machine in native code.
# See problematic frame for where to report the bug.
#

---------------  S U M M A R Y ------------

Command Line: -Dsun.java2d.pmoffscreen=false -Dhttps.protocols=TLSv1,TLSv1.1,TLSv1.2 -Dsun.java2d.xrender=false -Dsun.java2d.d3d=false -Dsun.awt.nopixfmt=true -Dsun.java2d.dpiaware=true -Dsun.java2d.uiScale.enabled=false -Dswing.aatext=true -XX:-UsePerfData -Djdk.map.althashing.threshold=512 -XX:StringTableSize=4072 -XX:+UseStringDeduplication -XX:MaxGCPauseMillis=200 -XX:+ParallelRefProcEnabled --add-opens=java.desktop/javax.swing.plaf.synth=ALL-UNNAMED --add-opens=java.base/java.nio=ALL-UNNAMED --add-opens=java.desktop/sun.swing=ALL-UNNAMED --add-opens=java.desktop/javax.swing=ALL-UNNAMED --add-opens=java.desktop/javax.swing.tree=ALL-UNNAMED --add-opens=java.desktop/javax.swing.plaf.basic=ALL-UNNAMED --add-opens=java.desktop/javax.swing.plaf.synth=ALL-UNNAMED --add-opens=java.desktop/javax.swing.plaf.basic=ALL-UNNAMED --add-opens=java.desktop/javax.swing=ALL-UNNAMED --add-opens=java.desktop/javax.swing.tree=ALL-UNNAMED --add-opens=java.desktop/java.awt.event=ALL-UNNAMED --add-exports=java.desktop/javax.swing.plaf.synth=ALL-UNNAMED --add-exports=java.base/java.nio=ALL-UNNAMED --add-exports=java.desktop/sun.swing=ALL-UNNAMED --add-exports=java.desktop/javax.swing=ALL-UNNAMED --add-exports=java.desktop/javax.swing.tree=ALL-UNNAMED --add-exports=java.desktop/javax.swing.plaf.basic=ALL-UNNAMED --add-exports=java.desktop/sun.swing=ALL-UNNAMED --add-exports=java.desktop/sun.swing.table=ALL-UNNAMED --add-exports=java.desktop/sun.swing.plaf.synth=ALL-UNNAMED --add-exports=java.desktop/sun.awt.shell=ALL-UNNAMED --add-exports=java.base/sun.security.action=ALL-UNNAMED --add-exports=java.desktop/sun.font=ALL-UNNAMED -XX:NewSize=80m -XX:MaxNewSize=80m -Xms512m -Xmx4072m -Xss10m 

Host: AMD Ryzen 7 7435H                              , 16 cores, 15G,  Windows 11 , 64 bit Build 26100 (10.0.26100.8246)
Time: Sun May  3 02:50:23 2026  Windows 11 , 64 bit Build 26100 (10.0.26100.8246) elapsed time: 78.818713 seconds (0d 0h 1m 18s)

---------------  T H R E A D  ---------------

Current thread (0x000001b2ba190d30):  JavaThread "AWT-EventQueue-0" [_thread_in_native, id=12276, stack(0x00000061ce100000,0x00000061ceb00000)]

Stack: [0x00000061ce100000,0x00000061ceb00000],  sp=0x00000061ceafe450,  free space=10233k
Native frames: (J=compiled Java code, j=interpreted, Vv=VM code, C=native code)
C  [librdi_filemgmt.dll+0x2007bd]
C  0x000001b2a1b1ae05

Java frames: (J=compiled Java code, j=interpreted, Vv=VM code)
J 11709  ui.data.design.dai.SrcFile_isAvailable(J)Z (0 bytes) @ 0x000001b2a1b1ad69 [0x000001b2a1b1ad20+0x0000000000000049]
J 11708 c1 ui.data.design.R.ckG()Z (8 bytes) @ 0x000001b29acec794 [0x000001b29acec720+0x0000000000000074]
j  ui.views.c.h.c.eVU()Z+326
J 14660 c2 ui.frmwork.cmd.d.setEnabled(Z)V (178 bytes) @ 0x000001b2a1ac6d98 [0x000001b2a1ac6cc0+0x00000000000000d8]
j  ui.a.a(Ljava/util/HashMap;Z)V+50
j  ui.a.aJa()V+53
j  ui.a.aIV()V+1
j  ui.a.aIU()V+77
j  ui.R.timerActionPerformed()V+16
J 15005 c1 ui.utils.r.b.actionPerformed(Ljava/awt/event/ActionEvent;)V (155 bytes) @ 0x000001b29a9941dc [0x000001b29a994020+0x00000000000001bc]
J 9401 c1 javax.swing.Timer.fireActionPerformed(Ljava/awt/event/ActionEvent;)V java.desktop@17.0.7 (46 bytes) @ 0x000001b29a8c583c [0x000001b29a8c5560+0x00000000000002dc]
J 14249 c1 ui.utils.r.a.fireActionPerformed(Ljava/awt/event/ActionEvent;)V (49 bytes) @ 0x000001b29a71f0c4 [0x000001b29a71ef60+0x0000000000000164]
J 9400 c1 javax.swing.Timer$DoPostEvent.run()V java.desktop@17.0.7 (82 bytes) @ 0x000001b29a8c4d1c [0x000001b29a8c47a0+0x000000000000057c]
J 9227 c1 java.awt.event.InvocationEvent.dispatch()V java.desktop@17.0.7 (69 bytes) @ 0x000001b29a86df9c [0x000001b29a86dd80+0x000000000000021c]
J 9141 c1 java.awt.EventQueue.dispatchEventImpl(Ljava/awt/AWTEvent;Ljava/lang/Object;)V java.desktop@17.0.7 (136 bytes) @ 0x000001b29a83cae4 [0x000001b29a83afe0+0x0000000000001b04]
J 9140 c1 java.awt.EventQueue$4.run()Ljava/lang/Void; java.desktop@17.0.7 (60 bytes) @ 0x000001b29a838c24 [0x000001b29a838ae0+0x0000000000000144]
J 14552 c1 java.awt.EventQueue.dispatchEvent(Ljava/awt/AWTEvent;)V java.desktop@17.0.7 (80 bytes) @ 0x000001b29a7af1d4 [0x000001b29a7aee00+0x00000000000003d4]
J 14211 c2 ui.frmwork.a.d.dispatchEvent(Ljava/awt/AWTEvent;)V (42 bytes) @ 0x000001b2a1e49ce4 [0x000001b2a1e491e0+0x0000000000000b04]
J 14244 c2 java.awt.EventDispatchThread.pumpOneEventForFilters(I)V java.desktop@17.0.7 (113 bytes) @ 0x000001b2a1e6b16c [0x000001b2a1e6ade0+0x000000000000038c]
j  java.awt.EventDispatchThread.pumpEventsForFilter(ILjava/awt/Conditional;Ljava/awt/EventFilter;)V+35 java.desktop@17.0.7
j  java.awt.EventDispatchThread.pumpEventsForHierarchy(ILjava/awt/Conditional;Ljava/awt/Component;)V+11 java.desktop@17.0.7
j  java.awt.EventDispatchThread.pumpEvents(ILjava/awt/Conditional;)V+4 java.desktop@17.0.7
j  java.awt.EventDispatchThread.pumpEvents(Ljava/awt/Conditional;)V+3 java.desktop@17.0.7
j  java.awt.EventDispatchThread.run()V+9 java.desktop@17.0.7
v  ~StubRoutines::call_stub

siginfo: EXCEPTION_ACCESS_VIOLATION (0xc0000005), reading address 0xffffffffffffffff


Register to memory mapping:

RIP=0x00007ffc99e807bd librdi_filemgmt.dll
RAX=0x303244594a2f3a65 is an unknown value
RBX={method} {0x000001b2b79b2ce0} 'ckG' '()Z' in 'ui/data/design/R'
RCX=0x000001b2c22a9210 points into unknown readable memory: 0x303244594a2f3a65 | 65 3a 2f 4a 59 44 32 30
RDX=0x00000061ceafe560 is pointing into the stack for thread: 0x000001b2ba190d30
RSP=0x00000061ceafe450 is pointing into the stack for thread: 0x000001b2ba190d30
RBP=0x00000061ceafe570 is pointing into the stack for thread: 0x000001b2ba190d30
RSI=0x000001b2c22a9210 points into unknown readable memory: 0x303244594a2f3a65 | 65 3a 2f 4a 59 44 32 30
RDI=0x00000000000004b0 is an unknown value
R8 =0x000001b2c22a9210 points into unknown readable memory: 0x303244594a2f3a65 | 65 3a 2f 4a 59 44 32 30
R9 =0x000000071befc648 is an oop: java.lang.Class 
{0x000000071befc648} - klass: 'java/lang/Class'
 - ---- fields (total size 15 words):
 - private volatile transient 'classRedefinedCount' 'I' @12  0
 - private volatile transient 'cachedConstructor' 'Ljava/lang/reflect/Constructor;' @40  NULL (0)
 - private transient 'name' 'Ljava/lang/String;' @44  "ui.views.c.h.d"{0x000000071bf01430} (e37e0286)
 - private transient 'module' 'Ljava/lang/Module;' @48  a 'java/lang/Module'{0x0000000701a12908} (e0342521)
 - private final 'classLoader' 'Ljava/lang/ClassLoader;' @52  a 'jdk/internal/loader/ClassLoaders$AppClassLoader'{0x00000007022d9018} (e045b203)
 - private transient 'classData' 'Ljava/lang/Object;' @56  NULL (0)
 - private transient 'packageName' 'Ljava/lang/String;' @60  "ui.views.c.h"{0x0000000704928570} (e09250ae)
 - private final 'componentType' 'Ljava/lang/Class;' @64  NULL (0)
 - private volatile transient 'reflectionData' 'Ljava/lang/ref/SoftReference;' @68  NULL (0)
 - private volatile transient 'genericInfo' 'Lsun/reflect/generics/repository/ClassRepository;' @72  NULL (0)
 - private volatile transient 'enumConstants' '[Ljava/lang/Object;' @76  NULL (0)
 - private volatile transient 'enumConstantDirectory' 'Ljava/util/Map;' @80  NULL (0)
 - private volatile transient 'annotationData' 'Ljava/lang/Class$AnnotationData;' @84  NULL (0)
 - private volatile transient 'annotationType' 'Lsun/reflect/annotation/AnnotationType;' @88  NULL (0)
 - transient 'classValueMap' 'Ljava/lang/ClassValue$ClassValueMap;' @92  NULL (0)
 - signature: Lui/views/c/h/d;
 - fake entry for mirror: 'ui/views/c/h/d'
 - fake entry for array: NULL
 - fake entry for oop_size: 15
 - fake entry for static_oop_field_count: 2
 - static final synthetic 'dOz' '[I' @112  [I{0x000000071bf00f18} (e37e01e3)
 - static final synthetic 'dPu' '[I' @116  [I{0x000000071bf00e60} (e37e01cc)
R10=0x00007ffc99e80790 librdi_filemgmt.dll
R11=0x000001b29acec740 is at entry_point+32 in (nmethod*)0x000001b29acec590
R12=0x0 is NULL
R13=0x00000061ceafe5d0 is pointing into the stack for thread: 0x000001b2ba190d30
R14=0x00000061ceafe560 is pointing into the stack for thread: 0x000001b2ba190d30
R15=0x000001b2ba190d30 is a thread


Registers:
RAX=0x303244594a2f3a65, RBX=0x000001b2b79b2cd8, RCX=0x000001b2c22a9210, RDX=0x00000061ceafe560
RSP=0x00000061ceafe450, RBP=0x00000061ceafe570, RSI=0x000001b2c22a9210, RDI=0x00000000000004b0
R8 =0x000001b2c22a9210, R9 =0x000000071befc648, R10=0x00007ffc99e80790, R11=0x000001b29acec740
R12=0x0000000000000000, R13=0x00000061ceafe5d0, R14=0x00000061ceafe560, R15=0x000001b2ba190d30
RIP=0x00007ffc99e807bd, EFLAGS=0x0000000000010202

Top of Stack: (sp=0x00000061ceafe450)
0x00000061ceafe450:   00000061ceafe4c0 000001b2a0ce9612
0x00000061ceafe460:   000001b2a0ce9612 0000000721314c10
0x00000061ceafe470:   000001b2ba190fd8 fffffffffffffffe
0x00000061ceafe480:   000001b2b5d1fca5 00000061ceafe4d8
0x00000061ceafe490:   000001b2b8033a68 0000000000000000
0x00000061ceafe4a0:   0000000702d13030 000001b2b5d1fcb0
0x00000061ceafe4b0:   00000061ceafe528 000001b2a0ce9612
0x00000061ceafe4c0:   00000061ceafe528 000001b2a0ce9612
0x00000061ceafe4d0:   0000000721314c10 0000000000000001
0x00000061ceafe4e0:   00000061ceafe4e0 000001b2b5d30962
0x00000061ceafe4f0:   00000061ceafe560 0000a0e18ae04537
0x00000061ceafe500:   0000000000000000 000001b2a1b1ae05
0x00000061ceafe510:   000001b2b5d30980 0000000000000000
0x00000061ceafe520:   00000061ceafe550 00000061ceafe5b0
0x00000061ceafe530:   000001b2a0ce94fe 0000000721314c10
0x00000061ceafe540:   0000000000000001 0000000000000001 

Instructions: (pc=0x00007ffc99e807bd)
0x00007ffc99e806bd:   8c 24 80 00 00 00 48 8b c1 48 81 fa 00 10 00 00
0x00007ffc99e806cd:   72 1c 48 83 c2 27 48 8b 49 f8 48 2b c1 48 83 c0
0x00007ffc99e806dd:   f8 48 83 f8 1f 76 07 ff 15 46 11 2e 00 cc e8 6c
0x00007ffc99e806ed:   d9 1c 00 48 8b c7 eb 02 33 c0 48 8b 8c 24 c8 00
0x00007ffc99e806fd:   00 00 48 33 cc e8 99 dd 1c 00 4c 8d 9c 24 d0 00
0x00007ffc99e8070d:   00 00 49 8b 5b 18 49 8b 73 28 49 8b e3 5f c3 eb
0x00007ffc99e8071d:   d7 eb d5 48 81 ec b8 00 00 00 48 c7 44 24 28 fe
0x00007ffc99e8072d:   ff ff ff 48 8b 05 59 e5 53 00 48 33 c4 48 89 84
0x00007ffc99e8073d:   24 a8 00 00 00 48 89 4c 24 20 49 8b 00 49 8b c8
0x00007ffc99e8074d:   ff 50 70 90 48 8b 8c 24 a8 00 00 00 48 33 cc e8
0x00007ffc99e8075d:   3f dd 1c 00 48 81 c4 b8 00 00 00 c3 32 c0 48 8b
0x00007ffc99e8076d:   8c 24 a8 00 00 00 48 33 cc e8 25 dd 1c 00 48 81
0x00007ffc99e8077d:   c4 b8 00 00 00 c3 eb e4 eb e2 cc cc cc cc cc cc
0x00007ffc99e8078d:   cc cc cc 48 81 ec b8 00 00 00 48 c7 44 24 28 fe
0x00007ffc99e8079d:   ff ff ff 48 8b 05 e9 e4 53 00 48 33 c4 48 89 84
0x00007ffc99e807ad:   24 a8 00 00 00 48 89 4c 24 20 49 8b 00 49 8b c8
0x00007ffc99e807bd:   ff 50 58 90 48 8b 8c 24 a8 00 00 00 48 33 cc e8
0x00007ffc99e807cd:   cf dc 1c 00 48 81 c4 b8 00 00 00 c3 32 c0 48 8b
0x00007ffc99e807dd:   8c 24 a8 00 00 00 48 33 cc e8 b5 dc 1c 00 48 81
0x00007ffc99e807ed:   c4 b8 00 00 00 c3 eb e4 eb e2 cc cc cc cc cc cc
0x00007ffc99e807fd:   cc cc cc 48 81 ec b8 00 00 00 48 c7 44 24 28 fe
0x00007ffc99e8080d:   ff ff ff 48 8b 05 79 e4 53 00 48 33 c4 48 89 84
0x00007ffc99e8081d:   24 a8 00 00 00 48 89 4c 24 20 49 8b 00 49 8b c8
0x00007ffc99e8082d:   ff 90 90 00 00 00 90 48 8b 8c 24 a8 00 00 00 48
0x00007ffc99e8083d:   33 cc e8 5c dc 1c 00 48 81 c4 b8 00 00 00 c3 32
0x00007ffc99e8084d:   c0 48 8b 8c 24 a8 00 00 00 48 33 cc e8 42 dc 1c
0x00007ffc99e8085d:   00 48 81 c4 b8 00 00 00 c3 eb e4 eb e2 cc cc cc
0x00007ffc99e8086d:   cc cc cc 48 81 ec b8 00 00 00 48 c7 44 24 28 fe
0x00007ffc99e8087d:   ff ff ff 48 8b 05 09 e4 53 00 48 33 c4 48 89 84
0x00007ffc99e8088d:   24 a8 00 00 00 48 89 4c 24 20 49 8b 00 49 8b c8
0x00007ffc99e8089d:   ff 50 78 90 48 8b 8c 24 a8 00 00 00 48 33 cc e8
0x00007ffc99e808ad:   ef db 1c 00 48 81 c4 b8 00 00 00 c3 32 c0 48 8b 


Stack slot to memory mapping:
stack at sp + 0 slots: 0x00000061ceafe4c0 is pointing into the stack for thread: 0x000001b2ba190d30
stack at sp + 1 slots: 0x000001b2a0ce9612 is at code_begin+1394 in an Interpreter codelet
return entry points  [0x000001b2a0ce90a0, 0x000001b2a0ce9ba0]  2816 bytes
stack at sp + 2 slots: 0x000001b2a0ce9612 is at code_begin+1394 in an Interpreter codelet
return entry points  [0x000001b2a0ce90a0, 0x000001b2a0ce9ba0]  2816 bytes
stack at sp + 3 slots: 0x0000000721314c10 is an oop: ui.data.design.R 
{0x0000000721314c10} - klass: 'ui/data/design/R'
 - ---- fields (total size 3 words):
 - protected 'dOP' 'J' @16  1867273376272 (c22a9210 1b2)
stack at sp + 4 slots: 0x000001b2ba190fd8 points into unknown readable memory: 0x00007ffca66b17e0 | e0 17 6b a6 fc 7f 00 00
stack at sp + 5 slots: 0xfffffffffffffffe is an unknown value
stack at sp + 6 slots: 0x000001b2b5d1fca5 is pointing into metadata
stack at sp + 7 slots: 0x00000061ceafe4d8 is pointing into the stack for thread: 0x000001b2ba190d30


---------------  P R O C E S S  ---------------

Threads class SMR info:
_java_thread_list=0x000001b2c8b744a0, length=47, elements={
0x000001b2914d22c0, 0x000001b2917d0590, 0x000001b2917d2cc0, 0x000001b2917f24d0,
0x000001b2917f96a0, 0x000001b2917fa370, 0x000001b2917fd450, 0x000001b2917fe520,
0x000001b291815fe0, 0x000001b29181d950, 0x000001b291ac3410, 0x000001b291ac9920,
0x000001b2b983ce40, 0x000001b2b9389590, 0x000001b2b9927f50, 0x000001b2bab2f470,
0x000001b2ba190d30, 0x000001b2857ac9c0, 0x000001b2857ac4f0, 0x000001b2857aa810,
0x000001b2b9d5d180, 0x000001b2ba7fb010, 0x000001b2ba7f9cd0, 0x000001b2bd0836e0,
0x000001b2c6f6f4b0, 0x000001b2c6f754f0, 0x000001b2c5611800, 0x000001b2d634de40,
0x000001b2d6350e60, 0x000001b2d6352b40, 0x000001b2d63551c0, 0x000001b2d6353010,
0x000001b2d6356030, 0x000001b2d6355690, 0x000001b2d6354cf0, 0x000001b2d6355b60,
0x000001b2d6356500, 0x000001b2d63569d0, 0x000001b2d6354350, 0x000001b2d63539b0,
0x000001b2d6354820, 0x000001b2d6353e80, 0x000001b2857aace0, 0x000001b2c56151c0,
0x000001b2ddcf3180, 0x000001b2db74c6f0, 0x000001b2db74bcd0
}

Java Threads: ( => current thread )
  0x000001b2914d22c0 JavaThread "main" [_thread_blocked, id=39448, stack(0x00000061c4500000,0x00000061c4600000)]
  0x000001b2917d0590 JavaThread "Reference Handler" daemon [_thread_blocked, id=23984, stack(0x00000061c4d00000,0x00000061c5700000)]
  0x000001b2917d2cc0 JavaThread "Finalizer" daemon [_thread_blocked, id=29916, stack(0x00000061c5700000,0x00000061c6100000)]
  0x000001b2917f24d0 JavaThread "Signal Dispatcher" daemon [_thread_blocked, id=39084, stack(0x00000061c6100000,0x00000061c6b00000)]
  0x000001b2917f96a0 JavaThread "Attach Listener" daemon [_thread_blocked, id=36888, stack(0x00000061c6b00000,0x00000061c7500000)]
  0x000001b2917fa370 JavaThread "Service Thread" daemon [_thread_blocked, id=37428, stack(0x00000061c7500000,0x00000061c7f00000)]
  0x000001b2917fd450 JavaThread "Monitor Deflation Thread" daemon [_thread_blocked, id=36256, stack(0x00000061c7f00000,0x00000061c8900000)]
  0x000001b2917fe520 JavaThread "C2 CompilerThread0" daemon [_thread_blocked, id=40428, stack(0x00000061c8900000,0x00000061c8a00000)]
  0x000001b291815fe0 JavaThread "C1 CompilerThread0" daemon [_thread_blocked, id=36712, stack(0x00000061c8a00000,0x00000061c8b00000)]
  0x000001b29181d950 JavaThread "Sweeper thread" daemon [_thread_blocked, id=14448, stack(0x00000061c8b00000,0x00000061c9500000)]
  0x000001b291ac3410 JavaThread "Common-Cleaner" daemon [_thread_blocked, id=29156, stack(0x00000061c9800000,0x00000061ca200000)]
  0x000001b291ac9920 JavaThread "Notification Thread" daemon [_thread_blocked, id=32656, stack(0x00000061ca200000,0x00000061cac00000)]
  0x000001b2b983ce40 JavaThread "Java2D Disposer" daemon [_thread_blocked, id=36524, stack(0x00000061cae00000,0x00000061cb800000)]
  0x000001b2b9389590 JavaThread "AWT-Windows" daemon [_thread_in_native, id=26988, stack(0x00000061cc200000,0x00000061ccc00000)]
  0x000001b2b9927f50 JavaThread "TimerQueue" daemon [_thread_blocked, id=30492, stack(0x00000061cb800000,0x00000061cc200000)]
  0x000001b2bab2f470 JavaThread "AWT-Shutdown" [_thread_blocked, id=26456, stack(0x00000061cd700000,0x00000061ce100000)]
=>0x000001b2ba190d30 JavaThread "AWT-EventQueue-0" [_thread_in_native, id=12276, stack(0x00000061ce100000,0x00000061ceb00000)]
  0x000001b2857ac9c0 JavaThread "Thread-1" [_thread_in_native, id=31908, stack(0x00000061c2b00000,0x00000061c3f00000)]
  0x000001b2857ac4f0 JavaThread "Process Messages Thread" [_thread_blocked, id=32580, stack(0x00000061d0600000,0x00000061d1000000)]
  0x000001b2857aa810 JavaThread "Batik CleanerThread" daemon [_thread_blocked, id=12852, stack(0x00000061cfa00000,0x00000061d0400000)]
  0x000001b2b9d5d180 JavaThread "SyntheticaCleanerThread" daemon [_thread_blocked, id=6328, stack(0x00000061d1c00000,0x00000061d2600000)]
  0x000001b2ba7fb010 JavaThread "Timer-0" [_thread_blocked, id=36252, stack(0x00000061ceb00000,0x00000061cf500000)]
  0x000001b2ba7f9cd0 JavaThread "Monitor File Timestamp Swing Worker Thread" [_thread_blocked, id=42016, stack(0x00000061d2600000,0x00000061d3000000)]
  0x000001b2bd0836e0 JavaThread "Monitor HEventQueue Thread" [_thread_blocked, id=41104, stack(0x00000061d3100000,0x00000061d3b00000)]
  0x000001b2c6f6f4b0 JavaThread "SyntheticaAnimation 50" daemon [_thread_blocked, id=6340, stack(0x00000061d4e00000,0x00000061d5800000)]
  0x000001b2c6f754f0 JavaThread "SyntheticaAnimation 25" daemon [_thread_blocked, id=5372, stack(0x00000061d5800000,0x00000061d6200000)]
  0x000001b2c5611800 JavaThread "SyntheticaAnimation 70" daemon [_thread_blocked, id=27632, stack(0x00000061d6c00000,0x00000061d7600000)]
  0x000001b2d634de40 JavaThread "Refresh Filesets Swing Worker Thread" [_thread_blocked, id=5164, stack(0x00000061d1000000,0x00000061d1a00000)]
  0x000001b2d6350e60 JavaThread "hw_ila_monitor" [_thread_blocked, id=36192, stack(0x00000061d3b00000,0x00000061d4500000)]
  0x000001b2d6352b40 JavaThread "pool-2-thread-1" [_thread_blocked, id=35044, stack(0x00000061d8a00000,0x00000061d9400000)]
  0x000001b2d63551c0 JavaThread "Timer-1" [_thread_blocked, id=40076, stack(0x00000061d9400000,0x00000061d9e00000)]
  0x000001b2d6353010 JavaThread "pool-3-thread-1" [_thread_blocked, id=42708, stack(0x00000061d9e00000,0x00000061da800000)]
  0x000001b2d6356030 JavaThread "Timer-2" [_thread_blocked, id=42180, stack(0x00000061da800000,0x00000061db200000)]
  0x000001b2d6355690 JavaThread "pool-4-thread-1" [_thread_blocked, id=23632, stack(0x00000061db200000,0x00000061dbc00000)]
  0x000001b2d6354cf0 JavaThread "Timer-3" [_thread_blocked, id=11904, stack(0x00000061dbc00000,0x00000061dc600000)]
  0x000001b2d6355b60 JavaThread "pool-5-thread-1" [_thread_blocked, id=41124, stack(0x00000061dc600000,0x00000061dd000000)]
  0x000001b2d6356500 JavaThread "Timer-4" [_thread_blocked, id=2852, stack(0x00000061dd000000,0x00000061dda00000)]
  0x000001b2d63569d0 JavaThread "pool-6-thread-1" [_thread_blocked, id=34548, stack(0x00000061dda00000,0x00000061de400000)]
  0x000001b2d6354350 JavaThread "Timer-5" [_thread_blocked, id=6408, stack(0x00000061de400000,0x00000061dee00000)]
  0x000001b2d63539b0 JavaThread "pool-7-thread-1" [_thread_blocked, id=29028, stack(0x00000061dee00000,0x00000061df800000)]
  0x000001b2d6354820 JavaThread "Timer-6" [_thread_blocked, id=37892, stack(0x00000061df800000,0x00000061e0200000)]
  0x000001b2d6353e80 JavaThread "pool-8-thread-1" [_thread_blocked, id=38480, stack(0x00000061e0200000,0x00000061e0c00000)]
  0x000001b2857aace0 JavaThread "Timer-7" [_thread_blocked, id=15364, stack(0x00000061e0c00000,0x00000061e1600000)]
  0x000001b2c56151c0 JavaThread "Update Runs Swing Worker Thread" [_thread_blocked, id=30792, stack(0x00000061e2000000,0x00000061e2a00000)]
  0x000001b2ddcf3180 JavaThread "Image Fetcher 3" daemon [_thread_blocked, id=3056, stack(0x00000061d6200000,0x00000061d6c00000)]
  0x000001b2db74c6f0 JavaThread "C2 CompilerThread1" daemon [_thread_blocked, id=31992, stack(0x00000061c2800000,0x00000061c2900000)]
  0x000001b2db74bcd0 JavaThread "C2 CompilerThread2" daemon [_thread_blocked, id=14384, stack(0x00000061c2900000,0x00000061c2a00000)]

Other Threads:
  0x000001b28f1b2cc0 VMThread "VM Thread" [stack: 0x00000061c4c00000,0x00000061c4d00000] [id=24124]
  0x000001b291591260 WatcherThread [stack: 0x00000061cac00000,0x00000061cad00000] [id=1636]
  0x000001b28e50b6d0 GCTaskThread "GC Thread#0" [stack: 0x00000061c4600000,0x00000061c4700000] [id=18420]
  0x000001b28e50b420 GCTaskThread "GC Thread#1" [stack: 0x00000061cad00000,0x00000061cae00000] [id=9132]
  0x000001b28e50c440 GCTaskThread "GC Thread#2" [stack: 0x00000061ccc00000,0x00000061ccd00000] [id=14116]
  0x000001b28e50c6f0 GCTaskThread "GC Thread#3" [stack: 0x00000061ccd00000,0x00000061cce00000] [id=4368]
  0x000001b28e50cc50 GCTaskThread "GC Thread#4" [stack: 0x00000061cce00000,0x00000061ccf00000] [id=7772]
  0x000001b28e50d460 GCTaskThread "GC Thread#5" [stack: 0x00000061ccf00000,0x00000061cd000000] [id=16744]
  0x000001b28e50d710 GCTaskThread "GC Thread#6" [stack: 0x00000061cd000000,0x00000061cd100000] [id=1952]
  0x000001b28e509ea0 GCTaskThread "GC Thread#7" [stack: 0x00000061cd100000,0x00000061cd200000] [id=1588]
  0x000001b28e50df20 GCTaskThread "GC Thread#8" [stack: 0x00000061cd200000,0x00000061cd300000] [id=15404]
  0x000001b28e50a150 GCTaskThread "GC Thread#9" [stack: 0x00000061cd300000,0x00000061cd400000] [id=27864]
  0x000001b28e50e730 GCTaskThread "GC Thread#10" [stack: 0x00000061cd400000,0x00000061cd500000] [id=26176]
  0x000001b28e50e1d0 GCTaskThread "GC Thread#11" [stack: 0x00000061cd500000,0x00000061cd600000] [id=8080]
  0x000001b28e50ec90 GCTaskThread "GC Thread#12" [stack: 0x00000061cd600000,0x00000061cd700000] [id=8012]
  0x000001b28f33b1e0 ConcurrentGCThread "G1 Main Marker" [stack: 0x00000061c4700000,0x00000061c4800000] [id=34392]
  0x000001b28e50bee0 ConcurrentGCThread "G1 Conc#0" [stack: 0x00000061c4800000,0x00000061c4900000] [id=21248]
  0x000001b28e50f1f0 ConcurrentGCThread "G1 Conc#1" [stack: 0x00000061cf800000,0x00000061cf900000] [id=11052]
  0x000001b28e50f750 ConcurrentGCThread "G1 Conc#2" [stack: 0x00000061cf900000,0x00000061cfa00000] [id=34424]
  0x000001b28ebf4b00 ConcurrentGCThread "G1 Refine#0" [stack: 0x00000061c4900000,0x00000061c4a00000] [id=40952]
  0x000001b28d8708b0 ConcurrentGCThread "G1 Service" [stack: 0x00000061c4a00000,0x00000061c4b00000] [id=37356]
  0x000001b28e50a400 ConcurrentGCThread "StringDedupProcessor" [stack: 0x00000061c4b00000,0x00000061c4c00000] [id=36800]

Threads with active compile tasks:

VM state: not at safepoint (normal execution)

VM Mutex/Monitor currently owned by a thread: None

Heap address: 0x0000000701800000, size: 4072 MB, Compressed Oops mode: Zero based, Oop shift amount: 3

CDS archive(s) mapped at: [0x0000000800000000-0x0000000800bc0000-0x0000000800bc0000), size 12320768, SharedBaseAddress: 0x0000000800000000, ArchiveRelocationMode: 0.
Compressed class space mapped at: 0x0000000801000000-0x0000000841000000, reserved size: 1073741824
Narrow klass base: 0x0000000800000000, Narrow klass shift: 0, Narrow klass range: 0x100000000

GC Precious Log:
 CPUs: 16 total, 16 available
 Memory: 16069M
 Large Page Support: Disabled
 NUMA Support: Disabled
 Compressed Oops: Enabled (Zero based)
 Heap Region Size: 2M
 Heap Min Capacity: 512M
 Heap Initial Capacity: 512M
 Heap Max Capacity: 4072M
 Pre-touch: Disabled
 Parallel Workers: 13
 Concurrent Workers: 3
 Concurrent Refinement Workers: 13
 Periodic GC: Disabled
 String Deduplication is enabled

Heap:
 garbage-first heap   total 524288K, used 102718K [0x0000000701800000, 0x0000000800000000)
  region size 2048K, 14 young (28672K), 3 survivors (6144K)
 Metaspace       used 78576K, committed 79168K, reserved 1179648K
  class space    used 10955K, committed 11264K, reserved 1048576K

Heap Regions: E=young(eden), S=young(survivor), O=old, HS=humongous(starts), HC=humongous(continues), CS=collection set, F=free, OA=open archive, CA=closed archive, TAMS=top-at-mark-start (previous, next)
|   0|0x0000000701800000, 0x0000000701a00000, 0x0000000701a00000|100%|HS|  |TAMS 0x0000000701a00000, 0x0000000701800000| Untracked 
|   1|0x0000000701a00000, 0x0000000701c00000, 0x0000000701c00000|100%| O|  |TAMS 0x0000000701c00000, 0x0000000701a00000| Untracked 
|   2|0x0000000701c00000, 0x0000000701e00000, 0x0000000701e00000|100%| O|  |TAMS 0x0000000701e00000, 0x0000000701c00000| Untracked 
|   3|0x0000000701e00000, 0x0000000701fe8d50, 0x0000000702000000| 95%| O|  |TAMS 0x0000000701fe8d50, 0x0000000701e00000| Untracked 
|   4|0x0000000702000000, 0x00000007021e7e48, 0x0000000702200000| 95%| O|  |TAMS 0x0000000702000000, 0x0000000702000000| Untracked 
|   5|0x0000000702200000, 0x00000007023fffe8, 0x0000000702400000| 99%| O|  |TAMS 0x00000007023fffe8, 0x0000000702200000| Untracked 
|   6|0x0000000702400000, 0x00000007025ffff8, 0x0000000702600000| 99%| O|  |TAMS 0x00000007025ffff8, 0x0000000702400000| Untracked 
|   7|0x0000000702600000, 0x00000007027ff198, 0x0000000702800000| 99%| O|  |TAMS 0x00000007027ff198, 0x0000000702600000| Untracked 
|   8|0x0000000702800000, 0x00000007029fffc8, 0x0000000702a00000| 99%| O|  |TAMS 0x00000007029fffc8, 0x0000000702800000| Untracked 
|   9|0x0000000702a00000, 0x0000000702c00000, 0x0000000702c00000|100%| O|  |TAMS 0x0000000702c00000, 0x0000000702a00000| Untracked 
|  10|0x0000000702c00000, 0x0000000702e00000, 0x0000000702e00000|100%| O|  |TAMS 0x0000000702e00000, 0x0000000702c00000| Untracked 
|  11|0x0000000702e00000, 0x0000000702ffd600, 0x0000000703000000| 99%| O|  |TAMS 0x0000000702ffd600, 0x0000000702e00000| Untracked 
|  12|0x0000000703000000, 0x00000007031ffff0, 0x0000000703200000| 99%| O|  |TAMS 0x0000000703000000, 0x0000000703000000| Untracked 
|  13|0x0000000703200000, 0x0000000703400000, 0x0000000703400000|100%| O|  |TAMS 0x0000000703400000, 0x0000000703200000| Untracked 
|  14|0x0000000703400000, 0x0000000703600000, 0x0000000703600000|100%| O|  |TAMS 0x0000000703600000, 0x0000000703400000| Untracked 
|  15|0x0000000703600000, 0x00000007037fffe8, 0x0000000703800000| 99%| O|  |TAMS 0x0000000703600000, 0x0000000703600000| Untracked 
|  16|0x0000000703800000, 0x0000000703959470, 0x0000000703a00000| 67%| O|  |TAMS 0x0000000703800000, 0x0000000703800000| Untracked 
|  17|0x0000000703a00000, 0x0000000703c00000, 0x0000000703c00000|100%|HS|  |TAMS 0x0000000703c00000, 0x0000000703a00000| Untracked 
|  18|0x0000000703c00000, 0x0000000703e00000, 0x0000000703e00000|100%|HC|  |TAMS 0x0000000703e00000, 0x0000000703c00000| Untracked 
|  19|0x0000000703e00000, 0x0000000704000000, 0x0000000704000000|100%|HC|  |TAMS 0x0000000704000000, 0x0000000703e00000| Untracked 
|  20|0x0000000704000000, 0x0000000704200000, 0x0000000704200000|100%|HC|  |TAMS 0x0000000704200000, 0x0000000704000000| Untracked 
|  21|0x0000000704200000, 0x0000000704400000, 0x0000000704400000|100%|HC|  |TAMS 0x0000000704400000, 0x0000000704200000| Untracked 
|  22|0x0000000704400000, 0x0000000704600000, 0x0000000704600000|100%|HC|  |TAMS 0x0000000704600000, 0x0000000704400000| Untracked 
|  23|0x0000000704600000, 0x00000007047f89d8, 0x0000000704800000| 98%| O|  |TAMS 0x0000000704600000, 0x0000000704600000| Untracked 
|  24|0x0000000704800000, 0x00000007049ffe20, 0x0000000704a00000| 99%| O|  |TAMS 0x0000000704800000, 0x0000000704800000| Untracked 
|  25|0x0000000704a00000, 0x0000000704c00000, 0x0000000704c00000|100%| O|  |TAMS 0x0000000704c00000, 0x0000000704a00000| Untracked 
|  26|0x0000000704c00000, 0x0000000704dad350, 0x0000000704e00000| 83%| O|  |TAMS 0x0000000704c00000, 0x0000000704c00000| Untracked 
|  27|0x0000000704e00000, 0x0000000705000000, 0x0000000705000000|100%|HS|  |TAMS 0x0000000705000000, 0x0000000704e00000| Untracked 
|  28|0x0000000705000000, 0x0000000705200000, 0x0000000705200000|100%|HC|  |TAMS 0x0000000705200000, 0x0000000705000000| Untracked 
|  29|0x0000000705200000, 0x0000000705400000, 0x0000000705400000|100%|HC|  |TAMS 0x0000000705400000, 0x0000000705200000| Untracked 
|  30|0x0000000705400000, 0x0000000705600000, 0x0000000705600000|100%|HC|  |TAMS 0x0000000705600000, 0x0000000705400000| Untracked 
|  31|0x0000000705600000, 0x00000007057636c8, 0x0000000705800000| 69%| O|  |TAMS 0x0000000705600000, 0x0000000705600000| Untracked 
|  32|0x0000000705800000, 0x0000000705a00000, 0x0000000705a00000|100%| O|  |TAMS 0x0000000705a00000, 0x0000000705800000| Untracked 
|  33|0x0000000705a00000, 0x0000000705c00000, 0x0000000705c00000|100%| O|  |TAMS 0x0000000705c00000, 0x0000000705a00000| Untracked 
|  34|0x0000000705c00000, 0x0000000705c478e0, 0x0000000705e00000| 13%| O|  |TAMS 0x0000000705c00000, 0x0000000705c00000| Untracked 
|  35|0x0000000705e00000, 0x0000000705e00000, 0x0000000706000000|  0%| F|  |TAMS 0x0000000705e00000, 0x0000000705e00000| Untracked 
|  36|0x0000000706000000, 0x0000000706065208, 0x0000000706200000| 19%| O|  |TAMS 0x0000000706000000, 0x0000000706000000| Untracked 
|  37|0x0000000706200000, 0x0000000706200000, 0x0000000706400000|  0%| F|  |TAMS 0x0000000706200000, 0x0000000706200000| Untracked 
|  38|0x0000000706400000, 0x0000000706400000, 0x0000000706600000|  0%| F|  |TAMS 0x0000000706400000, 0x0000000706400000| Untracked 
|  39|0x0000000706600000, 0x0000000706600000, 0x0000000706800000|  0%| F|  |TAMS 0x0000000706600000, 0x0000000706600000| Untracked 
|  40|0x0000000706800000, 0x0000000706800000, 0x0000000706a00000|  0%| F|  |TAMS 0x0000000706800000, 0x0000000706800000| Untracked 
|  41|0x0000000706a00000, 0x0000000706a00000, 0x0000000706c00000|  0%| F|  |TAMS 0x0000000706a00000, 0x0000000706a00000| Untracked 
|  42|0x0000000706c00000, 0x0000000706c00000, 0x0000000706e00000|  0%| F|  |TAMS 0x0000000706c00000, 0x0000000706c00000| Untracked 
|  43|0x0000000706e00000, 0x0000000706e00000, 0x0000000707000000|  0%| F|  |TAMS 0x0000000706e00000, 0x0000000706e00000| Untracked 
|  44|0x0000000707000000, 0x0000000707000000, 0x0000000707200000|  0%| F|  |TAMS 0x0000000707000000, 0x0000000707000000| Untracked 
|  45|0x0000000707200000, 0x0000000707200000, 0x0000000707400000|  0%| F|  |TAMS 0x0000000707200000, 0x0000000707200000| Untracked 
|  46|0x0000000707400000, 0x0000000707400000, 0x0000000707600000|  0%| F|  |TAMS 0x0000000707400000, 0x0000000707400000| Untracked 
|  47|0x0000000707600000, 0x0000000707600000, 0x0000000707800000|  0%| F|  |TAMS 0x0000000707600000, 0x0000000707600000| Untracked 
|  48|0x0000000707800000, 0x0000000707800000, 0x0000000707a00000|  0%| F|  |TAMS 0x0000000707800000, 0x0000000707800000| Untracked 
|  49|0x0000000707a00000, 0x0000000707a00000, 0x0000000707c00000|  0%| F|  |TAMS 0x0000000707a00000, 0x0000000707a00000| Untracked 
|  50|0x0000000707c00000, 0x0000000707c00000, 0x0000000707e00000|  0%| F|  |TAMS 0x0000000707c00000, 0x0000000707c00000| Untracked 
|  51|0x0000000707e00000, 0x0000000707e00000, 0x0000000708000000|  0%| F|  |TAMS 0x0000000707e00000, 0x0000000707e00000| Untracked 
|  52|0x0000000708000000, 0x0000000708000000, 0x0000000708200000|  0%| F|  |TAMS 0x0000000708000000, 0x0000000708000000| Untracked 
|  53|0x0000000708200000, 0x0000000708200000, 0x0000000708400000|  0%| F|  |TAMS 0x0000000708200000, 0x0000000708200000| Untracked 
|  54|0x0000000708400000, 0x0000000708400000, 0x0000000708600000|  0%| F|  |TAMS 0x0000000708400000, 0x0000000708400000| Untracked 
|  55|0x0000000708600000, 0x0000000708600000, 0x0000000708800000|  0%| F|  |TAMS 0x0000000708600000, 0x0000000708600000| Untracked 
|  56|0x0000000708800000, 0x0000000708800000, 0x0000000708a00000|  0%| F|  |TAMS 0x0000000708800000, 0x0000000708800000| Untracked 
|  57|0x0000000708a00000, 0x0000000708a00000, 0x0000000708c00000|  0%| F|  |TAMS 0x0000000708a00000, 0x0000000708a00000| Untracked 
|  58|0x0000000708c00000, 0x0000000708c00000, 0x0000000708e00000|  0%| F|  |TAMS 0x0000000708c00000, 0x0000000708c00000| Untracked 
|  59|0x0000000708e00000, 0x0000000708e00000, 0x0000000709000000|  0%| F|  |TAMS 0x0000000708e00000, 0x0000000708e00000| Untracked 
|  60|0x0000000709000000, 0x0000000709000000, 0x0000000709200000|  0%| F|  |TAMS 0x0000000709000000, 0x0000000709000000| Untracked 
|  61|0x0000000709200000, 0x0000000709200000, 0x0000000709400000|  0%| F|  |TAMS 0x0000000709200000, 0x0000000709200000| Untracked 
|  62|0x0000000709400000, 0x0000000709400000, 0x0000000709600000|  0%| F|  |TAMS 0x0000000709400000, 0x0000000709400000| Untracked 
|  63|0x0000000709600000, 0x0000000709600000, 0x0000000709800000|  0%| F|  |TAMS 0x0000000709600000, 0x0000000709600000| Untracked 
|  64|0x0000000709800000, 0x0000000709800000, 0x0000000709a00000|  0%| F|  |TAMS 0x0000000709800000, 0x0000000709800000| Untracked 
|  65|0x0000000709a00000, 0x0000000709a00000, 0x0000000709c00000|  0%| F|  |TAMS 0x0000000709a00000, 0x0000000709a00000| Untracked 
|  66|0x0000000709c00000, 0x0000000709c00000, 0x0000000709e00000|  0%| F|  |TAMS 0x0000000709c00000, 0x0000000709c00000| Untracked 
|  67|0x0000000709e00000, 0x0000000709e00000, 0x000000070a000000|  0%| F|  |TAMS 0x0000000709e00000, 0x0000000709e00000| Untracked 
|  68|0x000000070a000000, 0x000000070a000000, 0x000000070a200000|  0%| F|  |TAMS 0x000000070a000000, 0x000000070a000000| Untracked 
|  69|0x000000070a200000, 0x000000070a200000, 0x000000070a400000|  0%| F|  |TAMS 0x000000070a200000, 0x000000070a200000| Untracked 
|  70|0x000000070a400000, 0x000000070a400000, 0x000000070a600000|  0%| F|  |TAMS 0x000000070a400000, 0x000000070a400000| Untracked 
|  71|0x000000070a600000, 0x000000070a600000, 0x000000070a800000|  0%| F|  |TAMS 0x000000070a600000, 0x000000070a600000| Untracked 
|  72|0x000000070a800000, 0x000000070a800000, 0x000000070aa00000|  0%| F|  |TAMS 0x000000070a800000, 0x000000070a800000| Untracked 
|  73|0x000000070aa00000, 0x000000070aa00000, 0x000000070ac00000|  0%| F|  |TAMS 0x000000070aa00000, 0x000000070aa00000| Untracked 
|  74|0x000000070ac00000, 0x000000070ac00000, 0x000000070ae00000|  0%| F|  |TAMS 0x000000070ac00000, 0x000000070ac00000| Untracked 
|  75|0x000000070ae00000, 0x000000070ae00000, 0x000000070b000000|  0%| F|  |TAMS 0x000000070ae00000, 0x000000070ae00000| Untracked 
|  76|0x000000070b000000, 0x000000070b000000, 0x000000070b200000|  0%| F|  |TAMS 0x000000070b000000, 0x000000070b000000| Untracked 
|  77|0x000000070b200000, 0x000000070b200000, 0x000000070b400000|  0%| F|  |TAMS 0x000000070b200000, 0x000000070b200000| Untracked 
|  78|0x000000070b400000, 0x000000070b400000, 0x000000070b600000|  0%| F|  |TAMS 0x000000070b400000, 0x000000070b400000| Untracked 
|  79|0x000000070b600000, 0x000000070b600000, 0x000000070b800000|  0%| F|  |TAMS 0x000000070b600000, 0x000000070b600000| Untracked 
|  80|0x000000070b800000, 0x000000070b800000, 0x000000070ba00000|  0%| F|  |TAMS 0x000000070b800000, 0x000000070b800000| Untracked 
|  81|0x000000070ba00000, 0x000000070ba00000, 0x000000070bc00000|  0%| F|  |TAMS 0x000000070ba00000, 0x000000070ba00000| Untracked 
|  82|0x000000070bc00000, 0x000000070bc00000, 0x000000070be00000|  0%| F|  |TAMS 0x000000070bc00000, 0x000000070bc00000| Untracked 
|  83|0x000000070be00000, 0x000000070be00000, 0x000000070c000000|  0%| F|  |TAMS 0x000000070be00000, 0x000000070be00000| Untracked 
|  84|0x000000070c000000, 0x000000070c000000, 0x000000070c200000|  0%| F|  |TAMS 0x000000070c000000, 0x000000070c000000| Untracked 
|  85|0x000000070c200000, 0x000000070c200000, 0x000000070c400000|  0%| F|  |TAMS 0x000000070c200000, 0x000000070c200000| Untracked 
|  86|0x000000070c400000, 0x000000070c400000, 0x000000070c600000|  0%| F|  |TAMS 0x000000070c400000, 0x000000070c400000| Untracked 
|  87|0x000000070c600000, 0x000000070c600000, 0x000000070c800000|  0%| F|  |TAMS 0x000000070c600000, 0x000000070c600000| Untracked 
|  88|0x000000070c800000, 0x000000070c800000, 0x000000070ca00000|  0%| F|  |TAMS 0x000000070c800000, 0x000000070c800000| Untracked 
|  89|0x000000070ca00000, 0x000000070ca00000, 0x000000070cc00000|  0%| F|  |TAMS 0x000000070ca00000, 0x000000070ca00000| Untracked 
|  90|0x000000070cc00000, 0x000000070cc00000, 0x000000070ce00000|  0%| F|  |TAMS 0x000000070cc00000, 0x000000070cc00000| Untracked 
|  91|0x000000070ce00000, 0x000000070ce00000, 0x000000070d000000|  0%| F|  |TAMS 0x000000070ce00000, 0x000000070ce00000| Untracked 
|  92|0x000000070d000000, 0x000000070d000000, 0x000000070d200000|  0%| F|  |TAMS 0x000000070d000000, 0x000000070d000000| Untracked 
|  93|0x000000070d200000, 0x000000070d200000, 0x000000070d400000|  0%| F|  |TAMS 0x000000070d200000, 0x000000070d200000| Untracked 
|  94|0x000000070d400000, 0x000000070d400000, 0x000000070d600000|  0%| F|  |TAMS 0x000000070d400000, 0x000000070d400000| Untracked 
|  95|0x000000070d600000, 0x000000070d600000, 0x000000070d800000|  0%| F|  |TAMS 0x000000070d600000, 0x000000070d600000| Untracked 
|  96|0x000000070d800000, 0x000000070d800000, 0x000000070da00000|  0%| F|  |TAMS 0x000000070d800000, 0x000000070d800000| Untracked 
|  97|0x000000070da00000, 0x000000070da00000, 0x000000070dc00000|  0%| F|  |TAMS 0x000000070da00000, 0x000000070da00000| Untracked 
|  98|0x000000070dc00000, 0x000000070dc00000, 0x000000070de00000|  0%| F|  |TAMS 0x000000070dc00000, 0x000000070dc00000| Untracked 
|  99|0x000000070de00000, 0x000000070de00000, 0x000000070e000000|  0%| F|  |TAMS 0x000000070de00000, 0x000000070de00000| Untracked 
| 100|0x000000070e000000, 0x000000070e000000, 0x000000070e200000|  0%| F|  |TAMS 0x000000070e000000, 0x000000070e000000| Untracked 
| 101|0x000000070e200000, 0x000000070e200000, 0x000000070e400000|  0%| F|  |TAMS 0x000000070e200000, 0x000000070e200000| Untracked 
| 102|0x000000070e400000, 0x000000070e400000, 0x000000070e600000|  0%| F|  |TAMS 0x000000070e400000, 0x000000070e400000| Untracked 
| 103|0x000000070e600000, 0x000000070e600000, 0x000000070e800000|  0%| F|  |TAMS 0x000000070e600000, 0x000000070e600000| Untracked 
| 104|0x000000070e800000, 0x000000070e800000, 0x000000070ea00000|  0%| F|  |TAMS 0x000000070e800000, 0x000000070e800000| Untracked 
| 105|0x000000070ea00000, 0x000000070ea00000, 0x000000070ec00000|  0%| F|  |TAMS 0x000000070ea00000, 0x000000070ea00000| Untracked 
| 106|0x000000070ec00000, 0x000000070ec00000, 0x000000070ee00000|  0%| F|  |TAMS 0x000000070ec00000, 0x000000070ec00000| Untracked 
| 107|0x000000070ee00000, 0x000000070ee00000, 0x000000070f000000|  0%| F|  |TAMS 0x000000070ee00000, 0x000000070ee00000| Untracked 
| 108|0x000000070f000000, 0x000000070f000000, 0x000000070f200000|  0%| F|  |TAMS 0x000000070f000000, 0x000000070f000000| Untracked 
| 109|0x000000070f200000, 0x000000070f200000, 0x000000070f400000|  0%| F|  |TAMS 0x000000070f200000, 0x000000070f200000| Untracked 
| 110|0x000000070f400000, 0x000000070f400000, 0x000000070f600000|  0%| F|  |TAMS 0x000000070f400000, 0x000000070f400000| Untracked 
| 111|0x000000070f600000, 0x000000070f600000, 0x000000070f800000|  0%| F|  |TAMS 0x000000070f600000, 0x000000070f600000| Untracked 
| 112|0x000000070f800000, 0x000000070f800000, 0x000000070fa00000|  0%| F|  |TAMS 0x000000070f800000, 0x000000070f800000| Untracked 
| 113|0x000000070fa00000, 0x000000070fa00000, 0x000000070fc00000|  0%| F|  |TAMS 0x000000070fa00000, 0x000000070fa00000| Untracked 
| 114|0x000000070fc00000, 0x000000070fc00000, 0x000000070fe00000|  0%| F|  |TAMS 0x000000070fc00000, 0x000000070fc00000| Untracked 
| 115|0x000000070fe00000, 0x000000070fe00000, 0x0000000710000000|  0%| F|  |TAMS 0x000000070fe00000, 0x000000070fe00000| Untracked 
| 116|0x0000000710000000, 0x0000000710000000, 0x0000000710200000|  0%| F|  |TAMS 0x0000000710000000, 0x0000000710000000| Untracked 
| 117|0x0000000710200000, 0x0000000710200000, 0x0000000710400000|  0%| F|  |TAMS 0x0000000710200000, 0x0000000710200000| Untracked 
| 118|0x0000000710400000, 0x0000000710400000, 0x0000000710600000|  0%| F|  |TAMS 0x0000000710400000, 0x0000000710400000| Untracked 
| 119|0x0000000710600000, 0x0000000710600000, 0x0000000710800000|  0%| F|  |TAMS 0x0000000710600000, 0x0000000710600000| Untracked 
| 120|0x0000000710800000, 0x0000000710800000, 0x0000000710a00000|  0%| F|  |TAMS 0x0000000710800000, 0x0000000710800000| Untracked 
| 121|0x0000000710a00000, 0x0000000710a00000, 0x0000000710c00000|  0%| F|  |TAMS 0x0000000710a00000, 0x0000000710a00000| Untracked 
| 122|0x0000000710c00000, 0x0000000710c00000, 0x0000000710e00000|  0%| F|  |TAMS 0x0000000710c00000, 0x0000000710c00000| Untracked 
| 123|0x0000000710e00000, 0x0000000710e00000, 0x0000000711000000|  0%| F|  |TAMS 0x0000000710e00000, 0x0000000710e00000| Untracked 
| 124|0x0000000711000000, 0x0000000711000000, 0x0000000711200000|  0%| F|  |TAMS 0x0000000711000000, 0x0000000711000000| Untracked 
| 125|0x0000000711200000, 0x0000000711200000, 0x0000000711400000|  0%| F|  |TAMS 0x0000000711200000, 0x0000000711200000| Untracked 
| 126|0x0000000711400000, 0x0000000711400000, 0x0000000711600000|  0%| F|  |TAMS 0x0000000711400000, 0x0000000711400000| Untracked 
| 127|0x0000000711600000, 0x0000000711600000, 0x0000000711800000|  0%| F|  |TAMS 0x0000000711600000, 0x0000000711600000| Untracked 
| 128|0x0000000711800000, 0x0000000711800000, 0x0000000711a00000|  0%| F|  |TAMS 0x0000000711800000, 0x0000000711800000| Untracked 
| 129|0x0000000711a00000, 0x0000000711a00000, 0x0000000711c00000|  0%| F|  |TAMS 0x0000000711a00000, 0x0000000711a00000| Untracked 
| 130|0x0000000711c00000, 0x0000000711c00000, 0x0000000711e00000|  0%| F|  |TAMS 0x0000000711c00000, 0x0000000711c00000| Untracked 
| 131|0x0000000711e00000, 0x0000000711e00000, 0x0000000712000000|  0%| F|  |TAMS 0x0000000711e00000, 0x0000000711e00000| Untracked 
| 132|0x0000000712000000, 0x0000000712000000, 0x0000000712200000|  0%| F|  |TAMS 0x0000000712000000, 0x0000000712000000| Untracked 
| 133|0x0000000712200000, 0x0000000712200000, 0x0000000712400000|  0%| F|  |TAMS 0x0000000712200000, 0x0000000712200000| Untracked 
| 134|0x0000000712400000, 0x0000000712400000, 0x0000000712600000|  0%| F|  |TAMS 0x0000000712400000, 0x0000000712400000| Untracked 
| 135|0x0000000712600000, 0x0000000712600000, 0x0000000712800000|  0%| F|  |TAMS 0x0000000712600000, 0x0000000712600000| Untracked 
| 136|0x0000000712800000, 0x0000000712800000, 0x0000000712a00000|  0%| F|  |TAMS 0x0000000712800000, 0x0000000712800000| Untracked 
| 137|0x0000000712a00000, 0x0000000712a00000, 0x0000000712c00000|  0%| F|  |TAMS 0x0000000712a00000, 0x0000000712a00000| Untracked 
| 138|0x0000000712c00000, 0x0000000712c00000, 0x0000000712e00000|  0%| F|  |TAMS 0x0000000712c00000, 0x0000000712c00000| Untracked 
| 139|0x0000000712e00000, 0x0000000712e00000, 0x0000000713000000|  0%| F|  |TAMS 0x0000000712e00000, 0x0000000712e00000| Untracked 
| 140|0x0000000713000000, 0x0000000713000000, 0x0000000713200000|  0%| F|  |TAMS 0x0000000713000000, 0x0000000713000000| Untracked 
| 141|0x0000000713200000, 0x0000000713200000, 0x0000000713400000|  0%| F|  |TAMS 0x0000000713200000, 0x0000000713200000| Untracked 
| 142|0x0000000713400000, 0x0000000713400000, 0x0000000713600000|  0%| F|  |TAMS 0x0000000713400000, 0x0000000713400000| Untracked 
| 143|0x0000000713600000, 0x0000000713600000, 0x0000000713800000|  0%| F|  |TAMS 0x0000000713600000, 0x0000000713600000| Untracked 
| 144|0x0000000713800000, 0x0000000713800000, 0x0000000713a00000|  0%| F|  |TAMS 0x0000000713800000, 0x0000000713800000| Untracked 
| 145|0x0000000713a00000, 0x0000000713a00000, 0x0000000713c00000|  0%| F|  |TAMS 0x0000000713a00000, 0x0000000713a00000| Untracked 
| 146|0x0000000713c00000, 0x0000000713c00000, 0x0000000713e00000|  0%| F|  |TAMS 0x0000000713c00000, 0x0000000713c00000| Untracked 
| 147|0x0000000713e00000, 0x0000000713e00000, 0x0000000714000000|  0%| F|  |TAMS 0x0000000713e00000, 0x0000000713e00000| Untracked 
| 148|0x0000000714000000, 0x0000000714000000, 0x0000000714200000|  0%| F|  |TAMS 0x0000000714000000, 0x0000000714000000| Untracked 
| 149|0x0000000714200000, 0x0000000714200000, 0x0000000714400000|  0%| F|  |TAMS 0x0000000714200000, 0x0000000714200000| Untracked 
| 150|0x0000000714400000, 0x0000000714400000, 0x0000000714600000|  0%| F|  |TAMS 0x0000000714400000, 0x0000000714400000| Untracked 
| 151|0x0000000714600000, 0x0000000714600000, 0x0000000714800000|  0%| F|  |TAMS 0x0000000714600000, 0x0000000714600000| Untracked 
| 152|0x0000000714800000, 0x0000000714800000, 0x0000000714a00000|  0%| F|  |TAMS 0x0000000714800000, 0x0000000714800000| Untracked 
| 153|0x0000000714a00000, 0x0000000714a00000, 0x0000000714c00000|  0%| F|  |TAMS 0x0000000714a00000, 0x0000000714a00000| Untracked 
| 154|0x0000000714c00000, 0x0000000714c00000, 0x0000000714e00000|  0%| F|  |TAMS 0x0000000714c00000, 0x0000000714c00000| Untracked 
| 155|0x0000000714e00000, 0x0000000714e00000, 0x0000000715000000|  0%| F|  |TAMS 0x0000000714e00000, 0x0000000714e00000| Untracked 
| 156|0x0000000715000000, 0x0000000715000000, 0x0000000715200000|  0%| F|  |TAMS 0x0000000715000000, 0x0000000715000000| Untracked 
| 157|0x0000000715200000, 0x0000000715200000, 0x0000000715400000|  0%| F|  |TAMS 0x0000000715200000, 0x0000000715200000| Untracked 
| 158|0x0000000715400000, 0x0000000715400000, 0x0000000715600000|  0%| F|  |TAMS 0x0000000715400000, 0x0000000715400000| Untracked 
| 159|0x0000000715600000, 0x0000000715600000, 0x0000000715800000|  0%| F|  |TAMS 0x0000000715600000, 0x0000000715600000| Untracked 
| 160|0x0000000715800000, 0x0000000715800000, 0x0000000715a00000|  0%| F|  |TAMS 0x0000000715800000, 0x0000000715800000| Untracked 
| 161|0x0000000715a00000, 0x0000000715a00000, 0x0000000715c00000|  0%| F|  |TAMS 0x0000000715a00000, 0x0000000715a00000| Untracked 
| 162|0x0000000715c00000, 0x0000000715c00000, 0x0000000715e00000|  0%| F|  |TAMS 0x0000000715c00000, 0x0000000715c00000| Untracked 
| 163|0x0000000715e00000, 0x0000000715e00000, 0x0000000716000000|  0%| F|  |TAMS 0x0000000715e00000, 0x0000000715e00000| Untracked 
| 164|0x0000000716000000, 0x0000000716000000, 0x0000000716200000|  0%| F|  |TAMS 0x0000000716000000, 0x0000000716000000| Untracked 
| 165|0x0000000716200000, 0x0000000716200000, 0x0000000716400000|  0%| F|  |TAMS 0x0000000716200000, 0x0000000716200000| Untracked 
| 166|0x0000000716400000, 0x000000071646de10, 0x0000000716600000| 21%| O|  |TAMS 0x0000000716400000, 0x0000000716400000| Untracked 
| 167|0x0000000716600000, 0x0000000716600000, 0x0000000716800000|  0%| F|  |TAMS 0x0000000716600000, 0x0000000716600000| Untracked 
| 168|0x0000000716800000, 0x0000000716800000, 0x0000000716a00000|  0%| F|  |TAMS 0x0000000716800000, 0x0000000716800000| Untracked 
| 169|0x0000000716a00000, 0x0000000716a00000, 0x0000000716c00000|  0%| F|  |TAMS 0x0000000716a00000, 0x0000000716a00000| Untracked 
| 170|0x0000000716c00000, 0x0000000716c00000, 0x0000000716e00000|  0%| F|  |TAMS 0x0000000716c00000, 0x0000000716c00000| Untracked 
| 171|0x0000000716e00000, 0x0000000716e00000, 0x0000000717000000|  0%| F|  |TAMS 0x0000000716e00000, 0x0000000716e00000| Untracked 
| 172|0x0000000717000000, 0x0000000717000000, 0x0000000717200000|  0%| F|  |TAMS 0x0000000717000000, 0x0000000717000000| Untracked 
| 173|0x0000000717200000, 0x0000000717200000, 0x0000000717400000|  0%| F|  |TAMS 0x0000000717200000, 0x0000000717200000| Untracked 
| 174|0x0000000717400000, 0x0000000717400000, 0x0000000717600000|  0%| F|  |TAMS 0x0000000717400000, 0x0000000717400000| Untracked 
| 175|0x0000000717600000, 0x0000000717600000, 0x0000000717800000|  0%| F|  |TAMS 0x0000000717600000, 0x0000000717600000| Untracked 
| 176|0x0000000717800000, 0x0000000717800000, 0x0000000717a00000|  0%| F|  |TAMS 0x0000000717800000, 0x0000000717800000| Untracked 
| 177|0x0000000717a00000, 0x0000000717a00000, 0x0000000717c00000|  0%| F|  |TAMS 0x0000000717a00000, 0x0000000717a00000| Untracked 
| 178|0x0000000717c00000, 0x0000000717c00000, 0x0000000717e00000|  0%| F|  |TAMS 0x0000000717c00000, 0x0000000717c00000| Untracked 
| 179|0x0000000717e00000, 0x0000000717e00000, 0x0000000718000000|  0%| F|  |TAMS 0x0000000717e00000, 0x0000000717e00000| Untracked 
| 180|0x0000000718000000, 0x0000000718000000, 0x0000000718200000|  0%| F|  |TAMS 0x0000000718000000, 0x0000000718000000| Untracked 
| 181|0x0000000718200000, 0x0000000718200000, 0x0000000718400000|  0%| F|  |TAMS 0x0000000718200000, 0x0000000718200000| Untracked 
| 182|0x0000000718400000, 0x0000000718400000, 0x0000000718600000|  0%| F|  |TAMS 0x0000000718400000, 0x0000000718400000| Untracked 
| 183|0x0000000718600000, 0x0000000718600000, 0x0000000718800000|  0%| F|  |TAMS 0x0000000718600000, 0x0000000718600000| Untracked 
| 184|0x0000000718800000, 0x0000000718800000, 0x0000000718a00000|  0%| F|  |TAMS 0x0000000718800000, 0x0000000718800000| Untracked 
| 185|0x0000000718a00000, 0x0000000718a00000, 0x0000000718c00000|  0%| F|  |TAMS 0x0000000718a00000, 0x0000000718a00000| Untracked 
| 186|0x0000000718c00000, 0x0000000718c00000, 0x0000000718e00000|  0%| F|  |TAMS 0x0000000718c00000, 0x0000000718c00000| Untracked 
| 187|0x0000000718e00000, 0x0000000718e00000, 0x0000000719000000|  0%| F|  |TAMS 0x0000000718e00000, 0x0000000718e00000| Untracked 
| 188|0x0000000719000000, 0x0000000719000000, 0x0000000719200000|  0%| F|  |TAMS 0x0000000719000000, 0x0000000719000000| Untracked 
| 189|0x0000000719200000, 0x0000000719200000, 0x0000000719400000|  0%| F|  |TAMS 0x0000000719200000, 0x0000000719200000| Untracked 
| 190|0x0000000719400000, 0x0000000719400000, 0x0000000719600000|  0%| F|  |TAMS 0x0000000719400000, 0x0000000719400000| Untracked 
| 191|0x0000000719600000, 0x0000000719600000, 0x0000000719800000|  0%| F|  |TAMS 0x0000000719600000, 0x0000000719600000| Untracked 
| 192|0x0000000719800000, 0x0000000719800000, 0x0000000719a00000|  0%| F|  |TAMS 0x0000000719800000, 0x0000000719800000| Untracked 
| 193|0x0000000719a00000, 0x0000000719a00000, 0x0000000719c00000|  0%| F|  |TAMS 0x0000000719a00000, 0x0000000719a00000| Untracked 
| 194|0x0000000719c00000, 0x0000000719c00000, 0x0000000719e00000|  0%| F|  |TAMS 0x0000000719c00000, 0x0000000719c00000| Untracked 
| 195|0x0000000719e00000, 0x0000000719e00000, 0x000000071a000000|  0%| F|  |TAMS 0x0000000719e00000, 0x0000000719e00000| Untracked 
| 196|0x000000071a000000, 0x000000071a000000, 0x000000071a200000|  0%| F|  |TAMS 0x000000071a000000, 0x000000071a000000| Untracked 
| 197|0x000000071a200000, 0x000000071a200000, 0x000000071a400000|  0%| F|  |TAMS 0x000000071a200000, 0x000000071a200000| Untracked 
| 198|0x000000071a400000, 0x000000071a400000, 0x000000071a600000|  0%| F|  |TAMS 0x000000071a400000, 0x000000071a400000| Untracked 
| 199|0x000000071a600000, 0x000000071a600000, 0x000000071a800000|  0%| F|  |TAMS 0x000000071a600000, 0x000000071a600000| Untracked 
| 200|0x000000071a800000, 0x000000071a800000, 0x000000071aa00000|  0%| F|  |TAMS 0x000000071a800000, 0x000000071a800000| Untracked 
| 201|0x000000071aa00000, 0x000000071aa00000, 0x000000071ac00000|  0%| F|  |TAMS 0x000000071aa00000, 0x000000071aa00000| Untracked 
| 202|0x000000071ac00000, 0x000000071ac00000, 0x000000071ae00000|  0%| F|  |TAMS 0x000000071ac00000, 0x000000071ac00000| Untracked 
| 203|0x000000071ae00000, 0x000000071ae00000, 0x000000071b000000|  0%| F|  |TAMS 0x000000071ae00000, 0x000000071ae00000| Untracked 
| 204|0x000000071b000000, 0x000000071b000000, 0x000000071b200000|  0%| F|  |TAMS 0x000000071b000000, 0x000000071b000000| Untracked 
| 205|0x000000071b200000, 0x000000071b200000, 0x000000071b400000|  0%| F|  |TAMS 0x000000071b200000, 0x000000071b200000| Untracked 
| 206|0x000000071b400000, 0x000000071b400000, 0x000000071b600000|  0%| F|  |TAMS 0x000000071b400000, 0x000000071b400000| Untracked 
| 207|0x000000071b600000, 0x000000071b600000, 0x000000071b800000|  0%| F|  |TAMS 0x000000071b600000, 0x000000071b600000| Untracked 
| 208|0x000000071b800000, 0x000000071b800000, 0x000000071ba00000|  0%| F|  |TAMS 0x000000071b800000, 0x000000071b800000| Untracked 
| 209|0x000000071ba00000, 0x000000071bb0fa58, 0x000000071bc00000| 53%| S|CS|TAMS 0x000000071ba00000, 0x000000071ba00000| Complete 
| 210|0x000000071bc00000, 0x000000071be00000, 0x000000071be00000|100%| S|CS|TAMS 0x000000071bc00000, 0x000000071bc00000| Complete 
| 211|0x000000071be00000, 0x000000071c000000, 0x000000071c000000|100%| S|CS|TAMS 0x000000071be00000, 0x000000071be00000| Complete 
| 212|0x000000071c000000, 0x000000071c1cf4a8, 0x000000071c200000| 90%| O|  |TAMS 0x000000071c000000, 0x000000071c000000| Untracked 
| 213|0x000000071c200000, 0x000000071c3ce3e0, 0x000000071c400000| 90%| O|  |TAMS 0x000000071c200000, 0x000000071c200000| Untracked 
| 214|0x000000071c400000, 0x000000071c400000, 0x000000071c600000|  0%| F|  |TAMS 0x000000071c400000, 0x000000071c400000| Untracked 
| 215|0x000000071c600000, 0x000000071c600000, 0x000000071c800000|  0%| F|  |TAMS 0x000000071c600000, 0x000000071c600000| Untracked 
| 216|0x000000071c800000, 0x000000071c800000, 0x000000071ca00000|  0%| F|  |TAMS 0x000000071c800000, 0x000000071c800000| Untracked 
| 217|0x000000071ca00000, 0x000000071ca00000, 0x000000071cc00000|  0%| F|  |TAMS 0x000000071ca00000, 0x000000071ca00000| Untracked 
| 218|0x000000071cc00000, 0x000000071ce00000, 0x000000071ce00000|100%| O|  |TAMS 0x000000071ce00000, 0x000000071cc00000| Untracked 
| 219|0x000000071ce00000, 0x000000071cf5f140, 0x000000071d000000| 68%| O|  |TAMS 0x000000071ce00000, 0x000000071ce00000| Untracked 
| 220|0x000000071d000000, 0x000000071d086f50, 0x000000071d200000| 26%| O|  |TAMS 0x000000071d000000, 0x000000071d000000| Untracked 
| 221|0x000000071d200000, 0x000000071d200000, 0x000000071d400000|  0%| F|  |TAMS 0x000000071d200000, 0x000000071d200000| Untracked 
| 222|0x000000071d400000, 0x000000071d400000, 0x000000071d600000|  0%| F|  |TAMS 0x000000071d400000, 0x000000071d400000| Untracked 
| 223|0x000000071d600000, 0x000000071d600000, 0x000000071d800000|  0%| F|  |TAMS 0x000000071d600000, 0x000000071d600000| Untracked 
| 224|0x000000071d800000, 0x000000071d800000, 0x000000071da00000|  0%| F|  |TAMS 0x000000071d800000, 0x000000071d800000| Untracked 
| 225|0x000000071da00000, 0x000000071da00000, 0x000000071dc00000|  0%| F|  |TAMS 0x000000071da00000, 0x000000071da00000| Untracked 
| 226|0x000000071dc00000, 0x000000071dc00000, 0x000000071de00000|  0%| F|  |TAMS 0x000000071dc00000, 0x000000071dc00000| Untracked 
| 227|0x000000071de00000, 0x000000071de00000, 0x000000071e000000|  0%| F|  |TAMS 0x000000071de00000, 0x000000071de00000| Untracked 
| 228|0x000000071e000000, 0x000000071e000000, 0x000000071e200000|  0%| F|  |TAMS 0x000000071e000000, 0x000000071e000000| Untracked 
| 229|0x000000071e200000, 0x000000071e200000, 0x000000071e400000|  0%| F|  |TAMS 0x000000071e200000, 0x000000071e200000| Untracked 
| 230|0x000000071e400000, 0x000000071e400000, 0x000000071e600000|  0%| F|  |TAMS 0x000000071e400000, 0x000000071e400000| Untracked 
| 231|0x000000071e600000, 0x000000071e600000, 0x000000071e800000|  0%| F|  |TAMS 0x000000071e600000, 0x000000071e600000| Untracked 
| 232|0x000000071e800000, 0x000000071e800000, 0x000000071ea00000|  0%| F|  |TAMS 0x000000071e800000, 0x000000071e800000| Untracked 
| 233|0x000000071ea00000, 0x000000071ea00000, 0x000000071ec00000|  0%| F|  |TAMS 0x000000071ea00000, 0x000000071ea00000| Untracked 
| 234|0x000000071ec00000, 0x000000071ec00000, 0x000000071ee00000|  0%| F|  |TAMS 0x000000071ec00000, 0x000000071ec00000| Untracked 
| 235|0x000000071ee00000, 0x000000071ee450b0, 0x000000071f000000| 13%| O|  |TAMS 0x000000071ee00000, 0x000000071ee00000| Untracked 
| 236|0x000000071f000000, 0x000000071f000000, 0x000000071f200000|  0%| F|  |TAMS 0x000000071f000000, 0x000000071f000000| Untracked 
| 237|0x000000071f200000, 0x000000071f200000, 0x000000071f400000|  0%| F|  |TAMS 0x000000071f200000, 0x000000071f200000| Untracked 
| 238|0x000000071f400000, 0x000000071f400000, 0x000000071f600000|  0%| F|  |TAMS 0x000000071f400000, 0x000000071f400000| Untracked 
| 239|0x000000071f600000, 0x000000071f600000, 0x000000071f800000|  0%| F|  |TAMS 0x000000071f600000, 0x000000071f600000| Untracked 
| 240|0x000000071f800000, 0x000000071f800000, 0x000000071fa00000|  0%| F|  |TAMS 0x000000071f800000, 0x000000071f800000| Untracked 
| 241|0x000000071fa00000, 0x000000071fa00000, 0x000000071fc00000|  0%| F|  |TAMS 0x000000071fa00000, 0x000000071fa00000| Untracked 
| 242|0x000000071fc00000, 0x000000071fc00000, 0x000000071fe00000|  0%| F|  |TAMS 0x000000071fc00000, 0x000000071fc00000| Untracked 
| 243|0x000000071fe00000, 0x000000071fe00000, 0x0000000720000000|  0%| F|  |TAMS 0x000000071fe00000, 0x000000071fe00000| Untracked 
| 244|0x0000000720000000, 0x000000072006a400, 0x0000000720200000| 20%| E|  |TAMS 0x0000000720000000, 0x0000000720000000| Complete 
| 245|0x0000000720200000, 0x0000000720400000, 0x0000000720400000|100%| E|CS|TAMS 0x0000000720200000, 0x0000000720200000| Complete 
| 246|0x0000000720400000, 0x0000000720600000, 0x0000000720600000|100%| E|CS|TAMS 0x0000000720400000, 0x0000000720400000| Complete 
| 247|0x0000000720600000, 0x0000000720800000, 0x0000000720800000|100%| E|CS|TAMS 0x0000000720600000, 0x0000000720600000| Complete 
| 248|0x0000000720800000, 0x0000000720a00000, 0x0000000720a00000|100%| E|CS|TAMS 0x0000000720800000, 0x0000000720800000| Complete 
| 249|0x0000000720a00000, 0x0000000720c00000, 0x0000000720c00000|100%| E|CS|TAMS 0x0000000720a00000, 0x0000000720a00000| Complete 
| 250|0x0000000720c00000, 0x0000000720e00000, 0x0000000720e00000|100%| E|CS|TAMS 0x0000000720c00000, 0x0000000720c00000| Complete 
| 251|0x0000000720e00000, 0x0000000721000000, 0x0000000721000000|100%| E|CS|TAMS 0x0000000720e00000, 0x0000000720e00000| Complete 
| 252|0x0000000721000000, 0x000000072102d3d8, 0x0000000721200000|  8%| O|  |TAMS 0x0000000721000000, 0x0000000721000000| Untracked 
| 253|0x0000000721200000, 0x0000000721400000, 0x0000000721400000|100%| E|CS|TAMS 0x0000000721200000, 0x0000000721200000| Complete 
| 254|0x0000000721400000, 0x0000000721600000, 0x0000000721600000|100%| E|CS|TAMS 0x0000000721400000, 0x0000000721400000| Complete 
| 310|0x0000000728400000, 0x0000000728600000, 0x0000000728600000|100%| E|CS|TAMS 0x0000000728400000, 0x0000000728400000| Complete 

Card table byte_map: [0x000001b2a8890000,0x000001b2a9090000] _byte_map_base: 0x000001b2a5084000

Marking Bits (Prev, Next): (CMBitMap*) 0x000001b291534c50, (CMBitMap*) 0x000001b291534c90
 Prev Bits: [0x000001b2a9890000, 0x000001b2ad830000)
 Next Bits: [0x000001b2ad830000, 0x000001b2b17d0000)

Polling page: 0x000001b287350000

Metaspace:

Usage:
  Non-class:     66.04 MB used.
      Class:     10.70 MB used.
       Both:     76.74 MB used.

Virtual space:
  Non-class space:      128.00 MB reserved,      66.31 MB ( 52%) committed,  2 nodes.
      Class space:        1.00 GB reserved,      11.00 MB (  1%) committed,  1 nodes.
             Both:        1.12 GB reserved,      77.31 MB (  7%) committed. 

Chunk freelists:
   Non-Class:  12.75 MB
       Class:  4.92 MB
        Both:  17.67 MB

MaxMetaspaceSize: unlimited
CompressedClassSpaceSize: 1.00 GB
Initial GC threshold: 21.00 MB
Current GC threshold: 120.94 MB
CDS: on
MetaspaceReclaimPolicy: balanced
 - commit_granule_bytes: 65536.
 - commit_granule_words: 8192.
 - virtual_space_node_default_size: 8388608.
 - enlarge_chunks_in_place: 1.
 - new_chunks_are_fully_committed: 0.
 - uncommit_free_chunks: 1.
 - use_allocation_guard: 0.
 - handle_deallocations: 1.


Internal statistics:

num_allocs_failed_limit: 6.
num_arena_births: 874.
num_arena_deaths: 0.
num_vsnodes_births: 3.
num_vsnodes_deaths: 0.
num_space_committed: 1231.
num_space_uncommitted: 0.
num_chunks_returned_to_freelist: 6.
num_chunks_taken_from_freelist: 2847.
num_chunk_merges: 6.
num_chunk_splits: 2169.
num_chunks_enlarged: 1689.
num_inconsistent_stats: 0.

CodeHeap 'non-profiled nmethods': size=119168Kb used=11086Kb max_used=11086Kb free=108081Kb
 bounds [0x000001b2a1430000, 0x000001b2a1f10000, 0x000001b2a8890000]
CodeHeap 'profiled nmethods': size=119104Kb used=26660Kb max_used=26660Kb free=92443Kb
 bounds [0x000001b299890000, 0x000001b29b2b0000, 0x000001b2a0ce0000]
CodeHeap 'non-nmethods': size=7488Kb used=1667Kb max_used=3430Kb free=5820Kb
 bounds [0x000001b2a0ce0000, 0x000001b2a1040000, 0x000001b2a1430000]
 total_blobs=13154 nmethods=12062 adapters=999
 compilation: enabled
              stopped_count=0, restarted_count=0
 full_count=0

Compilation events (20 events):
Event: 78.112 Thread 0x000001b2917fe520 15068       4       com.jidesoft.grid.TableModelWrapperUtils::getActualTableModel (70 bytes)
Event: 78.112 Thread 0x000001b2db74bcd0 nmethod 15065 0x000001b2a1eff990 code [0x000001b2a1effb20, 0x000001b2a1effcd8]
Event: 78.112 Thread 0x000001b2db74c6f0 nmethod 15067 0x000001b2a1effe10 code [0x000001b2a1efffa0, 0x000001b2a1f001b8]
Event: 78.115 Thread 0x000001b2917fe520 nmethod 15068 0x000001b2a1f00310 code [0x000001b2a1f004c0, 0x000001b2a1f007c8]
Event: 78.118 Thread 0x000001b2917fe520 15073   !   4       java.io.WinNTFileSystem::isInvalid (78 bytes)
Event: 78.119 Thread 0x000001b291815fe0 15074       3       java.util.ServiceLoader$ModuleServicesLookupIterator::iteratorFor (191 bytes)
Event: 78.119 Thread 0x000001b2917fe520 nmethod 15073 0x000001b2a1f00990 code [0x000001b2a1f00b20, 0x000001b2a1f00e18]
Event: 78.120 Thread 0x000001b2917fe520 15075       4       java.text.DecimalFormat::setMaximumFractionDigits (88 bytes)
Event: 78.121 Thread 0x000001b2db74bcd0 15076       4       sun.util.locale.provider.JRELocaleProviderAdapter::getLocaleResources (51 bytes)
Event: 78.121 Thread 0x000001b2917fe520 nmethod 15075 0x000001b2a1f01010 code [0x000001b2a1f01180, 0x000001b2a1f01278]
Event: 78.121 Thread 0x000001b2db74c6f0 15077       4       java.text.DecimalFormat::setMinimumIntegerDigits (88 bytes)
Event: 78.122 Thread 0x000001b2917fe520 15079       4       com.sun.org.apache.xml.internal.dtm.ref.DTMDefaultBase::findElementFromIndex (79 bytes)
Event: 78.122 Thread 0x000001b291815fe0 nmethod 15074 0x000001b29b29c510 code [0x000001b29b29cb40, 0x000001b29b2a0828]
Event: 78.122 Thread 0x000001b291815fe0 15078       3       jdk.xml.internal.XMLSecurityManager$NameMap::values (10 bytes)
Event: 78.122 Thread 0x000001b291815fe0 nmethod 15078 0x000001b29a013890 code [0x000001b29a013a40, 0x000001b29a013ce8]
Event: 78.123 Thread 0x000001b2db74c6f0 nmethod 15077 0x000001b2a1f01390 code [0x000001b2a1f01500, 0x000001b2a1f015f8]
Event: 78.123 Thread 0x000001b2db74c6f0 15080       4       com.sun.org.apache.xml.internal.dtm.ref.DTMDefaultBaseTraversers$DescendantTraverser::axisHasBeenProcessed (22 bytes)
Event: 78.123 Thread 0x000001b2917fe520 nmethod 15079 0x000001b2a1f01710 code [0x000001b2a1f018a0, 0x000001b2a1f01a38]
Event: 78.124 Thread 0x000001b2db74c6f0 nmethod 15080 0x000001b2a1f01c10 code [0x000001b2a1f01da0, 0x000001b2a1f01f18]
Event: 78.133 Thread 0x000001b2db74bcd0 nmethod 15076 0x000001b2a1f02090 code [0x000001b2a1f022a0, 0x000001b2a1f02f88]

GC Heap History (20 events):
Event: 26.636 GC heap before
{Heap before GC invocations=14 (full 0):
 garbage-first heap   total 524288K, used 101033K [0x0000000701800000, 0x0000000800000000)
  region size 2048K, 21 young (43008K), 5 survivors (10240K)
 Metaspace       used 56380K, committed 56768K, reserved 1114112K
  class space    used 7509K, committed 7680K, reserved 1048576K
}
Event: 26.680 GC heap after
{Heap after GC invocations=15 (full 1):
 garbage-first heap   total 524288K, used 69866K [0x0000000701800000, 0x0000000800000000)
  region size 2048K, 0 young (0K), 0 survivors (0K)
 Metaspace       used 56380K, committed 56768K, reserved 1114112K
  class space    used 7509K, committed 7680K, reserved 1048576K
}
Event: 39.152 GC heap before
{Heap before GC invocations=15 (full 1):
 garbage-first heap   total 524288K, used 151786K [0x0000000701800000, 0x0000000800000000)
  region size 2048K, 40 young (81920K), 0 survivors (0K)
 Metaspace       used 70968K, committed 71424K, reserved 1114112K
  class space    used 10007K, committed 10240K, reserved 1048576K
}
Event: 39.159 GC heap after
{Heap after GC invocations=16 (full 1):
 garbage-first heap   total 524288K, used 79834K [0x0000000701800000, 0x0000000800000000)
  region size 2048K, 5 young (10240K), 5 survivors (10240K)
 Metaspace       used 70968K, committed 71424K, reserved 1114112K
  class space    used 10007K, committed 10240K, reserved 1048576K
}
Event: 41.337 GC heap before
{Heap before GC invocations=16 (full 1):
 garbage-first heap   total 524288K, used 151514K [0x0000000701800000, 0x0000000800000000)
  region size 2048K, 40 young (81920K), 5 survivors (10240K)
 Metaspace       used 73689K, committed 74112K, reserved 1114112K
  class space    used 10479K, committed 10688K, reserved 1048576K
}
Event: 41.343 GC heap after
{Heap after GC invocations=17 (full 1):
 garbage-first heap   total 524288K, used 83324K [0x0000000701800000, 0x0000000800000000)
  region size 2048K, 3 young (6144K), 3 survivors (6144K)
 Metaspace       used 73689K, committed 74112K, reserved 1114112K
  class space    used 10479K, committed 10688K, reserved 1048576K
}
Event: 41.793 GC heap before
{Heap before GC invocations=17 (full 1):
 garbage-first heap   total 524288K, used 97660K [0x0000000701800000, 0x0000000800000000)
  region size 2048K, 11 young (22528K), 3 survivors (6144K)
 Metaspace       used 73922K, committed 74304K, reserved 1114112K
  class space    used 10494K, committed 10688K, reserved 1048576K
}
Event: 41.846 GC heap after
{Heap after GC invocations=18 (full 2):
 garbage-first heap   total 524288K, used 77055K [0x0000000701800000, 0x0000000800000000)
  region size 2048K, 0 young (0K), 0 survivors (0K)
 Metaspace       used 73922K, committed 74304K, reserved 1114112K
  class space    used 10494K, committed 10688K, reserved 1048576K
}
Event: 43.300 GC heap before
{Heap before GC invocations=18 (full 2):
 garbage-first heap   total 524288K, used 158975K [0x0000000701800000, 0x0000000800000000)
  region size 2048K, 40 young (81920K), 0 survivors (0K)
 Metaspace       used 74413K, committed 74816K, reserved 1114112K
  class space    used 10516K, committed 10688K, reserved 1048576K
}
Event: 43.306 GC heap after
{Heap after GC invocations=19 (full 2):
 garbage-first heap   total 524288K, used 79615K [0x0000000701800000, 0x0000000800000000)
  region size 2048K, 2 young (4096K), 2 survivors (4096K)
 Metaspace       used 74413K, committed 74816K, reserved 1114112K
  class space    used 10516K, committed 10688K, reserved 1048576K
}
Event: 44.816 GC heap before
{Heap before GC invocations=19 (full 2):
 garbage-first heap   total 524288K, used 157439K [0x0000000701800000, 0x0000000800000000)
  region size 2048K, 40 young (81920K), 2 survivors (4096K)
 Metaspace       used 74644K, committed 75072K, reserved 1114112K
  class space    used 10520K, committed 10688K, reserved 1048576K
}
Event: 44.819 GC heap after
{Heap after GC invocations=20 (full 2):
 garbage-first heap   total 524288K, used 79502K [0x0000000701800000, 0x0000000800000000)
  region size 2048K, 2 young (4096K), 2 survivors (4096K)
 Metaspace       used 74644K, committed 75072K, reserved 1114112K
  class space    used 10520K, committed 10688K, reserved 1048576K
}
Event: 46.145 GC heap before
{Heap before GC invocations=20 (full 2):
 garbage-first heap   total 524288K, used 157326K [0x0000000701800000, 0x0000000800000000)
  region size 2048K, 40 young (81920K), 2 survivors (4096K)
 Metaspace       used 74926K, committed 75328K, reserved 1114112K
  class space    used 10551K, committed 10752K, reserved 1048576K
}
Event: 46.148 GC heap after
{Heap after GC invocations=21 (full 2):
 garbage-first heap   total 524288K, used 80060K [0x0000000701800000, 0x0000000800000000)
  region size 2048K, 2 young (4096K), 2 survivors (4096K)
 Metaspace       used 74926K, committed 75328K, reserved 1114112K
  class space    used 10551K, committed 10752K, reserved 1048576K
}
Event: 51.033 GC heap before
{Heap before GC invocations=21 (full 2):
 garbage-first heap   total 524288K, used 157884K [0x0000000701800000, 0x0000000800000000)
  region size 2048K, 40 young (81920K), 2 survivors (4096K)
 Metaspace       used 75912K, committed 76288K, reserved 1179648K
  class space    used 10640K, committed 10816K, reserved 1048576K
}
Event: 51.035 GC heap after
{Heap after GC invocations=22 (full 2):
 garbage-first heap   total 524288K, used 80287K [0x0000000701800000, 0x0000000800000000)
  region size 2048K, 2 young (4096K), 2 survivors (4096K)
 Metaspace       used 75912K, committed 76288K, reserved 1179648K
  class space    used 10640K, committed 10816K, reserved 1048576K
}
Event: 76.008 GC heap before
{Heap before GC invocations=22 (full 2):
 garbage-first heap   total 524288K, used 158111K [0x0000000701800000, 0x0000000800000000)
  region size 2048K, 40 young (81920K), 2 survivors (4096K)
 Metaspace       used 78281K, committed 78848K, reserved 1179648K
  class space    used 10954K, committed 11264K, reserved 1048576K
}
Event: 76.011 GC heap after
{Heap after GC invocations=23 (full 2):
 garbage-first heap   total 524288K, used 82152K [0x0000000701800000, 0x0000000800000000)
  region size 2048K, 3 young (6144K), 3 survivors (6144K)
 Metaspace       used 78281K, committed 78848K, reserved 1179648K
  class space    used 10954K, committed 11264K, reserved 1048576K
}
Event: 78.031 GC heap before
{Heap before GC invocations=23 (full 2):
 garbage-first heap   total 524288K, used 157928K [0x0000000701800000, 0x0000000800000000)
  region size 2048K, 40 young (81920K), 3 survivors (6144K)
 Metaspace       used 78515K, committed 79168K, reserved 1179648K
  class space    used 10955K, committed 11264K, reserved 1048576K
}
Event: 78.034 GC heap after
{Heap after GC invocations=24 (full 2):
 garbage-first heap   total 524288K, used 82238K [0x0000000701800000, 0x0000000800000000)
  region size 2048K, 3 young (6144K), 3 survivors (6144K)
 Metaspace       used 78515K, committed 79168K, reserved 1179648K
  class space    used 10955K, committed 11264K, reserved 1048576K
}

Dll operation events (20 events):
Event: 2.547 Loaded shared library E:\Xilinx\Vivado\2023.2\lib\win64.o\librdi_ipservicestasks.dll
Event: 2.549 Loaded shared library E:\Xilinx\Vivado\2023.2\lib\win64.o\librdi_vivadotasks.dll
Event: 2.551 Loaded shared library E:\Xilinx\Vivado\2023.2\lib\win64.o\librdi_board.dll
Event: 2.552 Loaded shared library E:\Xilinx\Vivado\2023.2\lib\win64.o\librdi_boarddep.dll
Event: 2.554 Loaded shared library E:\Xilinx\Vivado\2023.2\lib\win64.o\librdi_boardcommontasks.dll
Event: 2.556 Loaded shared library E:\Xilinx\Vivado\2023.2\lib\win64.o\librdi_ptgen.dll
Event: 2.558 Loaded shared library E:\Xilinx\Vivado\2023.2\lib\win64.o\librdi_ip.dll
Event: 2.559 Loaded shared library E:\Xilinx\Vivado\2023.2\lib\win64.o\librdi_mig.dll
Event: 2.564 Loaded shared library E:\Xilinx\Vivado\2023.2\lib\win64.o\librdi_implflow.dll
Event: 2.567 Loaded shared library E:\Xilinx\Vivado\2023.2\lib\win64.o\librdi_xhubtasks.dll
Event: 2.574 Loaded shared library E:\Xilinx\Vivado\2023.2\lib\win64.o\librdi_iptasks.dll
Event: 2.576 Loaded shared library E:\Xilinx\Vivado\2023.2\lib\win64.o\librdi_synth.dll
Event: 5.630 Loaded shared library E:\Xilinx\Vivado\2023.2\tps\win64\jre17.0.7_7\bin\verify.dll
Event: 6.311 Loaded shared library E:\Xilinx\Vivado\2023.2\tps\win64\jre17.0.7_7\bin\javajpeg.dll
Event: 6.320 Loaded shared library E:\Xilinx\Vivado\2023.2\tps\win64\jre17.0.7_7\bin\lcms.dll
Event: 8.360 Loaded shared library E:\Xilinx\Vivado\2023.2\tps\win64\jre17.0.7_7\bin\freetype.dll
Event: 8.362 Loaded shared library E:\Xilinx\Vivado\2023.2\tps\win64\jre17.0.7_7\bin\fontmanager.dll
Event: 18.185 Loaded shared library E:\Xilinx\Vivado\2023.2\lib\win64.o\librdi_xhub.dll
Event: 25.621 Loaded shared library E:\Xilinx\Vivado\2023.2\tps\win64\jre17.0.7_7\bin\management.dll
Event: 25.625 Loaded shared library E:\Xilinx\Vivado\2023.2\tps\win64\jre17.0.7_7\bin\management_ext.dll

Deoptimization events (20 events):
Event: 77.142 Thread 0x000001b2ba190d30 Uncommon trap: trap_request=0xffffffde fr.pc=0x000001b2a166a360 relative=0x00000000000002a0
Event: 77.142 Thread 0x000001b2ba190d30 Uncommon trap: reason=class_check action=maybe_recompile pc=0x000001b2a166a360 method=java.util.HashSet.contains(Ljava/lang/Object;)Z @ 5 c2
Event: 77.142 Thread 0x000001b2ba190d30 DEOPT PACKING pc=0x000001b2a166a360 sp=0x00000061ceafe7c0
Event: 77.142 Thread 0x000001b2ba190d30 DEOPT UNPACKING pc=0x000001b2a0d369a3 sp=0x00000061ceafe778 mode 2
Event: 78.095 Thread 0x000001b2ddcf2cb0 Uncommon trap: trap_request=0xffffff45 fr.pc=0x000001b2a1af8688 relative=0x0000000000002508
Event: 78.095 Thread 0x000001b2ddcf2cb0 Uncommon trap: reason=unstable_if action=reinterpret pc=0x000001b2a1af8688 method=sun.awt.PostEventQueue.flush()V @ 23 c2
Event: 78.095 Thread 0x000001b2ddcf2cb0 DEOPT PACKING pc=0x000001b2a1af8688 sp=0x00000061d7fff290
Event: 78.095 Thread 0x000001b2ddcf2cb0 DEOPT UNPACKING pc=0x000001b2a0d369a3 sp=0x00000061d7fff288 mode 2
Event: 78.116 Thread 0x000001b2ba190d30 Uncommon trap: trap_request=0xffffffc6 fr.pc=0x000001b2a1c2bdec relative=0x000000000000038c
Event: 78.116 Thread 0x000001b2ba190d30 Uncommon trap: reason=bimorphic_or_optimized_type_check action=maybe_recompile pc=0x000001b2a1c2bdec method=java.util.regex.Pattern$BmpCharProperty.match(Ljava/util/regex/Matcher;ILjava/lang/CharSequence;)Z @ 36 c2
Event: 78.116 Thread 0x000001b2ba190d30 DEOPT PACKING pc=0x000001b2a1c2bdec sp=0x00000061ceafe660
Event: 78.116 Thread 0x000001b2ba190d30 DEOPT UNPACKING pc=0x000001b2a0d369a3 sp=0x00000061ceafe5f8 mode 2
Event: 78.130 Thread 0x000001b2ba190d30 Uncommon trap: trap_request=0xffffffde fr.pc=0x000001b2a176f87c relative=0x0000000000000b1c
Event: 78.130 Thread 0x000001b2ba190d30 Uncommon trap: reason=class_check action=maybe_recompile pc=0x000001b2a176f87c method=java.util.HashMap.removeNode(ILjava/lang/Object;Ljava/lang/Object;ZZ)Ljava/util/HashMap$Node; @ 68 c2
Event: 78.130 Thread 0x000001b2ba190d30 DEOPT PACKING pc=0x000001b2a176f87c sp=0x00000061ceafe8b0
Event: 78.130 Thread 0x000001b2ba190d30 DEOPT UNPACKING pc=0x000001b2a0d369a3 sp=0x00000061ceafe848 mode 2
Event: 78.130 Thread 0x000001b2ba190d30 Uncommon trap: trap_request=0xffffffde fr.pc=0x000001b2a176f87c relative=0x0000000000000b1c
Event: 78.130 Thread 0x000001b2ba190d30 Uncommon trap: reason=class_check action=maybe_recompile pc=0x000001b2a176f87c method=java.util.HashMap.removeNode(ILjava/lang/Object;Ljava/lang/Object;ZZ)Ljava/util/HashMap$Node; @ 68 c2
Event: 78.130 Thread 0x000001b2ba190d30 DEOPT PACKING pc=0x000001b2a176f87c sp=0x00000061ceafe8b0
Event: 78.130 Thread 0x000001b2ba190d30 DEOPT UNPACKING pc=0x000001b2a0d369a3 sp=0x00000061ceafe848 mode 2

Classes unloaded (0 events):
No events

Classes redefined (0 events):
No events

Internal exceptions (20 events):
Event: 62.027 Thread 0x000001b2ba190d30 Exception <a 'java/lang/NoSuchMethodError'{0x000000072086c260}: 'java.lang.Object java.lang.invoke.DirectMethodHandle$Holder.invokeSpecial(java.lang.Object, java.lang.Object, long, java.lang.Object, java.lang.Object, java.lang.Object, java.lang.Object, java.lang.Object, int, java.lang.Object, java.lang.Object, int, int)'> (0x000000072086c260) 
thrown [s\src\hotspot\share\interpreter\linkResolver.cpp, line 759]
Event: 62.028 Thread 0x000001b2ba190d30 Exception <a 'java/lang/NoSuchMethodError'{0x0000000720870870}: 'java.lang.Object java.lang.invoke.DelegatingMethodHandle$Holder.reinvoke_L(java.lang.Object, long, java.lang.Object, java.lang.Object, java.lang.Object, java.lang.Object, java.lang.Object, int, java.lang.Object, java.lang.Object, int, int)'> (0x0000000720870870) 
thrown [s\src\hotspot\share\interpreter\linkResolver.cpp, line 759]
Event: 62.037 Thread 0x000001b2ba190d30 Exception <a 'java/lang/NoSuchMethodError'{0x0000000720901860}: 'java.lang.Object java.lang.invoke.DirectMethodHandle$Holder.invokeSpecial(java.lang.Object, java.lang.Object, java.lang.Object, java.lang.Object, int)'> (0x0000000720901860) 
thrown [s\src\hotspot\share\interpreter\linkResolver.cpp, line 759]
Event: 62.037 Thread 0x000001b2ba190d30 Exception <a 'java/lang/NoSuchMethodError'{0x00000007209054e0}: 'java.lang.Object java.lang.invoke.Invokers$Holder.linkToTargetMethod(java.lang.Object, java.lang.Object, int, java.lang.Object)'> (0x00000007209054e0) 
thrown [s\src\hotspot\share\interpreter\linkResolver.cpp, line 759]
Event: 72.532 Thread 0x000001b2ba190d30 Implicit null exception at 0x000001b2a173eaa0 to 0x000001b2a173edb4
Event: 72.562 Thread 0x000001b2ba190d30 Exception <a 'java/lang/NoSuchMethodError'{0x000000071e530490}: 'java.lang.Object java.lang.invoke.DirectMethodHandle$Holder.invokeSpecial(java.lang.Object, java.lang.Object, long, java.lang.Object, java.lang.Object, java.lang.Object, java.lang.Object, java.lang.Object, java.lang.Object)'> (0x000000071e530490) 
thrown [s\src\hotspot\share\interpreter\linkResolver.cpp, line 759]
Event: 72.562 Thread 0x000001b2ba190d30 Exception <a 'java/lang/NoSuchMethodError'{0x000000071e534d10}: 'java.lang.Object java.lang.invoke.DelegatingMethodHandle$Holder.reinvoke_L(java.lang.Object, long, java.lang.Object, java.lang.Object, java.lang.Object, java.lang.Object, java.lang.Object, java.lang.Object)'> (0x000000071e534d10) 
thrown [s\src\hotspot\share\interpreter\linkResolver.cpp, line 759]
Event: 72.563 Thread 0x000001b2ba190d30 Exception <a 'java/lang/NoSuchMethodError'{0x000000071e541858}: 'java.lang.Object java.lang.invoke.Invokers$Holder.linkToTargetMethod(java.lang.Object, java.lang.Object, java.lang.Object, java.lang.Object, java.lang.Object, java.lang.Object, java.lang.Object)'> (0x000000071e541858) 
thrown [s\src\hotspot\share\interpreter\linkResolver.cpp, line 759]
Event: 72.568 Thread 0x000001b2ba190d30 Implicit null exception at 0x000001b2a1bcd7d3 to 0x000001b2a1bcd84c
Event: 72.652 Thread 0x000001b2ba190d30 Implicit null exception at 0x000001b2a188654e to 0x000001b2a1887694
Event: 75.000 Thread 0x000001b2ba190d30 Exception <a 'java/lang/NoSuchMethodError'{0x000000071d890bd0}: 'java.lang.Object java.lang.invoke.DelegatingMethodHandle$Holder.reinvoke_L(java.lang.Object, java.lang.Object, long, java.lang.Object, java.lang.Object, java.lang.Object, java.lang.Object, java.lang.Object, java.lang.Object, java.lang.Object, java.lang.Object, java.lang.Object, java.lang.Object, java.lang.Object, java.lang.Object, java.lang.Object)'> (0x000000071d890bd0) 
thrown [s\src\hotspot\share\interpreter\linkResolver.cpp, line 759]
Event: 75.004 Thread 0x000001b2ba190d30 Exception <a 'java/lang/NoSuchMethodError'{0x000000071d8d80a0}: 'java.lang.Object java.lang.invoke.DirectMethodHandle$Holder.invokeSpecial(java.lang.Object, java.lang.Object, long, java.lang.Object, java.lang.Object, java.lang.Object, java.lang.Object, java.lang.Object, java.lang.Object, java.lang.Object, java.lang.Object, java.lang.Object, java.lang.Object, java.lang.Object, java.lang.Object, java.lang.Object)'> (0x000000071d8d80a0) 
thrown [s\src\hotspot\share\interpreter\linkResolver.cpp, line 759]
Event: 75.005 Thread 0x000001b2ba190d30 Exception <a 'java/lang/NoSuchMethodError'{0x000000071d8dd0e0}: 'java.lang.Object java.lang.invoke.DelegatingMethodHandle$Holder.reinvoke_L(java.lang.Object, long, java.lang.Object, java.lang.Object, java.lang.Object, java.lang.Object, java.lang.Object, java.lang.Object, java.lang.Object, java.lang.Object, java.lang.Object, java.lang.Object, java.lang.Object, java.lang.Object, java.lang.Object)'> (0x000000071d8dd0e0) 
thrown [s\src\hotspot\share\interpreter\linkResolver.cpp, line 759]
Event: 75.006 Thread 0x000001b2ba190d30 Exception <a 'java/lang/NoSuchMethodError'{0x000000071d8f6e88}: 'java.lang.Object java.lang.invoke.DirectMethodHandle$Holder.invokeSpecial(java.lang.Object, java.lang.Object, java.lang.Object, java.lang.Object, java.lang.Object, java.lang.Object, java.lang.Object, java.lang.Object, java.lang.Object, java.lang.Object, java.lang.Object, java.lang.Object, java.lang.Object, java.lang.Object, java.lang.Object)'> (0x000000071d8f6e88) 
thrown [s\src\hotspot\share\interpreter\linkResolver.cpp, line 759]
Event: 75.006 Thread 0x000001b2ba190d30 Exception <a 'java/lang/NoSuchMethodError'{0x000000071d8fc3d0}: 'java.lang.Object java.lang.invoke.Invokers$Holder.linkToTargetMethod(java.lang.Object, java.lang.Object, java.lang.Object, java.lang.Object, java.lang.Object, java.lang.Object, java.lang.Object, java.lang.Object, java.lang.Object, java.lang.Object, java.lang.Object, java.lang.Object, java.lang.Object, java.lang.Object)'> (0x000000071d8fc3d0) 
thrown [s\src\hotspot\share\interpreter\linkResolver.cpp, line 759]
Event: 75.034 Thread 0x000001b2ddcf3180 Implicit null exception at 0x000001b2a1a51e98 to 0x000001b2a1a54794
Event: 75.107 Thread 0x000001b2ba190d30 Implicit null exception at 0x000001b2a159f3d6 to 0x000001b2a159f608
Event: 75.107 Thread 0x000001b2ba190d30 Implicit null exception at 0x000001b2a185b0d6 to 0x000001b2a185b2e4
Event: 77.142 Thread 0x000001b2ba190d30 Implicit null exception at 0x000001b2a1607ad6 to 0x000001b2a1607d14
Event: 78.115 Thread 0x000001b2ddcf3180 Exception <a 'java/lang/InterruptedException'{0x0000000728500dc0}: sleep interrupted> (0x0000000728500dc0) 
thrown [s\src\hotspot\share\prims\jvm.cpp, line 3044]

VM Operations (20 events):
Event: 73.732 Executing VM operation: HandshakeAllThreads
Event: 73.732 Executing VM operation: HandshakeAllThreads done
Event: 73.843 Executing VM operation: HandshakeAllThreads
Event: 73.844 Executing VM operation: HandshakeAllThreads done
Event: 73.862 Executing VM operation: HandshakeAllThreads
Event: 73.862 Executing VM operation: HandshakeAllThreads done
Event: 73.862 Executing VM operation: HandshakeAllThreads
Event: 73.862 Executing VM operation: HandshakeAllThreads done
Event: 74.863 Executing VM operation: Cleanup
Event: 74.863 Executing VM operation: Cleanup done
Event: 75.034 Executing VM operation: HandshakeAllThreads
Event: 75.035 Executing VM operation: HandshakeAllThreads done
Event: 76.007 Executing VM operation: G1CollectForAllocation
Event: 76.011 Executing VM operation: G1CollectForAllocation done
Event: 77.011 Executing VM operation: Cleanup
Event: 77.011 Executing VM operation: Cleanup done
Event: 78.012 Executing VM operation: Cleanup
Event: 78.012 Executing VM operation: Cleanup done
Event: 78.031 Executing VM operation: G1CollectForAllocation
Event: 78.034 Executing VM operation: G1CollectForAllocation done

Events (20 events):
Event: 76.255 Thread 0x000001b2ddcf0fd0 Thread added: 0x000001b2ddcf0fd0
Event: 76.263 Thread 0x000001b2ddcf0fd0 Thread exited: 0x000001b2ddcf0fd0
Event: 76.285 Thread 0x000001b2ddcf3b20 Thread exited: 0x000001b2ddcf3b20
Event: 76.575 Thread 0x000001b2ddcf0fd0 Thread added: 0x000001b2ddcf0fd0
Event: 76.579 Thread 0x000001b2ddcf0fd0 Thread exited: 0x000001b2ddcf0fd0
Event: 76.676 Thread 0x000001b2db74b2b0 Thread exited: 0x000001b2db74b2b0
Event: 76.676 Thread 0x000001b2db74e040 Thread exited: 0x000001b2db74e040
Event: 76.676 Thread 0x000001b2ba8050c0 Thread exited: 0x000001b2ba8050c0
Event: 76.676 Thread 0x000001b2ba803770 Thread exited: 0x000001b2ba803770
Event: 76.676 Thread 0x000001b2ba804bb0 Thread exited: 0x000001b2ba804bb0
Event: 76.708 Thread 0x000001b2ba805ae0 Thread exited: 0x000001b2ba805ae0
Event: 77.036 Thread 0x000001b2ddcf2cb0 Thread added: 0x000001b2ddcf2cb0
Event: 77.161 Thread 0x000001b2ddcf3650 Thread added: 0x000001b2ddcf3650
Event: 77.165 Thread 0x000001b2ddcf2cb0 Thread exited: 0x000001b2ddcf2cb0
Event: 77.167 Thread 0x000001b2ddcf3650 Thread exited: 0x000001b2ddcf3650
Event: 77.938 Thread 0x000001b2ba801910 Thread exited: 0x000001b2ba801910
Event: 77.956 Thread 0x000001b2db74c6f0 Thread added: 0x000001b2db74c6f0
Event: 77.975 Thread 0x000001b2db74bcd0 Thread added: 0x000001b2db74bcd0
Event: 77.987 Thread 0x000001b2ddcf2cb0 Thread added: 0x000001b2ddcf2cb0
Event: 78.103 Thread 0x000001b2ddcf2cb0 Thread exited: 0x000001b2ddcf2cb0


Dynamic libraries:
0x00007ff662520000 - 0x00007ff662551000 	E:\Xilinx\Vivado\2023.2\bin\unwrapped\win64.o\vivado.exe
0x00007ffd70500000 - 0x00007ffd70767000 	C:\WINDOWS\SYSTEM32\ntdll.dll
0x00007ffd6e2a0000 - 0x00007ffd6e369000 	C:\WINDOWS\System32\KERNEL32.DLL
0x00007ffd6dd40000 - 0x00007ffd6e134000 	C:\WINDOWS\System32\KERNELBASE.dll
0x00007ffd6e140000 - 0x00007ffd6e28b000 	C:\WINDOWS\System32\ucrtbase.dll
0x00007ffd57140000 - 0x00007ffd5715e000 	C:\WINDOWS\SYSTEM32\VCRUNTIME140.dll
0x00007ffd52270000 - 0x00007ffd522f9000 	C:\WINDOWS\SYSTEM32\MSVCP140.dll
0x00007ffca9750000 - 0x00007ffcaadfa000 	E:\Xilinx\Vivado\2023.2\lib\win64.o\librdi_common.dll
0x00007ffd6a4e0000 - 0x00007ffd6a4fc000 	E:\Xilinx\Vivado\2023.2\lib\win64.o\librdi_commonmain.dll
0x00007ffd6f580000 - 0x00007ffd6f745000 	C:\WINDOWS\System32\USER32.dll
0x00007ffd6da50000 - 0x00007ffd6da77000 	C:\WINDOWS\System32\win32u.dll
0x00007ffd1a960000 - 0x00007ffd1ad90000 	E:\Xilinx\Vivado\2023.2\lib\win64.o\python38.dll
0x00007ffd6f430000 - 0x00007ffd6f45b000 	C:\WINDOWS\System32\GDI32.dll
0x00007ffd69d10000 - 0x00007ffd69d19000 	E:\Xilinx\Vivado\2023.2\lib\win64.o\librdi_commonversion.dll
0x00007ffd684f0000 - 0x00007ffd68511000 	E:\Xilinx\Vivado\2023.2\lib\win64.o\libboost_filesystem.dll
0x00007ffd6cf40000 - 0x00007ffd6d06b000 	C:\WINDOWS\System32\gdi32full.dll
0x00007ffd6f8b0000 - 0x00007ffd6f966000 	C:\WINDOWS\System32\ADVAPI32.dll
0x00007ffd6dc00000 - 0x00007ffd6dca3000 	C:\WINDOWS\System32\msvcp_win.dll
0x00007ffd6eb60000 - 0x00007ffd6ec09000 	C:\WINDOWS\System32\msvcrt.dll
0x00007ffd6ef10000 - 0x00007ffd6efb7000 	C:\WINDOWS\System32\sechost.dll
0x00007ffd6fcd0000 - 0x00007ffd70437000 	C:\WINDOWS\System32\SHELL32.dll
0x00007ffd57ff0000 - 0x00007ffd57ffc000 	C:\WINDOWS\SYSTEM32\VCRUNTIME140_1.dll
0x00007ffd6cdd0000 - 0x00007ffd6cf3a000 	C:\WINDOWS\System32\wintypes.dll
0x00007ffd6ed90000 - 0x00007ffd6eea8000 	C:\WINDOWS\System32\RPCRT4.dll
0x00007ffd6efc0000 - 0x00007ffd6f342000 	C:\WINDOWS\System32\combase.dll
0x00007ffd6e3f0000 - 0x00007ffd6e456000 	C:\WINDOWS\System32\SHLWAPI.dll
0x00007ffd6dcb0000 - 0x00007ffd6dd32000 	C:\WINDOWS\System32\WINTRUST.dll
0x00007ffd6d130000 - 0x00007ffd6d998000 	C:\WINDOWS\System32\Windows.Storage.dll
0x00007ffd52f70000 - 0x00007ffd53126000 	E:\Xilinx\Vivado\2023.2\lib\win64.o\librdi_commonxillic.dll
0x00007ffd6f750000 - 0x00007ffd6f7d0000 	C:\WINDOWS\System32\WS2_32.dll
0x000000005fae0000 - 0x000000005fc0c000 	E:\Xilinx\Vivado\2023.2\lib\win64.o\tcl85t.dll
0x00007ffd53bd0000 - 0x00007ffd53ce4000 	E:\Xilinx\Vivado\2023.2\lib\win64.o\libboost_regex.dll
0x00007ffd17eb0000 - 0x00007ffd1821e000 	E:\Xilinx\Vivado\2023.2\lib\win64.o\libCOIN-all.dll
0x00007ffd684c0000 - 0x00007ffd684d1000 	E:\Xilinx\Vivado\2023.2\lib\win64.o\libboost_date_time.dll
0x00007ffd53ec0000 - 0x00007ffd53f39000 	E:\Xilinx\Vivado\2023.2\lib\win64.o\libboost_program_options.dll
0x00007ffd65da0000 - 0x00007ffd65dbc000 	E:\Xilinx\Vivado\2023.2\lib\win64.o\libboost_thread.dll
0x00007ffd53e30000 - 0x00007ffd53eb2000 	E:\Xilinx\Vivado\2023.2\lib\win64.o\libhdlpsolve.dll
0x00007ffd53740000 - 0x00007ffd537e5000 	E:\Xilinx\Vivado\2023.2\lib\win64.o\libhdxml.dll
0x00007ffd68530000 - 0x00007ffd6853c000 	E:\Xilinx\Vivado\2023.2\lib\win64.o\libboost_xilinx.dll
0x00007ffca8720000 - 0x00007ffca9744600 	E:\Xilinx\Vivado\2023.2\lib\win64.o\libisl_iostreams.dll
0x00007ffd65d60000 - 0x00007ffd65d8a000 	E:\Xilinx\Vivado\2023.2\lib\win64.o\libisl_sysinfo.dll
0x00007ffd53b60000 - 0x00007ffd53bc5000 	E:\Xilinx\Vivado\2023.2\lib\win64.o\liblmx6.0.dll
0x00007ffd64f30000 - 0x00007ffd64f4c000 	E:\Xilinx\Vivado\2023.2\lib\win64.o\librdiconfig.dll
0x00007ffd65c90000 - 0x00007ffd65caa000 	E:\Xilinx\Vivado\2023.2\lib\win64.o\pthreadVC2.dll
0x00007ffd64e50000 - 0x00007ffd64e71000 	E:\Xilinx\Vivado\2023.2\lib\win64.o\librdizlib.dll
0x00007ffd17a30000 - 0x00007ffd17cf1000 	E:\Xilinx\Vivado\2023.2\lib\win64.o\xerces-c_3_2.dll
0x00007ffd50de0000 - 0x00007ffd50dfa000 	C:\WINDOWS\SYSTEM32\NETAPI32.dll
0x00007ffd66780000 - 0x00007ffd668ad000 	C:\WINDOWS\SYSTEM32\WINHTTP.dll
0x00007ffd4cce0000 - 0x00007ffd4cebf000 	C:\WINDOWS\SYSTEM32\urlmon.dll
0x00007ffd66920000 - 0x00007ffd6692b000 	C:\WINDOWS\SYSTEM32\VERSION.dll
0x00007ffd523a0000 - 0x00007ffd52635000 	C:\WINDOWS\SYSTEM32\WININET.dll
0x00007ffd50dc0000 - 0x00007ffd50dca000 	C:\WINDOWS\SYSTEM32\WSOCK32.dll
0x00007ffd557c0000 - 0x00007ffd557f0000 	C:\WINDOWS\SYSTEM32\VCOMP140.DLL
0x00007ffca6800000 - 0x00007ffca8717000 	E:\Xilinx\Vivado\2023.2\lib\win64.o\gurobi90.dll
0x00007ffd6da80000 - 0x00007ffd6dbf7000 	C:\WINDOWS\System32\CRYPT32.dll
0x00007ffd70440000 - 0x00007ffd704b2000 	C:\WINDOWS\System32\WLDAP32.dll
0x00007ffd6ed80000 - 0x00007ffd6ed88000 	C:\WINDOWS\System32\Normaliz.dll
0x00007ffd6ccc0000 - 0x00007ffd6ccea000 	C:\WINDOWS\SYSTEM32\bcrypt.dll
0x00007ffd17700000 - 0x00007ffd17a2d000 	E:\Xilinx\Vivado\2023.2\lib\win64.o\libXil_lmgr11.dll
0x00007ffd6f460000 - 0x00007ffd6f54f000 	C:\WINDOWS\System32\COMDLG32.dll
0x00007ffd54000000 - 0x00007ffd54024000 	E:\Xilinx\Vivado\2023.2\lib\win64.o\libisl_iosutils.dll
0x00007ffd6f9f0000 - 0x00007ffd6fae8000 	C:\WINDOWS\System32\shcore.dll
0x00007ffd55a70000 - 0x00007ffd55a88000 	E:\Xilinx\Vivado\2023.2\lib\win64.o\libboost_iostreams.dll
0x00007ffd6f350000 - 0x00007ffd6f428000 	C:\WINDOWS\System32\OLEAUT32.dll
0x00007ffd4ca10000 - 0x00007ffd4ccd4000 	C:\WINDOWS\SYSTEM32\iertutil.dll
0x00007ffd6e530000 - 0x00007ffd6e6c7000 	C:\WINDOWS\System32\ole32.dll
0x00007ffd40310000 - 0x00007ffd403c5000 	C:\WINDOWS\WinSxS\amd64_microsoft.windows.common-controls_6595b64144ccf1df_5.82.26100.8115_none_87ecef177a2e8a19\COMCTL32.dll
0x00007ffd4bdb0000 - 0x00007ffd4bdd9000 	C:\WINDOWS\SYSTEM32\srvcli.dll
0x00007ffd66cb0000 - 0x00007ffd66cd5000 	C:\WINDOWS\SYSTEM32\dhcpcsvc.DLL
0x00007ffd6b370000 - 0x00007ffd6b37d000 	C:\WINDOWS\SYSTEM32\netutils.dll
0x00007ffd6c180000 - 0x00007ffd6c1b3000 	C:\WINDOWS\SYSTEM32\USERENV.dll
0x00007ffd6c0d0000 - 0x00007ffd6c13c000 	C:\WINDOWS\SYSTEM32\MSWSOCK.DLL
0x00007ffd6f7e0000 - 0x00007ffd6f812000 	C:\WINDOWS\System32\IMM32.DLL
0x00007ffd6c420000 - 0x00007ffd6c433000 	C:\WINDOWS\SYSTEM32\MSASN1.dll
0x00007ffd6c3b0000 - 0x00007ffd6c3cb000 	C:\WINDOWS\SYSTEM32\CRYPTSP.dll
0x00007ffd6bb60000 - 0x00007ffd6bb7b000 	C:\WINDOWS\SYSTEM32\kernel.appcore.dll
0x00007ffd6bac0000 - 0x00007ffd6baf9000 	C:\WINDOWS\system32\rsaenh.dll
0x00007ffd6c3d0000 - 0x00007ffd6c3dc000 	C:\WINDOWS\SYSTEM32\CRYPTBASE.dll
0x00007ffd6d9a0000 - 0x00007ffd6da45000 	C:\WINDOWS\System32\bcryptPrimitives.dll
0x00007ffd6f9c0000 - 0x00007ffd6f9e0000 	C:\WINDOWS\System32\imagehlp.dll
0x00007ffcc7270000 - 0x00007ffcc77bd000 	E:\Xilinx\Vivado\2023.2\lib\win64.o\librdi_commontasks.dll
0x00007ffceae20000 - 0x00007ffceb14b800 	E:\Xilinx\Vivado\2023.2\lib\win64.o\librdi_sio.dll
0x00007ffca5bb0000 - 0x00007ffca67f8000 	E:\Xilinx\Vivado\2023.2\tps\win64\jre17.0.7_7\bin\server\jvm.dll
0x00007ffd6b670000 - 0x00007ffd6b6a2000 	C:\WINDOWS\SYSTEM32\IPHLPAPI.DLL
0x00007ffd5e600000 - 0x00007ffd5e636000 	C:\WINDOWS\SYSTEM32\WINMM.dll
0x00007ffd6c140000 - 0x00007ffd6c170000 	C:\WINDOWS\SYSTEM32\gpapi.dll
0x00007ffd664c0000 - 0x00007ffd664fb000 	C:\Windows\System32\cryptnet.dll
0x00007ffd6ccf0000 - 0x00007ffd6cd19000 	C:\WINDOWS\SYSTEM32\profapi.dll
0x00007ffd686f0000 - 0x00007ffd686fe000 	C:\WINDOWS\SYSTEM32\WINNSI.DLL
0x00007ffd6e290000 - 0x00007ffd6e29a000 	C:\WINDOWS\System32\NSI.dll
0x00007ffd6be00000 - 0x00007ffd6be49000 	C:\WINDOWS\SYSTEM32\SspiCli.dll
0x00007ffd40720000 - 0x00007ffd40738000 	C:\WINDOWS\system32\napinsp.dll
0x00007ffd6b6b0000 - 0x00007ffd6b7e2000 	C:\WINDOWS\SYSTEM32\DNSAPI.dll
0x00007ffd40140000 - 0x00007ffd40153000 	C:\WINDOWS\System32\winrnr.dll
0x00007ffd3b010000 - 0x00007ffd3b032000 	C:\WINDOWS\system32\nlansp_c.dll
0x00007ffd64670000 - 0x00007ffd64686000 	C:\WINDOWS\system32\wshbth.dll
0x0000000060ea0000 - 0x0000000060eaa000 	C:\Program Files\National Instruments\Shared\mDNS Responder\nimdnsNSP.dll
0x0000000060e90000 - 0x0000000060ea0000 	C:\WINDOWS\SYSTEM32\nimdnsResponder.dll
0x00007ffca2de0000 - 0x00007ffca5ba6000 	E:\Xilinx\Vivado\2023.2\lib\win64.o\librdi_tcltasks.dll
0x00007ffd25b10000 - 0x00007ffd25d10000 	E:\Xilinx\Vivado\2023.2\lib\win64.o\librdi_board.dll
0x00007ffd52ee0000 - 0x00007ffd52f63000 	E:\Xilinx\Vivado\2023.2\lib\win64.o\librdi_boarddep.dll
0x00007ffcc6d80000 - 0x00007ffcc7261000 	E:\Xilinx\Vivado\2023.2\lib\win64.o\librdi_bitstream.dll
0x00007ffd1b760000 - 0x00007ffd1b88a000 	E:\Xilinx\Vivado\2023.2\lib\win64.o\librdi_chipscope.dll
0x00007ffd17220000 - 0x00007ffd17427000 	E:\Xilinx\Vivado\2023.2\lib\win64.o\librdi_chipscopeimpl.dll
0x00007ffca06e0000 - 0x00007ffca2dd5000 	E:\Xilinx\Vivado\2023.2\lib\win64.o\librdi_constraints.dll
0x00007ffd16f40000 - 0x00007ffd170ae000 	E:\Xilinx\Vivado\2023.2\lib\win64.o\librdi_containers.dll
0x00007ffc9dfa0000 - 0x00007ffca06d6000 	E:\Xilinx\Vivado\2023.2\lib\win64.o\librdi_coregen.dll
0x00007ffc9c190000 - 0x00007ffc9df97000 	E:\Xilinx\Vivado\2023.2\lib\win64.o\librdi_designutils.dll
0x00007ffc9ab80000 - 0x00007ffc9c183000 	E:\Xilinx\Vivado\2023.2\lib\win64.o\librdi_device.dll
0x00007ffcc69e0000 - 0x00007ffcc6d7f000 	E:\Xilinx\Vivado\2023.2\lib\win64.o\librdi_dlyest.dll
0x00007ffd52ab0000 - 0x00007ffd52b64000 	E:\Xilinx\Vivado\2023.2\lib\win64.o\librdi_dsp.dll
0x00007ffc9a440000 - 0x00007ffc9ab76000 	E:\Xilinx\Vivado\2023.2\lib\win64.o\librdi_drc.dll
0x00007ffc99c80000 - 0x00007ffc9a43f000 	E:\Xilinx\Vivado\2023.2\lib\win64.o\librdi_filemgmt.dll
0x00007ffcdb3c0000 - 0x00007ffcdb6a4000 	E:\Xilinx\Vivado\2023.2\lib\win64.o\librdi_hip_devdesign.dll
0x00007ffd52e70000 - 0x00007ffd52edb000 	E:\Xilinx\Vivado\2023.2\lib\win64.o\librdi_hdf.dll
0x00007ffd16df0000 - 0x00007ffd16f38000 	E:\Xilinx\Vivado\2023.2\lib\win64.o\librdi_hip_perf_analysis.dll
0x00007ffc973e0000 - 0x00007ffc97c7a000 	E:\Xilinx\Vivado\2023.2\lib\win64.o\librdi_lopt.dll
0x00007ffc97c80000 - 0x00007ffc98b30000 	E:\Xilinx\Vivado\2023.2\lib\win64.o\librdi_ippcw.dll
0x00007ffc98b30000 - 0x00007ffc99c73000 	E:\Xilinx\Vivado\2023.2\lib\win64.o\librdi_implflow.dll
0x00007ffcabda0000 - 0x00007ffcac3f6000 	E:\Xilinx\Vivado\2023.2\lib\win64.o\librdi_memdata.dll
0x00007ffd27f70000 - 0x00007ffd27fed000 	E:\Xilinx\Vivado\2023.2\lib\win64.o\librdi_memoryarray.dll
0x00007ffc94990000 - 0x00007ffc973d1000 	E:\Xilinx\Vivado\2023.2\lib\win64.o\librdi_mig.dll
0x00007ffc94180000 - 0x00007ffc94984000 	E:\Xilinx\Vivado\2023.2\lib\win64.o\librdi_netlist.dll
0x00007ffd481c0000 - 0x00007ffd4821c000 	E:\Xilinx\Vivado\2023.2\lib\win64.o\librdi_pfi.dll
0x00007ffd1c640000 - 0x00007ffd1c6b2000 	E:\Xilinx\Vivado\2023.2\lib\win64.o\librdi_noc_frameworks.dll
0x00007ffc912c0000 - 0x00007ffc9417c000 	E:\Xilinx\Vivado\2023.2\lib\win64.o\librdi_place.dll
0x00007ffcad2d0000 - 0x00007ffcad74e000 	E:\Xilinx\Vivado\2023.2\lib\win64.o\librdi_platform.dll
0x00007ffc909c0000 - 0x00007ffc912b2000 	E:\Xilinx\Vivado\2023.2\lib\win64.o\librdi_power.dll

dbghelp: loaded successfully - version: 4.0.5 - missing functions: none
symbol engine: initialized successfully - sym options: 0x614 - pdb path: .;E:\Xilinx\Vivado\2023.2\bin\unwrapped\win64.o;C:\WINDOWS\SYSTEM32;E:\Xilinx\Vivado\2023.2\lib\win64.o;C:\WINDOWS\WinSxS\amd64_microsoft.windows.common-controls_6595b64144ccf1df_5.82.26100.8115_none_87ecef177a2e8a19;E:\Xilinx\Vivado\2023.2\tps\win64\jre17.0.7_7\bin\server;C:\Program Files\National Instruments\Shared\mDNS Responder;E:\Xilinx\Vivado\2023.2\tps\win64\jre17.0.7_7\bin;C:\WINDOWS\WinSxS\amd64_microsoft.windows.common-controls_6595b64144ccf1df_6.0.26100.8115_none_3e075c82e3354f9c

VM Arguments:
jvm_args: -Dsun.java2d.pmoffscreen=false -Dhttps.protocols=TLSv1,TLSv1.1,TLSv1.2 -Dsun.java2d.xrender=false -Dsun.java2d.d3d=false -Dsun.awt.nopixfmt=true -Dsun.java2d.dpiaware=true -Dsun.java2d.uiScale.enabled=false -Dswing.aatext=true -XX:-UsePerfData -Djdk.map.althashing.threshold=512 -XX:StringTableSize=4072 -XX:+UseStringDeduplication -XX:MaxGCPauseMillis=200 -XX:+ParallelRefProcEnabled --add-opens=java.desktop/javax.swing.plaf.synth=ALL-UNNAMED --add-opens=java.base/java.nio=ALL-UNNAMED --add-opens=java.desktop/sun.swing=ALL-UNNAMED --add-opens=java.desktop/javax.swing=ALL-UNNAMED --add-opens=java.desktop/javax.swing.tree=ALL-UNNAMED --add-opens=java.desktop/javax.swing.plaf.basic=ALL-UNNAMED --add-opens=java.desktop/javax.swing.plaf.synth=ALL-UNNAMED --add-opens=java.desktop/javax.swing.plaf.basic=ALL-UNNAMED --add-opens=java.desktop/javax.swing=ALL-UNNAMED --add-opens=java.desktop/javax.swing.tree=ALL-UNNAMED --add-opens=java.desktop/java.awt.event=ALL-UNNAMED --add-exports=java.desktop/javax.swing.plaf.synth=ALL-UNNAMED --add-exports=java.base/java.nio=ALL-UNNAMED --add-exports=java.desktop/sun.swing=ALL-UNNAMED --add-exports=java.desktop/javax.swing=ALL-UNNAMED --add-exports=java.desktop/javax.swing.tree=ALL-UNNAMED --add-exports=java.desktop/javax.swing.plaf.basic=ALL-UNNAMED --add-exports=java.desktop/sun.swing=ALL-UNNAMED --add-exports=java.desktop/sun.swing.table=ALL-UNNAMED --add-exports=java.desktop/sun.swing.plaf.synth=ALL-UNNAMED --add-exports=java.desktop/sun.awt.shell=ALL-UNNAMED --add-exports=java.base/sun.security.action=ALL-UNNAMED --add-exports=java.desktop/sun.font=ALL-UNNAMED -XX:NewSize=80m -XX:MaxNewSize=80m -Xms512m -Xmx4072m -Xss10m 
java_command: <unknown>
java_class_path (initial): E:/Xilinx/Vivado/2023.2\lib\classes\alloy.jar;E:/Xilinx/Vivado/2023.2\lib\classes\asm-9.3.jar;E:/Xilinx/Vivado/2023.2\lib\classes\asm-analysis-9.3.jar;E:/Xilinx/Vivado/2023.2\lib\classes\asm-commons-9.3.jar;E:/Xilinx/Vivado/2023.2\lib\classes\asm-tree-9.3.jar;E:/Xilinx/Vivado/2023.2\lib\classes\autoesl-models.jar;E:/Xilinx/Vivado/2023.2\lib\classes\batik-anim.jar;E:/Xilinx/Vivado/2023.2\lib\classes\batik-awt-util.jar;E:/Xilinx/Vivado/2023.2\lib\classes\batik-bridge.jar;E:/Xilinx/Vivado/2023.2\lib\classes\batik-codec.jar;E:/Xilinx/Vivado/2023.2\lib\classes\batik-constants.jar;E:/Xilinx/Vivado/2023.2\lib\classes\batik-css.jar;E:/Xilinx/Vivado/2023.2\lib\classes\batik-dom.jar;E:/Xilinx/Vivado/2023.2\lib\classes\batik-ext.jar;E:/Xilinx/Vivado/2023.2\lib\classes\batik-gui-util.jar;E:/Xilinx/Vivado/2023.2\lib\classes\batik-gvt.jar;E:/Xilinx/Vivado/2023.2\lib\classes\batik-i18n.jar;E:/Xilinx/Vivado/2023.2\lib\classes\batik-parser.jar;E:/Xilinx/Vivado/2023.2\lib\classes\batik-script.jar;E:/Xilinx/Vivado/2023.2\lib\classes\batik-svg-dom.jar;E:/Xilinx/Vivado/2023.2\lib\classes\batik-svggen.jar;E:/Xilinx/Vivado/2023.2\lib\classes\batik-swing.jar;E:/Xilinx/Vivado/2023.2\lib\classes\batik-transcoder.jar;E:/Xilinx/Vivado/2023.2\lib\classes\batik-util.jar;E:/Xilinx/Vivado/2023.2\lib\classes\batik-xml.jar;E:/Xilinx/Vivado/2023.2\lib\classes\com.fasterxml.jackson.core.jackson-annotations_2.12.1.v20210128-1726.jar;E:/Xilinx/Vivado/2023.2\lib\classes\com.fasterxml.jackson.core.jackson-core_2.12.1.v20210128-1726.jar;E:/Xilinx/Vivado/2023.2\lib\classes\com.fasterxml.jackson.core.jackson-databind_2.12.1.v20210128-1726.jar;E:/Xilinx/Vivado/2023.2\lib\classes\com.google.gson_2.8.9.v20220111-1409.jar;E:/Xilinx/Vivado/2023.2\lib\classes\com.google.guava_30.1.0.v20210127-2300.jar;E:/Xilinx/Vivado/2023.2\lib\classes\com.sigasi.hdt.connection_4.17.2.202304211001.jar;E:/Xilinx/Vivado/2023.2\lib\classes\com.sigasi.hdt.epl_4.17.2.202304211001.jar;E:/Xilinx/Vivado/2023.
Launcher Type: generic

[Global flags]
     intx CICompilerCount                          = 12                                        {product} {ergonomic}
     uint ConcGCThreads                            = 3                                         {product} {ergonomic}
     uint G1ConcRefinementThreads                  = 13                                        {product} {ergonomic}
   size_t G1HeapRegionSize                         = 2097152                                   {product} {ergonomic}
    uintx GCDrainStackTargetSize                   = 64                                        {product} {ergonomic}
   size_t InitialHeapSize                          = 536870912                                 {product} {command line}
   size_t MarkStackSize                            = 4194304                                   {product} {ergonomic}
    uintx MaxGCPauseMillis                         = 200                                       {product} {command line}
   size_t MaxHeapSize                              = 4269801472                                {product} {command line}
   size_t MaxNewSize                               = 83886080                                  {product} {command line}
   size_t MinHeapDeltaBytes                        = 2097152                                   {product} {ergonomic}
   size_t MinHeapSize                              = 536870912                                 {product} {command line}
   size_t NewSize                                  = 83886080                                  {product} {command line}
    uintx NonNMethodCodeHeapSize                   = 7602480                                {pd product} {ergonomic}
    uintx NonProfiledCodeHeapSize                  = 122027880                              {pd product} {ergonomic}
     bool ParallelRefProcEnabled                   = true                                      {product} {command line}
    uintx ProfiledCodeHeapSize                     = 122027880                              {pd product} {ergonomic}
    uintx ReservedCodeCacheSize                    = 251658240                              {pd product} {ergonomic}
     bool SegmentedCodeCache                       = true                                      {product} {ergonomic}
   size_t SoftMaxHeapSize                          = 4269801472                             {manageable} {ergonomic}
    uintx StringTableSize                          = 4072                                      {product} {command line}
     intx ThreadStackSize                          = 10240                                  {pd product} {command line}
     bool UseCompressedClassPointers               = true                           {product lp64_product} {ergonomic}
     bool UseCompressedOops                        = true                           {product lp64_product} {ergonomic}
     bool UseG1GC                                  = true                                      {product} {ergonomic}
     bool UseLargePagesIndividualAllocation        = false                                  {pd product} {ergonomic}
     bool UsePerfData                              = false                                     {product} {command line}
     bool UseStringDeduplication                   = true                                      {product} {command line}

Logging:
Log output configuration:
 #0: stdout all=warning uptime,level,tags
 #1: stderr all=off uptime,level,tags

Environment Variables:
PATH=E:/Xilinx/Vivado/2023.2\gnuwin\bin;E:/Xilinx/Vivado/2023.2\gnu\microblaze\nt\bin;E:/Xilinx/Vivado/2023.2/bin;E:/Xilinx/Vivado/2023.2/tps/win64/java-cef-95.0.4638.69/bin/lib/win64;E:/Xilinx/Vivado/2023.2/tps/win64/javafx-sdk-17.0.1/lib;E:/Xilinx/Vivado/2023.2/tps/win64/javafx-sdk-17.0.1/bin;E:/Xilinx/Vivado/2023.2/lib/win64.o;E:/Xilinx/Vivado/2023.2/tps/win64/jre17.0.7_7/bin/server;E:/Xilinx/Vivado/2023.2/tps/win64/jre17.0.7_7/bin;E:/Xilinx/Vivado/2023.2/ids_lite/ISE/bin/nt64;E:/Xilinx/Vivado/2023.2/ids_lite/ISE/lib/nt64;E:/Xilinx/Vitis_HLS/2023.2/bin;D:\VMware\bin\;C:\Program Files (x86)\Common Files\Intel\Shared Libraries\redist\intel64\compiler;C:\WINDOWS\system32;C:\WINDOWS;C:\WINDOWS\System32\Wbem;C:\WINDOWS\System32\WindowsPowerShell\v1.0\;C:\WINDOWS\System32\OpenSSH\;C:\Users\Administrator\AppData\Local\Microsoft\WindowsApps;C:\Recovery\OEM\Backup\;C:\Program Files (x86)\NVIDIA Corporation\PhysX\Common;C:\Program Files\Microsoft SQL Server\150\Tools\Binn\;C:\Program Files (x86)\Windows Kits\10\Windows Performance Toolkit\;D:\Program Files\MATLAB\R2023a\runtime\win64;D:\Program Files\MATLAB\R2023a\bin;C:\Program Files\NVIDIA Corporation\NVIDIA App\NvDLISR;C:\Program Files (x86)\IVI Foundation\VISA\WinNT\Bin\;C:\Program Files\IVI Foundation\VISA\Win64\Bin\;D:\Program Files\nodejs\;D:\Program Files\Git\cmd;C:\Users\chenzijie\AppData\Local\Programs\Python\Python313\Scripts\;C:\Users\chenzijie\AppData\Local\Programs\Python\Python313\;C:\Users\chenzijie\AppData\Local\Programs\Python\Launcher\;C:\Users\chenzijie\AppData\Local\Microsoft\WindowsApps;E:\Microsoft VS Code\bin;D:\cursor\resources\app\bin;C:\Users\chenzijie\AppData\Roaming\npm;E:/Xilinx/Vivado/2023.2\tps\mingw\6.2.0\win64.o\nt\bin;E:/Xilinx/Vivado/2023.2\tps\mingw\6.2.0\win64.o\nt\libexec\gcc\x86_64-w64-mingw32\6.2.0;E:/Xilinx/Vivado/2023.2\tps\win64\python-3.8.3;E:/Xilinx/Vivado/2023.2\tps\win64\python-3.8.3\bin;E:/Xilinx/Vivado/2023.2\tps\win64\python-3.8.3\lib;E:/Xilinx/Vivado/2023.2\tps\win64\python-
USERNAME=³Âè÷½Ü
OS=Windows_NT
PROCESSOR_IDENTIFIER=AMD64 Family 25 Model 68 Stepping 1, AuthenticAMD
TMP=C:\Users\CHENZI~1\AppData\Local\Temp
TEMP=C:\Users\CHENZI~1\AppData\Local\Temp



---------------  S Y S T E M  ---------------

OS:
 Windows 11 , 64 bit Build 26100 (10.0.26100.8246)
OS uptime: 0 days 10:53 hours
Hyper-V role detected

CPU: total 16 (initial active 16) (16 cores per cpu, 2 threads per core) family 25 model 68 stepping 1 microcode 0xa404105, cx8, cmov, fxsr, ht, mmx, 3dnowpref, sse, sse2, sse3, ssse3, sse4a, sse4.1, sse4.2, popcnt, lzcnt, tsc, tscinvbit, avx, avx2, aes, erms, clmul, bmi1, bmi2, adx, sha, fma, vzeroupper, clflush, clflushopt, hv

Memory: 4k page, system-wide physical 16069M (2384M free)
TotalPageFile size 46789M (AvailPageFile size 21513M)
current process WorkingSet (physical memory assigned to process): 1210M, peak: 1250M
current process commit charge ("private bytes"): 1548M, peak: 1591M

vm_info: OpenJDK 64-Bit Server VM (17.0.7+7) for windows-amd64 JRE (17.0.7+7), built on Apr 18 2023 22:10:42 by "temurin" with MS VC++ 16.7 (VS2019)

END.
