#
# A fatal error has been detected by the Java Runtime Environment:
#
#  EXCEPTION_ACCESS_VIOLATION (0xc0000005) at pc=0x00007ff9d451fbcf, pid=34016, tid=37136
#
# JRE version: OpenJDK Runtime Environment Temurin-17.0.7+7 (17.0.7+7) (build 17.0.7+7)
# Java VM: OpenJDK 64-Bit Server VM Temurin-17.0.7+7 (17.0.7+7, mixed mode, sharing, tiered, compressed oops, compressed class ptrs, g1 gc, windows-amd64)
# Problematic frame:
# C  [librdi_coregen.dll+0x50fbcf]
#
# No core dump will be written. Minidumps are not enabled by default on client versions of Windows
#
# If you would like to submit a bug report, please visit:
#   https://github.com/adoptium/adoptium-support/issues
# The crash happened outside the Java Virtual Machine in native code.
# See problematic frame for where to report the bug.
#

---------------  S U M M A R Y ------------

Command Line: -Dsun.java2d.pmoffscreen=false -Dhttps.protocols=TLSv1,TLSv1.1,TLSv1.2 -Dsun.java2d.xrender=false -Dsun.java2d.d3d=false -Dsun.awt.nopixfmt=true -Dsun.java2d.dpiaware=true -Dsun.java2d.uiScale.enabled=false -Dswing.aatext=true -XX:-UsePerfData -Djdk.map.althashing.threshold=512 -XX:StringTableSize=4072 -XX:+UseStringDeduplication -XX:MaxGCPauseMillis=200 -XX:+ParallelRefProcEnabled --add-opens=java.desktop/javax.swing.plaf.synth=ALL-UNNAMED --add-opens=java.base/java.nio=ALL-UNNAMED --add-opens=java.desktop/sun.swing=ALL-UNNAMED --add-opens=java.desktop/javax.swing=ALL-UNNAMED --add-opens=java.desktop/javax.swing.tree=ALL-UNNAMED --add-opens=java.desktop/javax.swing.plaf.basic=ALL-UNNAMED --add-opens=java.desktop/javax.swing.plaf.synth=ALL-UNNAMED --add-opens=java.desktop/javax.swing.plaf.basic=ALL-UNNAMED --add-opens=java.desktop/javax.swing=ALL-UNNAMED --add-opens=java.desktop/javax.swing.tree=ALL-UNNAMED --add-opens=java.desktop/java.awt.event=ALL-UNNAMED --add-exports=java.desktop/javax.swing.plaf.synth=ALL-UNNAMED --add-exports=java.base/java.nio=ALL-UNNAMED --add-exports=java.desktop/sun.swing=ALL-UNNAMED --add-exports=java.desktop/javax.swing=ALL-UNNAMED --add-exports=java.desktop/javax.swing.tree=ALL-UNNAMED --add-exports=java.desktop/javax.swing.plaf.basic=ALL-UNNAMED --add-exports=java.desktop/sun.swing=ALL-UNNAMED --add-exports=java.desktop/sun.swing.table=ALL-UNNAMED --add-exports=java.desktop/sun.swing.plaf.synth=ALL-UNNAMED --add-exports=java.desktop/sun.awt.shell=ALL-UNNAMED --add-exports=java.base/sun.security.action=ALL-UNNAMED --add-exports=java.desktop/sun.font=ALL-UNNAMED -XX:NewSize=80m -XX:MaxNewSize=80m -Xms512m -Xmx4072m -Xss10m 

Host: AMD Ryzen 7 7435H                              , 16 cores, 15G,  Windows 11 , 64 bit Build 26100 (10.0.26100.8246)
Time: Sat May  2 14:16:26 2026  Windows 11 , 64 bit Build 26100 (10.0.26100.8246) elapsed time: 115002.550706 seconds (1d 7h 56m 42s)

---------------  T H R E A D  ---------------

Current thread (0x000001d126c76b60):  JavaThread "AWT-EventQueue-0" [_thread_in_native, id=37136, stack(0x0000003014300000,0x0000003014d00000)]

Stack: [0x0000003014300000,0x0000003014d00000],  sp=0x0000003014cfd8a0,  free space=10230k
Native frames: (J=compiled Java code, j=interpreted, Vv=VM code, C=native code)
C  [librdi_coregen.dll+0x50fbcf]
C  0x000001d10ff5ed1d

Java frames: (J=compiled Java code, j=interpreted, Vv=VM code)
J 17554  ui.customizerjni.HACGCJModelJNI.HACGCGuiCommon_getName(JLui/customizerjni/HACGCGuiCommon;)Ljava/lang/String; (0 bytes) @ 0x000001d10ff5ec7d [0x000001d10ff5ec20+0x000000000000005d]
J 18009 c1 ui.data.coregen.a.D$a.getListCellRendererComponent(Ljavax/swing/JList;Ljava/lang/Object;IZZ)Ljava/awt/Component; (102 bytes) @ 0x000001d10973aa9c [0x000001d10973a4e0+0x00000000000005bc]
J 30516 c2 javax.swing.plaf.basic.BasicListUI.maybeUpdateLayoutState()V java.desktop@17.0.7 (17 bytes) @ 0x000001d111187c34 [0x000001d111187120+0x0000000000000b14]
J 26563 c1 javax.swing.plaf.basic.BasicListUI$Handler.valueChanged(Ljavax/swing/event/ListSelectionEvent;)V java.desktop@17.0.7 (109 bytes) @ 0x000001d10a2a4534 [0x000001d10a2a4420+0x0000000000000114]
J 20318 c1 javax.swing.DefaultListSelectionModel.fireValueChanged(IIZ)V java.desktop@17.0.7 (76 bytes) @ 0x000001d109449964 [0x000001d109449480+0x00000000000004e4]
J 25241 c2 javax.swing.DefaultListSelectionModel.fireValueChanged()V java.desktop@17.0.7 (74 bytes) @ 0x000001d10fad0588 [0x000001d10fad0520+0x0000000000000068]
J 24728 c1 javax.swing.DefaultListSelectionModel.changeSelection(IIIIZ)V java.desktop@17.0.7 (96 bytes) @ 0x000001d10a107e44 [0x000001d10a1078a0+0x00000000000005a4]
J 21925 c1 javax.swing.DefaultListSelectionModel.changeSelection(IIII)V java.desktop@17.0.7 (11 bytes) @ 0x000001d109d89594 [0x000001d109d89520+0x0000000000000074]
J 33029 c1 javax.swing.DefaultListSelectionModel.setSelectionInterval(II)V java.desktop@17.0.7 (63 bytes) @ 0x000001d10ab09f14 [0x000001d10ab09be0+0x0000000000000334]
J 25223 c1 javax.swing.plaf.basic.BasicComboPopup.configureList()V java.desktop@17.0.7 (122 bytes) @ 0x000001d10973293c [0x000001d1097307e0+0x000000000000215c]
J 25209 c1 javax.swing.plaf.basic.BasicComboPopup.<init>(Ljavax/swing/JComboBox;)V java.desktop@17.0.7 (101 bytes) @ 0x000001d109c0723c [0x000001d109c06b00+0x000000000000073c]
J 25414 c1 ui.utils.lnf.HSyntheticaComboBoxUI.createPopup()Ljavax/swing/plaf/basic/ComboPopup; (26 bytes) @ 0x000001d109c388a4 [0x000001d109c38740+0x0000000000000164]
J 25208 c1 javax.swing.plaf.basic.BasicComboBoxUI.installUI(Ljavax/swing/JComponent;)V java.desktop@17.0.7 (225 bytes) @ 0x000001d10949ddb4 [0x000001d10949dac0+0x00000000000002f4]
J 25375 c1 javax.swing.plaf.synth.SynthComboBoxUI.installUI(Ljavax/swing/JComponent;)V java.desktop@17.0.7 (18 bytes) @ 0x000001d10842250c [0x000001d108422360+0x00000000000001ac]
J 15078 c2 javax.swing.JComponent.setUI(Ljavax/swing/plaf/ComponentUI;)V java.desktop@17.0.7 (72 bytes) @ 0x000001d110010500 [0x000001d11000fa80+0x0000000000000a80]
J 25374 c1 javax.swing.JComboBox.updateUI()V java.desktop@17.0.7 (59 bytes) @ 0x000001d109146bdc [0x000001d109146940+0x000000000000029c]
j  ui.utils.swing.e.d.updateUI()V+1
J 39265 c1 javax.swing.SwingUtilities.updateComponentTreeUI0(Ljava/awt/Component;)V java.desktop@17.0.7 (100 bytes) @ 0x000001d10975791c [0x000001d109757600+0x000000000000031c]
J 39265 c1 javax.swing.SwingUtilities.updateComponentTreeUI0(Ljava/awt/Component;)V java.desktop@17.0.7 (100 bytes) @ 0x000001d109758bec [0x000001d109757600+0x00000000000015ec]
J 39265 c1 javax.swing.SwingUtilities.updateComponentTreeUI0(Ljava/awt/Component;)V java.desktop@17.0.7 (100 bytes) @ 0x000001d109758bec [0x000001d109757600+0x00000000000015ec]
J 39265 c1 javax.swing.SwingUtilities.updateComponentTreeUI0(Ljava/awt/Component;)V java.desktop@17.0.7 (100 bytes) @ 0x000001d109758bec [0x000001d109757600+0x00000000000015ec]
J 39265 c1 javax.swing.SwingUtilities.updateComponentTreeUI0(Ljava/awt/Component;)V java.desktop@17.0.7 (100 bytes) @ 0x000001d109758bec [0x000001d109757600+0x00000000000015ec]
J 39265 c1 javax.swing.SwingUtilities.updateComponentTreeUI0(Ljava/awt/Component;)V java.desktop@17.0.7 (100 bytes) @ 0x000001d109758bec [0x000001d109757600+0x00000000000015ec]
J 39265 c1 javax.swing.SwingUtilities.updateComponentTreeUI0(Ljava/awt/Component;)V java.desktop@17.0.7 (100 bytes) @ 0x000001d109758bec [0x000001d109757600+0x00000000000015ec]
J 39265 c1 javax.swing.SwingUtilities.updateComponentTreeUI0(Ljava/awt/Component;)V java.desktop@17.0.7 (100 bytes) @ 0x000001d109758bec [0x000001d109757600+0x00000000000015ec]
J 39265 c1 javax.swing.SwingUtilities.updateComponentTreeUI0(Ljava/awt/Component;)V java.desktop@17.0.7 (100 bytes) @ 0x000001d109758bec [0x000001d109757600+0x00000000000015ec]
J 39265 c1 javax.swing.SwingUtilities.updateComponentTreeUI0(Ljava/awt/Component;)V java.desktop@17.0.7 (100 bytes) @ 0x000001d109758bec [0x000001d109757600+0x00000000000015ec]
J 39265 c1 javax.swing.SwingUtilities.updateComponentTreeUI0(Ljava/awt/Component;)V java.desktop@17.0.7 (100 bytes) @ 0x000001d109758bec [0x000001d109757600+0x00000000000015ec]
J 39265 c1 javax.swing.SwingUtilities.updateComponentTreeUI0(Ljava/awt/Component;)V java.desktop@17.0.7 (100 bytes) @ 0x000001d109758bec [0x000001d109757600+0x00000000000015ec]
J 39265 c1 javax.swing.SwingUtilities.updateComponentTreeUI0(Ljava/awt/Component;)V java.desktop@17.0.7 (100 bytes) @ 0x000001d109758bec [0x000001d109757600+0x00000000000015ec]
J 39265 c1 javax.swing.SwingUtilities.updateComponentTreeUI0(Ljava/awt/Component;)V java.desktop@17.0.7 (100 bytes) @ 0x000001d109758bec [0x000001d109757600+0x00000000000015ec]
J 39265 c1 javax.swing.SwingUtilities.updateComponentTreeUI0(Ljava/awt/Component;)V java.desktop@17.0.7 (100 bytes) @ 0x000001d109758bec [0x000001d109757600+0x00000000000015ec]
J 39265 c1 javax.swing.SwingUtilities.updateComponentTreeUI0(Ljava/awt/Component;)V java.desktop@17.0.7 (100 bytes) @ 0x000001d109758bec [0x000001d109757600+0x00000000000015ec]
J 39265 c1 javax.swing.SwingUtilities.updateComponentTreeUI0(Ljava/awt/Component;)V java.desktop@17.0.7 (100 bytes) @ 0x000001d109758bec [0x000001d109757600+0x00000000000015ec]
J 39265 c1 javax.swing.SwingUtilities.updateComponentTreeUI0(Ljava/awt/Component;)V java.desktop@17.0.7 (100 bytes) @ 0x000001d109758bec [0x000001d109757600+0x00000000000015ec]
J 39265 c1 javax.swing.SwingUtilities.updateComponentTreeUI0(Ljava/awt/Component;)V java.desktop@17.0.7 (100 bytes) @ 0x000001d109758bec [0x000001d109757600+0x00000000000015ec]
J 39265 c1 javax.swing.SwingUtilities.updateComponentTreeUI0(Ljava/awt/Component;)V java.desktop@17.0.7 (100 bytes) @ 0x000001d109758bec [0x000001d109757600+0x00000000000015ec]
J 19887 c1 javax.swing.SwingUtilities.updateComponentTreeUI(Ljava/awt/Component;)V java.desktop@17.0.7 (17 bytes) @ 0x000001d109b9243c [0x000001d109b923e0+0x000000000000005c]
j  com.jidesoft.plaf.WindowsDesktopProperty.updateWindowUI(Ljava/awt/Window;)V+1
j  com.jidesoft.plaf.WindowsDesktopProperty.updateWindowUI(Ljava/awt/Window;)V+31
j  com.jidesoft.plaf.WindowsDesktopProperty.updateAllUIs()V+23
j  com.jidesoft.plaf.WindowsDesktopProperty.access$000()V+0
j  com.jidesoft.plaf.WindowsDesktopProperty$1.run()V+0
J 14435 c2 java.awt.EventQueue.dispatchEvent(Ljava/awt/AWTEvent;)V java.desktop@17.0.7 (80 bytes) @ 0x000001d10ffb211c [0x000001d10ffb1b40+0x00000000000005dc]
J 38182 c2 ui.frmwork.a.d.dispatchEvent(Ljava/awt/AWTEvent;)V (42 bytes) @ 0x000001d111bd6874 [0x000001d111bd6340+0x0000000000000534]
J 24054 c2 java.awt.EventDispatchThread.pumpOneEventForFilters(I)V java.desktop@17.0.7 (113 bytes) @ 0x000001d1107dd3cc [0x000001d1107dcfc0+0x000000000000040c]
J 27002% c2 java.awt.EventDispatchThread.pumpEventsForFilter(ILjava/awt/Conditional;Ljava/awt/EventFilter;)V java.desktop@17.0.7 (47 bytes) @ 0x000001d1109ca48c [0x000001d1109ca360+0x000000000000012c]
j  java.awt.EventDispatchThread.pumpEventsForHierarchy(ILjava/awt/Conditional;Ljava/awt/Component;)V+11 java.desktop@17.0.7
j  java.awt.EventDispatchThread.pumpEvents(ILjava/awt/Conditional;)V+4 java.desktop@17.0.7
j  java.awt.EventDispatchThread.pumpEvents(Ljava/awt/Conditional;)V+3 java.desktop@17.0.7
j  java.awt.EventDispatchThread.run()V+9 java.desktop@17.0.7
v  ~StubRoutines::call_stub

siginfo: EXCEPTION_ACCESS_VIOLATION (0xc0000005), reading address 0xffffffffffffffff


Register to memory mapping:

RIP=0x00007ff9d451fbcf librdi_coregen.dll
RAX=0x30c34ecb53bd9c78 is an unknown value
RBX={method} {0x0000000800429028} 'equals' '(Ljava/lang/Object;)Z' in 'java/lang/String'
RCX=0x000001d13a645200 points into unknown readable memory: 0x30c34ecb53bd9c78 | 78 9c bd 53 cb 4e c3 30
RDX=0x0000003014cfd900 is pointing into the stack for thread: 0x000001d126c76b60
RSP=0x0000003014cfd8a0 is pointing into the stack for thread: 0x000001d126c76b60
RBP=0x0000003014cfd9e0 is pointing into the stack for thread: 0x000001d126c76b60
RSI=0x000000070495abc0 is an oop: ui.customizerjni.HACGCGuiParam 
{0x000000070495abc0} - klass: 'ui/customizerjni/HACGCGuiParam'
 - ---- fields (total size 7 words):
 - protected transient 'swigCMemOwn' 'Z' @12  false
 - private transient 'swigCPtr' 'J' @16  1998139445768 (3a645208 1d1)
 - private transient 'swigCPtr' 'J' @24  1998139445760 (3a645200 1d1)
 - private transient 'swigCPtr' 'J' @32  1998139445760 (3a645200 1d1)
 - private transient 'swigCPtr' 'J' @40  1998139445760 (3a645200 1d1)
 - private transient 'swigCPtr' 'J' @48  1998139445760 (3a645200 1d1)
RDI=0x000001d126c76e08 points into unknown readable memory: 0x00007ffa08c417e0 | e0 17 c4 08 fa 7f 00 00
R8 =0x000001d13a645200 points into unknown readable memory: 0x30c34ecb53bd9c78 | 78 9c bd 53 cb 4e c3 30
R9 =0x0000003014cfd9a8 is pointing into the stack for thread: 0x000001d126c76b60
R10=0x00007ff9d451fb80 librdi_coregen.dll
R11=0x0000003014cfd978 is pointing into the stack for thread: 0x000001d126c76b60
R12=0x0 is NULL
R13=0x0000000801c07a90 is a pointer to class: 
ui.data.coregen.a.aC {0x0000000801c07a98}
 - instance size:     3
 - klass size:        76
 - access:            public synchronized 
 - state:             fully_initialized
 - name:              'ui/data/coregen/a/aC'
 - super:             'ui/utils/swing/e/d$d'
 - sub:               
 - arrays:            NULL
 - methods:           Array<T>(0x000001d14b78bef8)
 - method ordering:   Array<T>(0x00000008008f15d8)
 - default_methods:   Array<T>(0x0000000000000000)
 - local interfaces:  Array<T>(0x00000008005cf880)
 - trans. interfaces: Array<T>(0x000001d1216ad660)
 - constants:         constant pool [30] {0x000001d14b78bd88} for 'ui/data/coregen/a/aC' cache=0x000001d14b78c280
 - class loader data:  loader data: 0x000001d17988adc0 for instance a 'jdk/internal/loader/ClassLoaders$AppClassLoader'{0x0000000702237b30}
 - source file:       'SourceFile'
 - class annotations:       Array<T>(0x0000000000000000)
 - class type annotations:  Array<T>(0x0000000000000000)
 - field annotations:       Array<T>(0x0000000000000000)
 - field type annotations:  Array<T>(0x0000000000000000)
 - inner classes:     Array<T>(0x000001d14b78c0e8)
 - nest members:     Array<T>(0x00000008005cf810)
 - permitted subclasses:     Array<T>(0x00000008005cf810)
 - java mirror:       a 'java/lang/Class'{0x0000000704960b68} = 'ui/data/coregen/a/aC'
 - vtable length      11  (start addr: 0x0000000801c07c58)
 - itable length      7 (start addr: 0x0000000801c07cb0)
 - ---- static fields (0 words):
 - ---- non-static fields (3 words):
 - 'pwW' 'Z' @12 
 - 'pwX' 'Z' @13 
 - 'pwV' 'Ljava/lang/Object;' @16 
 - 'ent' 'Lui/customizerjni/HACGCPairStrStr;' @20 
 - non-static oop maps: 16-20 
R14=0x0000003014cfd9d0 is pointing into the stack for thread: 0x000001d126c76b60
R15=0x000001d126c76b60 is a thread


Registers:
RAX=0x30c34ecb53bd9c78, RBX=0x0000000800429020, RCX=0x000001d13a645200, RDX=0x0000003014cfd900
RSP=0x0000003014cfd8a0, RBP=0x0000003014cfd9e0, RSI=0x000000070495abc0, RDI=0x000001d126c76e08
R8 =0x000001d13a645200, R9 =0x0000003014cfd9a8, R10=0x00007ff9d451fb80, R11=0x0000003014cfd978
R12=0x0000000000000000, R13=0x0000000801c07a90, R14=0x0000003014cfd9d0, R15=0x000001d126c76b60
RIP=0x00007ff9d451fbcf, EFLAGS=0x0000000000010206

Top of Stack: (sp=0x0000003014cfd8a0)
0x0000003014cfd8a0:   0000000751cbb8d0 0000000702f1ed38
0x0000003014cfd8b0:   0000000000000000 0000000702f1ed38
0x0000003014cfd8c0:   000001d126c76e08 fffffffffffffffe
0x0000003014cfd8d0:   0000000000000000 0000000751cbb8d0
0x0000003014cfd8e0:   0000000700000001 0000000000000000
0x0000003014cfd8f0:   00000000cc7237ec 00000007034176a0
0x0000003014cfd900:   00000000e0682eb7 000001d10f7b27c4
0x0000003014cfd910:   00000000e1e91e84 000001d10eea8725
0x0000003014cfd920:   00000000e0682e00 000001d10f7b27c4
0x0000003014cfd930:   0000000000000000 000000000000000f
0x0000003014cfd940:   0000000751cbb9b0 0000000702f1ed38
0x0000003014cfd950:   0000000751cbb784 0000000751cbb8d0
0x0000003014cfd960:   00000000e1e8806e 0000f1b7a81759b4
0x0000003014cfd970:   000001d14b817280 000001d10ff5ed1d
0x0000003014cfd980:   0000000700000001 0000000800429020
0x0000003014cfd990:   00000007cc7237ec 00000000e1e8807b 

Instructions: (pc=0x00007ff9d451fbcf)
0x00007ff9d451facf:   24 a8 00 00 00 48 33 cc e8 54 0a ea 00 48 81 c4
0x00007ff9d451fadf:   b8 00 00 00 c3 32 c0 48 8b 8c 24 a8 00 00 00 48
0x00007ff9d451faef:   33 cc e8 3a 0a ea 00 48 81 c4 b8 00 00 00 c3 eb
0x00007ff9d451faff:   e4 eb e2 cc cc cc cc cc cc cc cc cc cc cc cc cc
0x00007ff9d451fb0f:   cc 48 81 ec b8 00 00 00 48 c7 44 24 28 fe ff ff
0x00007ff9d451fb1f:   ff 48 8b 05 09 c6 04 02 48 33 c4 48 89 84 24 a8
0x00007ff9d451fb2f:   00 00 00 48 89 4c 24 20 41 0f b6 40 28 48 8b 8c
0x00007ff9d451fb3f:   24 a8 00 00 00 48 33 cc e8 e4 09 ea 00 48 81 c4
0x00007ff9d451fb4f:   b8 00 00 00 c3 32 c0 48 8b 8c 24 a8 00 00 00 48
0x00007ff9d451fb5f:   33 cc e8 ca 09 ea 00 48 81 c4 b8 00 00 00 c3 eb
0x00007ff9d451fb6f:   e4 eb e2 cc cc cc cc cc cc cc cc cc cc cc cc cc
0x00007ff9d451fb7f:   cc 4c 8b dc 57 48 81 ec d0 00 00 00 48 c7 44 24
0x00007ff9d451fb8f:   28 fe ff ff ff 49 89 5b 10 48 8b 05 91 c5 04 02
0x00007ff9d451fb9f:   48 33 c4 48 89 84 24 c8 00 00 00 48 8b f9 48 89
0x00007ff9d451fbaf:   4c 24 20 66 0f 6f 05 d6 14 6d 01 f3 41 0f 7f 43
0x00007ff9d451fbbf:   b8 41 c6 43 a8 00 49 8b 00 49 8d 53 88 49 8b c8
0x00007ff9d451fbcf:   ff 10 48 8b d8 48 8d 84 24 80 00 00 00 48 3b c3
0x00007ff9d451fbdf:   74 37 48 8d 8c 24 80 00 00 00 e8 22 76 c2 ff 0f
0x00007ff9d451fbef:   10 03 0f 11 84 24 80 00 00 00 0f 10 4b 10 0f 11
0x00007ff9d451fbff:   8c 24 90 00 00 00 48 c7 43 10 00 00 00 00 48 c7
0x00007ff9d451fc0f:   43 18 0f 00 00 00 c6 03 00 48 8b 54 24 78 48 83
0x00007ff9d451fc1f:   fa 10 72 36 48 ff c2 48 8b 4c 24 60 48 8b c1 48
0x00007ff9d451fc2f:   81 fa 00 10 00 00 72 1c 48 83 c2 27 48 8b 49 f8
0x00007ff9d451fc3f:   48 2b c1 48 83 c0 f8 48 83 f8 1f 76 07 ff 15 9e
0x00007ff9d451fc4f:   3c 6b 01 cc e8 a4 00 ea 00 90 48 8d 94 24 80 00
0x00007ff9d451fc5f:   00 00 48 83 bc 24 98 00 00 00 10 48 0f 43 94 24
0x00007ff9d451fc6f:   80 00 00 00 48 8b 07 48 8b cf ff 90 38 05 00 00
0x00007ff9d451fc7f:   48 8b d8 48 8b 94 24 98 00 00 00 48 83 fa 10 72
0x00007ff9d451fc8f:   35 48 ff c2 48 8b 8c 24 80 00 00 00 48 8b c1 48
0x00007ff9d451fc9f:   81 fa 00 10 00 00 72 19 48 83 c2 27 48 8b 49 f8
0x00007ff9d451fcaf:   48 2b c1 48 83 c0 f8 48 83 f8 1f 0f 87 a6 00 00
0x00007ff9d451fcbf:   00 e8 37 00 ea 00 48 8b c3 eb 41 48 8b 94 24 98 


Stack slot to memory mapping:
stack at sp + 0 slots: 0x0000000751cbb8d0 is an oop: java.lang.String 
{0x0000000751cbb8d0} - klass: 'java/lang/String'
 - string: "Synthetica.list.defaultCellRenderer.className.ComboBox.list"
stack at sp + 1 slots: 0x0000000702f1ed38 is an oop: java.lang.String 
{0x0000000702f1ed38} - klass: 'java/lang/String'
 - string: "Synthetica.font.enabled"
stack at sp + 2 slots: 0x0 is NULL
stack at sp + 3 slots: 0x0000000702f1ed38 is an oop: java.lang.String 
{0x0000000702f1ed38} - klass: 'java/lang/String'
 - string: "Synthetica.font.enabled"
stack at sp + 4 slots: 0x000001d126c76e08 points into unknown readable memory: 0x00007ffa08c417e0 | e0 17 c4 08 fa 7f 00 00
stack at sp + 5 slots: 0xfffffffffffffffe is an unknown value
stack at sp + 6 slots: 0x0 is NULL
stack at sp + 7 slots: 0x0000000751cbb8d0 is an oop: java.lang.String 
{0x0000000751cbb8d0} - klass: 'java/lang/String'
 - string: "Synthetica.list.defaultCellRenderer.className.ComboBox.list"


---------------  P R O C E S S  ---------------

Threads class SMR info:
_java_thread_list=0x000001d1bc5d0df0, length=91, elements={
0x000001d17956ec90, 0x000001d179843f50, 0x000001d179848040, 0x000001d179863ea0,
0x000001d179866380, 0x000001d179867880, 0x000001d179870e80, 0x000001d179877170,
0x000001d1798796d0, 0x000001d179879be0, 0x000001d179b40e30, 0x000001d179b53370,
0x000001d123490620, 0x000001d1238ebd30, 0x000001d123445e20, 0x000001d1257ea0a0,
0x000001d126c76b60, 0x000001d1708f28f0, 0x000001d1708f2dc0, 0x000001d1708f45d0,
0x000001d127003080, 0x000001d127002210, 0x000001d127005700, 0x000001d127f71640,
0x000001d127f71fe0, 0x000001d12ce7fa70, 0x000001d127d67530, 0x000001d13f96fc90,
0x000001d13f972cb0, 0x000001d13f976b40, 0x000001d13f9774e0, 0x000001d13f977e80,
0x000001d13f978350, 0x000001d13f978820, 0x000001d13f975800, 0x000001d146a045a0,
0x000001d146a14e50, 0x000001d15272dfa0, 0x000001d15272c790, 0x000001d15272bdf0,
0x000001d152730620, 0x000001d152730af0, 0x000001d152731e30, 0x000001d152733fe0,
0x000001d152734980, 0x000001d152732300, 0x000001d152739b50, 0x000001d1527379a0,
0x000001d1527426e0, 0x000001d152725410, 0x000001d15272e940, 0x000001d152736190,
0x000001d152742210, 0x000001d15274c5b0, 0x000001d1527490c0, 0x000001d152750440,
0x000001d15274ca80, 0x000001d15274d420, 0x000001d15274faa0, 0x000001d15274ec30,
0x000001d152751780, 0x000001d15274ff70, 0x000001d15274cf50, 0x000001d152750de0,
0x000001d15274e290, 0x000001d15274e760, 0x000001d1527542d0, 0x000001d152753e00,
0x000001d1527547a0, 0x000001d152725db0, 0x000001d152726c20, 0x000001d146a15cc0,
0x000001d146a144b0, 0x000001d146a127d0, 0x000001d146a12ca0, 0x000001d146a13b10,
0x000001d146a14980, 0x000001d146a19680, 0x000001d1469fba10, 0x000001d15274f5d0,
0x000001d152733b10, 0x000001d13f9779b0, 0x000001d13f974990, 0x000001d13f973ff0,
0x000001d13f974e60, 0x000001d1469fd220, 0x000001d1469fbee0, 0x000001d146a0e940,
0x000001d146a157f0, 0x000001d146a04a70, 0x000001d14415e110
}

Java Threads: ( => current thread )
  0x000001d17956ec90 JavaThread "main" [_thread_blocked, id=21636, stack(0x000000300a600000,0x000000300a700000)]
  0x000001d179843f50 JavaThread "Reference Handler" daemon [_thread_blocked, id=10524, stack(0x000000300ae00000,0x000000300b800000)]
  0x000001d179848040 JavaThread "Finalizer" daemon [_thread_blocked, id=16940, stack(0x000000300b800000,0x000000300c200000)]
  0x000001d179863ea0 JavaThread "Signal Dispatcher" daemon [_thread_blocked, id=38960, stack(0x000000300c200000,0x000000300cc00000)]
  0x000001d179866380 JavaThread "Attach Listener" daemon [_thread_blocked, id=30100, stack(0x000000300cc00000,0x000000300d600000)]
  0x000001d179867880 JavaThread "Service Thread" daemon [_thread_blocked, id=49580, stack(0x000000300d600000,0x000000300e000000)]
  0x000001d179870e80 JavaThread "Monitor Deflation Thread" daemon [_thread_blocked, id=15456, stack(0x000000300e000000,0x000000300ea00000)]
  0x000001d179877170 JavaThread "C2 CompilerThread0" daemon [_thread_blocked, id=5160, stack(0x000000300ea00000,0x000000300eb00000)]
  0x000001d1798796d0 JavaThread "C1 CompilerThread0" daemon [_thread_blocked, id=16328, stack(0x000000300eb00000,0x000000300ec00000)]
  0x000001d179879be0 JavaThread "Sweeper thread" daemon [_thread_blocked, id=19372, stack(0x000000300ec00000,0x000000300f600000)]
  0x000001d179b40e30 JavaThread "Common-Cleaner" daemon [_thread_blocked, id=1772, stack(0x000000300f900000,0x0000003010300000)]
  0x000001d179b53370 JavaThread "Notification Thread" daemon [_thread_blocked, id=5532, stack(0x0000003010300000,0x0000003010d00000)]
  0x000001d123490620 JavaThread "Java2D Disposer" daemon [_thread_blocked, id=16028, stack(0x0000003010e00000,0x0000003011800000)]
  0x000001d1238ebd30 JavaThread "AWT-Windows" daemon [_thread_in_native, id=47172, stack(0x0000003012200000,0x0000003012c00000)]
  0x000001d123445e20 JavaThread "TimerQueue" daemon [_thread_blocked, id=50404, stack(0x0000003011800000,0x0000003012200000)]
  0x000001d1257ea0a0 JavaThread "AWT-Shutdown" [_thread_blocked, id=18388, stack(0x0000003013900000,0x0000003014300000)]
=>0x000001d126c76b60 JavaThread "AWT-EventQueue-0" [_thread_in_native, id=37136, stack(0x0000003014300000,0x0000003014d00000)]
  0x000001d1708f28f0 JavaThread "Thread-1" [_thread_in_native, id=17944, stack(0x0000003008c00000,0x000000300a000000)]
  0x000001d1708f2dc0 JavaThread "Process Messages Thread" [_thread_blocked, id=35056, stack(0x0000003016700000,0x0000003017100000)]
  0x000001d1708f45d0 JavaThread "Batik CleanerThread" daemon [_thread_blocked, id=29304, stack(0x0000003017100000,0x0000003017b00000)]
  0x000001d127003080 JavaThread "SyntheticaCleanerThread" daemon [_thread_blocked, id=4412, stack(0x0000003018500000,0x0000003018f00000)]
  0x000001d127002210 JavaThread "Timer-0" [_thread_blocked, id=38240, stack(0x0000003019900000,0x000000301a300000)]
  0x000001d127005700 JavaThread "Monitor File Timestamp Swing Worker Thread" [_thread_blocked, id=13948, stack(0x000000301a300000,0x000000301ad00000)]
  0x000001d127f71640 JavaThread "Monitor HEventQueue Thread" [_thread_blocked, id=24792, stack(0x000000301ad00000,0x000000301b700000)]
  0x000001d127f71fe0 JavaThread "SyntheticaAnimation 50" daemon [_thread_blocked, id=28120, stack(0x000000301b700000,0x000000301c100000)]
  0x000001d12ce7fa70 JavaThread "SyntheticaAnimation 25" daemon [_thread_blocked, id=12656, stack(0x000000301c100000,0x000000301cb00000)]
  0x000001d127d67530 JavaThread "SyntheticaAnimation 70" daemon [_thread_blocked, id=9164, stack(0x000000301d500000,0x000000301df00000)]
  0x000001d13f96fc90 JavaThread "Refresh Filesets Swing Worker Thread" [_thread_blocked, id=34368, stack(0x0000003014d00000,0x0000003015700000)]
  0x000001d13f972cb0 JavaThread "hw_ila_monitor" [_thread_blocked, id=30432, stack(0x0000003017b00000,0x0000003018500000)]
  0x000001d13f976b40 JavaThread "pool-2-thread-1" [_thread_blocked, id=41908, stack(0x000000301e900000,0x000000301f300000)]
  0x000001d13f9774e0 JavaThread "pool-3-thread-1" [_thread_blocked, id=21208, stack(0x000000301fd00000,0x0000003020700000)]
  0x000001d13f977e80 JavaThread "pool-4-thread-1" [_thread_blocked, id=23152, stack(0x0000003021100000,0x0000003021b00000)]
  0x000001d13f978350 JavaThread "pool-5-thread-1" [_thread_blocked, id=39352, stack(0x0000003022500000,0x0000003022f00000)]
  0x000001d13f978820 JavaThread "pool-6-thread-1" [_thread_blocked, id=41180, stack(0x0000003023900000,0x0000003024300000)]
  0x000001d13f975800 JavaThread "Swing-Shell" daemon [_thread_blocked, id=30564, stack(0x0000003018f00000,0x0000003019900000)]
  0x000001d146a045a0 JavaThread "SyntheticaAnimation 50" daemon [_thread_blocked, id=13268, stack(0x000000301df00000,0x000000301e900000)]
  0x000001d146a14e50 JavaThread "pool-8-thread-1" [_thread_blocked, id=27284, stack(0x0000003026100000,0x0000003026b00000)]
  0x000001d15272dfa0 JavaThread "pool-9-thread-1" [_thread_blocked, id=19968, stack(0x0000003028900000,0x0000003029300000)]
  0x000001d15272c790 JavaThread "pool-10-thread-1" [_thread_blocked, id=26284, stack(0x0000003029d00000,0x000000302a700000)]
  0x000001d15272bdf0 JavaThread "pool-11-thread-1" [_thread_blocked, id=50096, stack(0x000000302b100000,0x000000302bb00000)]
  0x000001d152730620 JavaThread "pool-12-thread-1" [_thread_blocked, id=40804, stack(0x000000302c500000,0x000000302cf00000)]
  0x000001d152730af0 JavaThread "pool-13-thread-1" [_thread_blocked, id=28204, stack(0x000000302d900000,0x000000302e300000)]
  0x000001d152731e30 JavaThread "pool-14-thread-1" [_thread_blocked, id=16860, stack(0x000000302ed00000,0x000000302f700000)]
  0x000001d152733fe0 JavaThread "pool-15-thread-1" [_thread_blocked, id=30968, stack(0x0000003030100000,0x0000003030b00000)]
  0x000001d152734980 JavaThread "pool-16-thread-1" [_thread_blocked, id=48456, stack(0x0000003031500000,0x0000003031f00000)]
  0x000001d152732300 JavaThread "pool-17-thread-1" [_thread_blocked, id=45488, stack(0x0000003032900000,0x0000003033300000)]
  0x000001d152739b50 JavaThread "pool-18-thread-1" [_thread_blocked, id=30132, stack(0x0000003033d00000,0x0000003034700000)]
  0x000001d1527379a0 JavaThread "pool-19-thread-1" [_thread_blocked, id=33496, stack(0x0000003035100000,0x0000003035b00000)]
  0x000001d1527426e0 JavaThread "SyntheticaAnimation 50" daemon [_thread_blocked, id=3380, stack(0x000000301cb00000,0x000000301d500000)]
  0x000001d152725410 JavaThread "pool-20-thread-1" [_thread_blocked, id=11956, stack(0x0000003024300000,0x0000003024d00000)]
  0x000001d15272e940 JavaThread "pool-21-thread-1" [_thread_blocked, id=12212, stack(0x0000003025700000,0x0000003026100000)]
  0x000001d152736190 JavaThread "pool-22-thread-1" [_thread_blocked, id=45428, stack(0x0000003027500000,0x0000003027f00000)]
  0x000001d152742210 JavaThread "pool-23-thread-1" [_thread_blocked, id=17880, stack(0x0000003029300000,0x0000003029d00000)]
  0x000001d15274c5b0 JavaThread "pool-24-thread-1" [_thread_blocked, id=33136, stack(0x000000302bb00000,0x000000302c500000)]
  0x000001d1527490c0 JavaThread "pool-25-thread-1" [_thread_blocked, id=18160, stack(0x000000302e300000,0x000000302ed00000)]
  0x000001d152750440 JavaThread "pool-26-thread-1" [_thread_blocked, id=47784, stack(0x0000003036500000,0x0000003036f00000)]
  0x000001d15274ca80 JavaThread "pool-27-thread-1" [_thread_blocked, id=32136, stack(0x0000003037900000,0x0000003038300000)]
  0x000001d15274d420 JavaThread "pool-28-thread-1" [_thread_blocked, id=35556, stack(0x0000003038d00000,0x0000003039700000)]
  0x000001d15274faa0 JavaThread "pool-29-thread-1" [_thread_blocked, id=35676, stack(0x000000303a100000,0x000000303ab00000)]
  0x000001d15274ec30 JavaThread "pool-30-thread-1" [_thread_blocked, id=30056, stack(0x000000303b500000,0x000000303bf00000)]
  0x000001d152751780 JavaThread "Timer-29" [_thread_blocked, id=38456, stack(0x0000003020700000,0x0000003021100000)]
  0x000001d15274ff70 JavaThread "Update Runs Swing Worker Thread" [_thread_blocked, id=39744, stack(0x0000003022f00000,0x0000003023900000)]
  0x000001d15274cf50 JavaThread "pool-32-thread-1" [_thread_blocked, id=48040, stack(0x0000003026b00000,0x0000003027500000)]
  0x000001d152750de0 JavaThread "pool-33-thread-1" [_thread_blocked, id=32024, stack(0x000000302a700000,0x000000302b100000)]
  0x000001d15274e290 JavaThread "pool-34-thread-1" [_thread_blocked, id=2704, stack(0x000000302f700000,0x0000003030100000)]
  0x000001d15274e760 JavaThread "pool-35-thread-1" [_thread_blocked, id=24788, stack(0x0000003031f00000,0x0000003032900000)]
  0x000001d1527542d0 JavaThread "pool-36-thread-1" [_thread_blocked, id=42640, stack(0x0000003035b00000,0x0000003036500000)]
  0x000001d152753e00 JavaThread "pool-37-thread-1" [_thread_blocked, id=10604, stack(0x0000003038300000,0x0000003038d00000)]
  0x000001d1527547a0 JavaThread "Timer-36" [_thread_blocked, id=49076, stack(0x0000003039700000,0x000000303a100000)]
  0x000001d152725db0 JavaThread "pool-38-thread-1" [_thread_blocked, id=28936, stack(0x000000303ab00000,0x000000303b500000)]
  0x000001d152726c20 JavaThread "Timer-37" [_thread_blocked, id=7504, stack(0x000000303bf00000,0x000000303c900000)]
  0x000001d146a15cc0 JavaThread "pool-39-thread-1" [_thread_blocked, id=23296, stack(0x000000303c900000,0x000000303d300000)]
  0x000001d146a144b0 JavaThread "Timer-38" [_thread_blocked, id=20928, stack(0x000000303d300000,0x000000303dd00000)]
  0x000001d146a127d0 JavaThread "pool-40-thread-1" [_thread_blocked, id=20336, stack(0x000000303dd00000,0x000000303e700000)]
  0x000001d146a12ca0 JavaThread "Timer-39" [_thread_blocked, id=48816, stack(0x000000303e700000,0x000000303f100000)]
  0x000001d146a13b10 JavaThread "pool-41-thread-1" [_thread_blocked, id=36608, stack(0x000000303f100000,0x000000303fb00000)]
  0x000001d146a14980 JavaThread "Timer-40" [_thread_blocked, id=48720, stack(0x000000303fb00000,0x0000003040500000)]
  0x000001d146a19680 JavaThread "pool-42-thread-1" [_thread_blocked, id=19796, stack(0x0000003040500000,0x0000003040f00000)]
  0x000001d1469fba10 JavaThread "Timer-41" [_thread_blocked, id=31544, stack(0x0000003040f00000,0x0000003041900000)]
  0x000001d15274f5d0 JavaThread "Timer-42" [_thread_blocked, id=27336, stack(0x0000003024d00000,0x0000003025700000)]
  0x000001d152733b10 JavaThread "Image Animator 3" daemon [_thread_blocked, id=42312, stack(0x0000003033300000,0x0000003033d00000)]
  0x000001d13f9779b0 JavaThread "Timer-44" [_thread_blocked, id=29456, stack(0x0000003027f00000,0x0000003028900000)]
  0x000001d13f974990 JavaThread "Monitor File Timestamp Swing Worker Thread" [_thread_blocked, id=49312, stack(0x000000302cf00000,0x000000302d900000)]
  0x000001d13f973ff0 JavaThread "Timer-45" [_thread_blocked, id=9716, stack(0x0000003030b00000,0x0000003031500000)]
  0x000001d13f974e60 JavaThread "Monitor File Timestamp Swing Worker Thread" [_thread_blocked, id=12512, stack(0x0000003034700000,0x0000003035100000)]
  0x000001d1469fd220 JavaThread "pool-45-thread-1" [_thread_blocked, id=19512, stack(0x0000003041900000,0x0000003042300000)]
  0x000001d1469fbee0 JavaThread "Timer-46" [_thread_blocked, id=26328, stack(0x0000003042300000,0x0000003042d00000)]
  0x000001d146a0e940 JavaThread "Timer-47" [_thread_blocked, id=24848, stack(0x0000003036f00000,0x0000003037900000)]
  0x000001d146a157f0 JavaThread "Monitor File Timestamp Swing Worker Thread" [_thread_blocked, id=46824, stack(0x0000003042d00000,0x0000003043700000)]
  0x000001d146a04a70 JavaThread "Timer-48" [_thread_blocked, id=48464, stack(0x0000003043700000,0x0000003044100000)]
  0x000001d14415e110 JavaThread "Monitor File Timestamp Swing Worker Thread" [_thread_blocked, id=38708, stack(0x0000003044100000,0x0000003044b00000)]

Other Threads:
  0x000001d1785f2900 VMThread "VM Thread" [stack: 0x000000300ad00000,0x000000300ae00000] [id=45792]
  0x000001d1795eaa80 WatcherThread [stack: 0x0000003010d00000,0x0000003010e00000] [id=15520]
  0x000001d178130a90 GCTaskThread "GC Thread#0" [stack: 0x000000300a700000,0x000000300a800000] [id=51108]
  0x000001d178132d80 GCTaskThread "GC Thread#1" [stack: 0x000000300f800000,0x000000300f900000] [id=10732]
  0x000001d1781332e0 GCTaskThread "GC Thread#2" [stack: 0x0000003012c00000,0x0000003012d00000] [id=47912]
  0x000001d178132570 GCTaskThread "GC Thread#3" [stack: 0x0000003012e00000,0x0000003012f00000] [id=27748]
  0x000001d178134860 GCTaskThread "GC Thread#4" [stack: 0x0000003012f00000,0x0000003013000000] [id=38640]
  0x000001d178134dc0 GCTaskThread "GC Thread#5" [stack: 0x0000003013000000,0x0000003013100000] [id=16784]
  0x000001d178133590 GCTaskThread "GC Thread#6" [stack: 0x0000003013100000,0x0000003013200000] [id=41816]
  0x000001d178133030 GCTaskThread "GC Thread#7" [stack: 0x0000003013300000,0x0000003013400000] [id=2428]
  0x000001d178132820 GCTaskThread "GC Thread#8" [stack: 0x0000003013400000,0x0000003013500000] [id=9812]
  0x000001d178134050 GCTaskThread "GC Thread#9" [stack: 0x0000003013500000,0x0000003013600000] [id=33156]
  0x000001d178134300 GCTaskThread "GC Thread#10" [stack: 0x0000003013600000,0x0000003013700000] [id=41404]
  0x000001d178135070 GCTaskThread "GC Thread#11" [stack: 0x0000003013700000,0x0000003013800000] [id=20020]
  0x000001d178132010 GCTaskThread "GC Thread#12" [stack: 0x0000003013800000,0x0000003013900000] [id=28768]
  0x000001d178c04b80 ConcurrentGCThread "G1 Main Marker" [stack: 0x000000300a800000,0x000000300a900000] [id=10196]
  0x000001d178130ff0 ConcurrentGCThread "G1 Conc#0" [stack: 0x000000300a900000,0x000000300aa00000] [id=16268]
  0x000001d178132ad0 ConcurrentGCThread "G1 Conc#1" [stack: 0x0000003015d00000,0x0000003015e00000] [id=22628]
  0x000001d178131ab0 ConcurrentGCThread "G1 Conc#2" [stack: 0x0000003015e00000,0x0000003015f00000] [id=31844]
  0x000001d1786e7770 ConcurrentGCThread "G1 Refine#0" [stack: 0x000000300aa00000,0x000000300ab00000] [id=44296]
  0x000001d1b11002e0 ConcurrentGCThread "G1 Refine#1" [stack: 0x0000003015f00000,0x0000003016000000] [id=21476]
  0x000001d1bc245f60 ConcurrentGCThread "G1 Refine#2" [stack: 0x0000003008800000,0x0000003008900000] [id=27504]
  0x000001d176a97970 ConcurrentGCThread "G1 Service" [stack: 0x000000300ab00000,0x000000300ac00000] [id=25224]
  0x000001d178131550 ConcurrentGCThread "StringDedupProcessor" [stack: 0x000000300ac00000,0x000000300ad00000] [id=17496]

Threads with active compile tasks:

VM state: not at safepoint (normal execution)

VM Mutex/Monitor currently owned by a thread: None

Heap address: 0x0000000701800000, size: 4072 MB, Compressed Oops mode: Zero based, Oop shift amount: 3

CDS archive(s) mapped at: [0x0000000800000000-0x0000000800bc0000-0x0000000800bc0000), size 12320768, SharedBaseAddress: 0x0000000800000000, ArchiveRelocationMode: 0.
Compressed class space mapped at: 0x0000000801000000-0x0000000841000000, reserved size: 1073741824
Narrow klass base: 0x0000000800000000, Narrow klass shift: 0, Narrow klass range: 0x100000000

GC Precious Log:
 CPUs: 16 total, 16 available
 Memory: 16069M
 Large Page Support: Disabled
 NUMA Support: Disabled
 Compressed Oops: Enabled (Zero based)
 Heap Region Size: 2M
 Heap Min Capacity: 512M
 Heap Initial Capacity: 512M
 Heap Max Capacity: 4072M
 Pre-touch: Disabled
 Parallel Workers: 13
 Concurrent Workers: 3
 Concurrent Refinement Workers: 13
 Periodic GC: Disabled
 String Deduplication is enabled

Heap:
 garbage-first heap   total 1351680K, used 301730K [0x0000000701800000, 0x0000000800000000)
  region size 2048K, 20 young (40960K), 2 survivors (4096K)
 Metaspace       used 118440K, committed 118912K, reserved 1179648K
  class space    used 16878K, committed 17152K, reserved 1048576K

Heap Regions: E=young(eden), S=young(survivor), O=old, HS=humongous(starts), HC=humongous(continues), CS=collection set, F=free, OA=open archive, CA=closed archive, TAMS=top-at-mark-start (previous, next)
|   0|0x0000000701800000, 0x0000000701a00000, 0x0000000701a00000|100%|HS|  |TAMS 0x0000000701a00000, 0x0000000701800000| Untracked 
|   1|0x0000000701a00000, 0x0000000701bffea0, 0x0000000701c00000| 99%| O|  |TAMS 0x0000000701bffea0, 0x0000000701a00000| Untracked 
|   2|0x0000000701c00000, 0x0000000701dfffe8, 0x0000000701e00000| 99%| O|  |TAMS 0x0000000701dfffe8, 0x0000000701c00000| Untracked 
|   3|0x0000000701e00000, 0x0000000701fffff8, 0x0000000702000000| 99%| O|  |TAMS 0x0000000701fffff8, 0x0000000701e00000| Untracked 
|   4|0x0000000702000000, 0x00000007021ffff0, 0x0000000702200000| 99%| O|  |TAMS 0x00000007021ffff0, 0x0000000702000000| Untracked 
|   5|0x0000000702200000, 0x0000000702400000, 0x0000000702400000|100%| O|  |TAMS 0x0000000702400000, 0x0000000702200000| Untracked 
|   6|0x0000000702400000, 0x0000000702600000, 0x0000000702600000|100%| O|  |TAMS 0x0000000702600000, 0x0000000702400000| Untracked 
|   7|0x0000000702600000, 0x00000007027ffff8, 0x0000000702800000| 99%| O|  |TAMS 0x00000007027ffff8, 0x0000000702600000| Untracked 
|   8|0x0000000702800000, 0x00000007029ffff0, 0x0000000702a00000| 99%| O|  |TAMS 0x00000007029ffff0, 0x0000000702800000| Untracked 
|   9|0x0000000702a00000, 0x0000000702bffff8, 0x0000000702c00000| 99%| O|  |TAMS 0x0000000702bffff8, 0x0000000702a00000| Untracked 
|  10|0x0000000702c00000, 0x0000000702dfffd8, 0x0000000702e00000| 99%| O|  |TAMS 0x0000000702dfffd8, 0x0000000702c00000| Untracked 
|  11|0x0000000702e00000, 0x0000000703000000, 0x0000000703000000|100%| O|  |TAMS 0x0000000703000000, 0x0000000702e00000| Untracked 
|  12|0x0000000703000000, 0x00000007031ffd10, 0x0000000703200000| 99%| O|  |TAMS 0x00000007031ffd10, 0x0000000703000000| Untracked 
|  13|0x0000000703200000, 0x00000007033ffff8, 0x0000000703400000| 99%| O|  |TAMS 0x00000007033ffff8, 0x0000000703200000| Untracked 
|  14|0x0000000703400000, 0x00000007035ffc00, 0x0000000703600000| 99%| O|  |TAMS 0x00000007035ffc00, 0x0000000703400000| Untracked 
|  15|0x0000000703600000, 0x0000000703800000, 0x0000000703800000|100%| O|  |TAMS 0x0000000703800000, 0x0000000703600000| Untracked 
|  16|0x0000000703800000, 0x00000007039ffc70, 0x0000000703a00000| 99%| O|  |TAMS 0x00000007039ffc70, 0x0000000703800000| Untracked 
|  17|0x0000000703a00000, 0x0000000703bffff8, 0x0000000703c00000| 99%| O|  |TAMS 0x0000000703bffff8, 0x0000000703a00000| Untracked 
|  18|0x0000000703c00000, 0x0000000703e00000, 0x0000000703e00000|100%| O|  |TAMS 0x0000000703e00000, 0x0000000703c00000| Untracked 
|  19|0x0000000703e00000, 0x0000000703ffe228, 0x0000000704000000| 99%| O|  |TAMS 0x0000000703ffe228, 0x0000000703e00000| Untracked 
|  20|0x0000000704000000, 0x0000000704200000, 0x0000000704200000|100%| O|  |TAMS 0x0000000704200000, 0x0000000704000000| Untracked 
|  21|0x0000000704200000, 0x00000007043ffff8, 0x0000000704400000| 99%| O|  |TAMS 0x00000007043ffff8, 0x0000000704200000| Untracked 
|  22|0x0000000704400000, 0x00000007045ff410, 0x0000000704600000| 99%| O|  |TAMS 0x00000007045ff410, 0x0000000704400000| Untracked 
|  23|0x0000000704600000, 0x00000007047ffff0, 0x0000000704800000| 99%| O|  |TAMS 0x00000007047ffff0, 0x0000000704600000| Untracked 
|  24|0x0000000704800000, 0x0000000704a00000, 0x0000000704a00000|100%| O|  |TAMS 0x0000000704a00000, 0x0000000704800000| Untracked 
|  25|0x0000000704a00000, 0x0000000704bc7fa8, 0x0000000704c00000| 89%| O|  |TAMS 0x0000000704a00000, 0x0000000704a00000| Untracked 
|  26|0x0000000704c00000, 0x0000000704dffff8, 0x0000000704e00000| 99%| O|  |TAMS 0x0000000704c00000, 0x0000000704c00000| Untracked 
|  27|0x0000000704e00000, 0x0000000704ffffd8, 0x0000000705000000| 99%| O|  |TAMS 0x0000000704ffffd8, 0x0000000704e00000| Untracked 
|  28|0x0000000705000000, 0x00000007051ff970, 0x0000000705200000| 99%| O|  |TAMS 0x00000007051ff970, 0x0000000705000000| Untracked 
|  29|0x0000000705200000, 0x00000007053fffe8, 0x0000000705400000| 99%| O|  |TAMS 0x00000007053fffe8, 0x0000000705200000| Untracked 
|  30|0x0000000705400000, 0x00000007055fffe0, 0x0000000705600000| 99%| O|  |TAMS 0x00000007055fffe0, 0x0000000705400000| Untracked 
|  31|0x0000000705600000, 0x0000000705800000, 0x0000000705800000|100%| O|  |TAMS 0x0000000705800000, 0x0000000705600000| Untracked 
|  32|0x0000000705800000, 0x00000007059f75e8, 0x0000000705a00000| 98%| O|  |TAMS 0x00000007059f75e8, 0x0000000705800000| Untracked 
|  33|0x0000000705a00000, 0x0000000705c00000, 0x0000000705c00000|100%| O|  |TAMS 0x0000000705c00000, 0x0000000705a00000| Untracked 
|  34|0x0000000705c00000, 0x0000000705dfe850, 0x0000000705e00000| 99%| O|  |TAMS 0x0000000705dfe850, 0x0000000705c00000| Untracked 
|  35|0x0000000705e00000, 0x0000000705fffff8, 0x0000000706000000| 99%| O|  |TAMS 0x0000000705fffff8, 0x0000000705e00000| Untracked 
|  36|0x0000000706000000, 0x00000007061fffe8, 0x0000000706200000| 99%| O|  |TAMS 0x00000007061fffe8, 0x0000000706000000| Untracked 
|  37|0x0000000706200000, 0x00000007063ffff8, 0x0000000706400000| 99%| O|  |TAMS 0x00000007063ffff8, 0x0000000706200000| Untracked 
|  38|0x0000000706400000, 0x00000007065ffff0, 0x0000000706600000| 99%| O|  |TAMS 0x00000007065ffff0, 0x0000000706400000| Untracked 
|  39|0x0000000706600000, 0x00000007067ffff0, 0x0000000706800000| 99%| O|  |TAMS 0x00000007067ffff0, 0x0000000706600000| Untracked 
|  40|0x0000000706800000, 0x00000007069fffc8, 0x0000000706a00000| 99%| O|  |TAMS 0x00000007069fffc8, 0x0000000706800000| Untracked 
|  41|0x0000000706a00000, 0x0000000706bffff8, 0x0000000706c00000| 99%| O|  |TAMS 0x0000000706bffff8, 0x0000000706a00000| Untracked 
|  42|0x0000000706c00000, 0x0000000706dffff8, 0x0000000706e00000| 99%| O|  |TAMS 0x0000000706dffff8, 0x0000000706c00000| Untracked 
|  43|0x0000000706e00000, 0x0000000706fffea0, 0x0000000707000000| 99%| O|  |TAMS 0x0000000706fffea0, 0x0000000706e00000| Untracked 
|  44|0x0000000707000000, 0x00000007071ffff0, 0x0000000707200000| 99%| O|  |TAMS 0x00000007071ffff0, 0x0000000707000000| Untracked 
|  45|0x0000000707200000, 0x00000007073ffff0, 0x0000000707400000| 99%| O|  |TAMS 0x00000007073ffff0, 0x0000000707200000| Untracked 
|  46|0x0000000707400000, 0x00000007075ffff8, 0x0000000707600000| 99%| O|  |TAMS 0x00000007075ffff8, 0x0000000707400000| Untracked 
|  47|0x0000000707600000, 0x00000007077ffff8, 0x0000000707800000| 99%| O|  |TAMS 0x00000007077ffff8, 0x0000000707600000| Untracked 
|  48|0x0000000707800000, 0x0000000707a00000, 0x0000000707a00000|100%| O|  |TAMS 0x0000000707a00000, 0x0000000707800000| Untracked 
|  49|0x0000000707a00000, 0x0000000707bffff8, 0x0000000707c00000| 99%| O|  |TAMS 0x0000000707bffff8, 0x0000000707a00000| Untracked 
|  50|0x0000000707c00000, 0x0000000707dffff0, 0x0000000707e00000| 99%| O|  |TAMS 0x0000000707dffff0, 0x0000000707c00000| Untracked 
|  51|0x0000000707e00000, 0x0000000708000000, 0x0000000708000000|100%| O|  |TAMS 0x0000000708000000, 0x0000000707e00000| Untracked 
|  52|0x0000000708000000, 0x00000007081ffff8, 0x0000000708200000| 99%| O|  |TAMS 0x00000007081ffff8, 0x0000000708000000| Untracked 
|  53|0x0000000708200000, 0x00000007083ffff8, 0x0000000708400000| 99%| O|  |TAMS 0x00000007083ffff8, 0x0000000708200000| Untracked 
|  54|0x0000000708400000, 0x00000007085fffe8, 0x0000000708600000| 99%| O|  |TAMS 0x00000007085fffe8, 0x0000000708400000| Untracked 
|  55|0x0000000708600000, 0x0000000708800000, 0x0000000708800000|100%|HS|  |TAMS 0x0000000708800000, 0x0000000708600000| Untracked 
|  56|0x0000000708800000, 0x0000000708a00000, 0x0000000708a00000|100%| O|  |TAMS 0x0000000708a00000, 0x0000000708800000| Untracked 
|  57|0x0000000708a00000, 0x0000000708c00000, 0x0000000708c00000|100%| O|  |TAMS 0x0000000708c00000, 0x0000000708a00000| Untracked 
|  58|0x0000000708c00000, 0x0000000708dffff8, 0x0000000708e00000| 99%| O|  |TAMS 0x0000000708dffff8, 0x0000000708c00000| Untracked 
|  59|0x0000000708e00000, 0x0000000708ffffe0, 0x0000000709000000| 99%| O|  |TAMS 0x0000000708ffffe0, 0x0000000708e00000| Untracked 
|  60|0x0000000709000000, 0x00000007091ffff8, 0x0000000709200000| 99%| O|  |TAMS 0x00000007091ffff8, 0x0000000709000000| Untracked 
|  61|0x0000000709200000, 0x00000007093fffc0, 0x0000000709400000| 99%| O|  |TAMS 0x00000007093fffc0, 0x0000000709200000| Untracked 
|  62|0x0000000709400000, 0x00000007095ed958, 0x0000000709600000| 96%| O|  |TAMS 0x00000007095ed958, 0x0000000709400000| Untracked 
|  63|0x0000000709600000, 0x00000007097fffe0, 0x0000000709800000| 99%| O|  |TAMS 0x00000007097fffe0, 0x0000000709600000| Untracked 
|  64|0x0000000709800000, 0x00000007099ffff0, 0x0000000709a00000| 99%| O|  |TAMS 0x00000007099ffff0, 0x0000000709800000| Untracked 
|  65|0x0000000709a00000, 0x0000000709bfffe8, 0x0000000709c00000| 99%| O|  |TAMS 0x0000000709bfffe8, 0x0000000709a00000| Untracked 
|  66|0x0000000709c00000, 0x0000000709dffdf0, 0x0000000709e00000| 99%| O|  |TAMS 0x0000000709dffdf0, 0x0000000709c00000| Untracked 
|  67|0x0000000709e00000, 0x000000070a000000, 0x000000070a000000|100%| O|  |TAMS 0x000000070a000000, 0x0000000709e00000| Untracked 
|  68|0x000000070a000000, 0x000000070a1fffe8, 0x000000070a200000| 99%| O|  |TAMS 0x000000070a1fffe8, 0x000000070a000000| Untracked 
|  69|0x000000070a200000, 0x000000070a3ffff0, 0x000000070a400000| 99%| O|  |TAMS 0x000000070a3ffff0, 0x000000070a200000| Untracked 
|  70|0x000000070a400000, 0x000000070a5fe488, 0x000000070a600000| 99%| O|  |TAMS 0x000000070a5fe488, 0x000000070a400000| Untracked 
|  71|0x000000070a600000, 0x000000070a7ffff0, 0x000000070a800000| 99%| O|  |TAMS 0x000000070a7ffff0, 0x000000070a600000| Untracked 
|  72|0x000000070a800000, 0x000000070a9ffce8, 0x000000070aa00000| 99%| O|  |TAMS 0x000000070a9ffce8, 0x000000070a800000| Untracked 
|  73|0x000000070aa00000, 0x000000070abb2e98, 0x000000070ac00000| 84%| O|  |TAMS 0x000000070aa00000, 0x000000070aa00000| Untracked 
|  74|0x000000070ac00000, 0x000000070adfffe8, 0x000000070ae00000| 99%| O|  |TAMS 0x000000070adfffe8, 0x000000070ac00000| Untracked 
|  75|0x000000070ae00000, 0x000000070b000000, 0x000000070b000000|100%| O|  |TAMS 0x000000070b000000, 0x000000070ae00000| Untracked 
|  76|0x000000070b000000, 0x000000070b1ffff0, 0x000000070b200000| 99%| O|  |TAMS 0x000000070b1ffff0, 0x000000070b000000| Untracked 
|  77|0x000000070b200000, 0x000000070b400000, 0x000000070b400000|100%| O|  |TAMS 0x000000070b400000, 0x000000070b200000| Untracked 
|  78|0x000000070b400000, 0x000000070b5fffe8, 0x000000070b600000| 99%| O|  |TAMS 0x000000070b5fffe8, 0x000000070b400000| Untracked 
|  79|0x000000070b600000, 0x000000070b800000, 0x000000070b800000|100%| O|  |TAMS 0x000000070b800000, 0x000000070b600000| Untracked 
|  80|0x000000070b800000, 0x000000070ba00000, 0x000000070ba00000|100%| O|  |TAMS 0x000000070ba00000, 0x000000070b800000| Untracked 
|  81|0x000000070ba00000, 0x000000070bbf5518, 0x000000070bc00000| 97%| O|  |TAMS 0x000000070bbf5518, 0x000000070ba00000| Untracked 
|  82|0x000000070bc00000, 0x000000070be00000, 0x000000070be00000|100%| O|  |TAMS 0x000000070be00000, 0x000000070bc00000| Untracked 
|  83|0x000000070be00000, 0x000000070bffffe0, 0x000000070c000000| 99%| O|  |TAMS 0x000000070bffffe0, 0x000000070be00000| Untracked 
|  84|0x000000070c000000, 0x000000070c1fffe0, 0x000000070c200000| 99%| O|  |TAMS 0x000000070c1fffe0, 0x000000070c000000| Untracked 
|  85|0x000000070c200000, 0x000000070c39a418, 0x000000070c400000| 80%| O|  |TAMS 0x000000070c200000, 0x000000070c200000| Untracked 
|  86|0x000000070c400000, 0x000000070c600000, 0x000000070c600000|100%| O|  |TAMS 0x000000070c600000, 0x000000070c400000| Untracked 
|  87|0x000000070c600000, 0x000000070c800000, 0x000000070c800000|100%| O|  |TAMS 0x000000070c800000, 0x000000070c600000| Untracked 
|  88|0x000000070c800000, 0x000000070ca00000, 0x000000070ca00000|100%| O|  |TAMS 0x000000070ca00000, 0x000000070c800000| Untracked 
|  89|0x000000070ca00000, 0x000000070cc00000, 0x000000070cc00000|100%| O|  |TAMS 0x000000070cc00000, 0x000000070ca00000| Untracked 
|  90|0x000000070cc00000, 0x000000070cdffff8, 0x000000070ce00000| 99%| O|  |TAMS 0x000000070cdffff8, 0x000000070cc00000| Untracked 
|  91|0x000000070ce00000, 0x000000070d000000, 0x000000070d000000|100%|HS|  |TAMS 0x000000070d000000, 0x000000070ce00000| Untracked 
|  92|0x000000070d000000, 0x000000070d200000, 0x000000070d200000|100%|HC|  |TAMS 0x000000070d200000, 0x000000070d000000| Untracked 
|  93|0x000000070d200000, 0x000000070d400000, 0x000000070d400000|100%|HC|  |TAMS 0x000000070d400000, 0x000000070d200000| Untracked 
|  94|0x000000070d400000, 0x000000070d600000, 0x000000070d600000|100%|HC|  |TAMS 0x000000070d600000, 0x000000070d400000| Untracked 
|  95|0x000000070d600000, 0x000000070d7ffff0, 0x000000070d800000| 99%| O|  |TAMS 0x000000070d7ffff0, 0x000000070d600000| Untracked 
|  96|0x000000070d800000, 0x000000070da00000, 0x000000070da00000|100%| O|  |TAMS 0x000000070da00000, 0x000000070d800000| Untracked 
|  97|0x000000070da00000, 0x000000070dc00000, 0x000000070dc00000|100%| O|  |TAMS 0x000000070dc00000, 0x000000070da00000| Untracked 
|  98|0x000000070dc00000, 0x000000070dd95048, 0x000000070de00000| 79%| O|  |TAMS 0x000000070dc00000, 0x000000070dc00000| Untracked 
|  99|0x000000070de00000, 0x000000070dfffff8, 0x000000070e000000| 99%| O|  |TAMS 0x000000070dfffff8, 0x000000070de00000| Untracked 
| 100|0x000000070e000000, 0x000000070e1bb8a8, 0x000000070e200000| 86%| O|  |TAMS 0x000000070e000000, 0x000000070e000000| Untracked 
| 101|0x000000070e200000, 0x000000070e3fffc0, 0x000000070e400000| 99%| O|  |TAMS 0x000000070e3fffc0, 0x000000070e200000| Untracked 
| 102|0x000000070e400000, 0x000000070e5fffe8, 0x000000070e600000| 99%| O|  |TAMS 0x000000070e5fffe8, 0x000000070e400000| Untracked 
| 103|0x000000070e600000, 0x000000070e800000, 0x000000070e800000|100%|HS|  |TAMS 0x000000070e800000, 0x000000070e600000| Untracked 
| 104|0x000000070e800000, 0x000000070ea00000, 0x000000070ea00000|100%|HC|  |TAMS 0x000000070ea00000, 0x000000070e800000| Untracked 
| 105|0x000000070ea00000, 0x000000070ec00000, 0x000000070ec00000|100%|HC|  |TAMS 0x000000070ec00000, 0x000000070ea00000| Untracked 
| 106|0x000000070ec00000, 0x000000070ee00000, 0x000000070ee00000|100%|HC|  |TAMS 0x000000070ee00000, 0x000000070ec00000| Untracked 
| 107|0x000000070ee00000, 0x000000070ef8e6d8, 0x000000070f000000| 77%| O|  |TAMS 0x000000070ee00000, 0x000000070ee00000| Untracked 
| 108|0x000000070f000000, 0x000000070f147e78, 0x000000070f200000| 64%| O|  |TAMS 0x000000070f000000, 0x000000070f000000| Untracked 
| 109|0x000000070f200000, 0x000000070f3968a0, 0x000000070f400000| 79%| O|  |TAMS 0x000000070f200000, 0x000000070f200000| Untracked 
| 110|0x000000070f400000, 0x000000070f5664b0, 0x000000070f600000| 69%| O|  |TAMS 0x000000070f400000, 0x000000070f400000| Untracked 
| 111|0x000000070f600000, 0x000000070f800000, 0x000000070f800000|100%| O|  |TAMS 0x000000070f800000, 0x000000070f600000| Untracked 
| 112|0x000000070f800000, 0x000000070fa00000, 0x000000070fa00000|100%|HS|  |TAMS 0x000000070fa00000, 0x000000070f800000| Untracked 
| 113|0x000000070fa00000, 0x000000070fb67ba0, 0x000000070fc00000| 70%| O|  |TAMS 0x000000070fa00000, 0x000000070fa00000| Untracked 
| 114|0x000000070fc00000, 0x000000070fc65a10, 0x000000070fe00000| 19%| O|  |TAMS 0x000000070fc00000, 0x000000070fc00000| Untracked 
| 115|0x000000070fe00000, 0x0000000710000000, 0x0000000710000000|100%|HS|  |TAMS 0x000000070fe00000, 0x000000070fe00000| Complete 
| 116|0x0000000710000000, 0x0000000710200000, 0x0000000710200000|100%|HC|  |TAMS 0x0000000710000000, 0x0000000710000000| Complete 
| 117|0x0000000710200000, 0x0000000710400000, 0x0000000710400000|100%|HS|  |TAMS 0x0000000710400000, 0x0000000710200000| Untracked 
| 118|0x0000000710400000, 0x0000000710600000, 0x0000000710600000|100%|HC|  |TAMS 0x0000000710600000, 0x0000000710400000| Untracked 
| 119|0x0000000710600000, 0x0000000710800000, 0x0000000710800000|100%|HC|  |TAMS 0x0000000710800000, 0x0000000710600000| Untracked 
| 120|0x0000000710800000, 0x0000000710a00000, 0x0000000710a00000|100%|HC|  |TAMS 0x0000000710a00000, 0x0000000710800000| Untracked 
| 121|0x0000000710a00000, 0x0000000710c00000, 0x0000000710c00000|100%| O|  |TAMS 0x0000000710a00000, 0x0000000710a00000| Untracked 
| 122|0x0000000710c00000, 0x0000000710e00000, 0x0000000710e00000|100%|HS|  |TAMS 0x0000000710e00000, 0x0000000710c00000| Untracked 
| 123|0x0000000710e00000, 0x0000000711000000, 0x0000000711000000|100%| O|  |TAMS 0x0000000711000000, 0x0000000710e00000| Untracked 
| 124|0x0000000711000000, 0x00000007111fda00, 0x0000000711200000| 99%| O|  |TAMS 0x0000000711000000, 0x0000000711000000| Untracked 
| 125|0x0000000711200000, 0x0000000711200000, 0x0000000711400000|  0%| F|  |TAMS 0x0000000711200000, 0x0000000711200000| Untracked 
| 126|0x0000000711400000, 0x0000000711400000, 0x0000000711600000|  0%| F|  |TAMS 0x0000000711400000, 0x0000000711400000| Untracked 
| 127|0x0000000711600000, 0x0000000711600000, 0x0000000711800000|  0%| F|  |TAMS 0x0000000711600000, 0x0000000711600000| Untracked 
| 128|0x0000000711800000, 0x0000000711a00000, 0x0000000711a00000|100%|HS|  |TAMS 0x0000000711800000, 0x0000000711800000| Complete 
| 129|0x0000000711a00000, 0x0000000711c00000, 0x0000000711c00000|100%|HC|  |TAMS 0x0000000711a00000, 0x0000000711a00000| Complete 
| 130|0x0000000711c00000, 0x0000000711e00000, 0x0000000711e00000|100%| O|  |TAMS 0x0000000711c00000, 0x0000000711c00000| Untracked 
| 131|0x0000000711e00000, 0x0000000712000000, 0x0000000712000000|100%| O|  |TAMS 0x0000000711e00000, 0x0000000711e00000| Untracked 
| 132|0x0000000712000000, 0x0000000712200000, 0x0000000712200000|100%| O|  |TAMS 0x0000000712000000, 0x0000000712000000| Untracked 
| 133|0x0000000712200000, 0x0000000712200000, 0x0000000712400000|  0%| F|  |TAMS 0x0000000712200000, 0x0000000712200000| Untracked 
| 134|0x0000000712400000, 0x0000000712600000, 0x0000000712600000|100%|HS|  |TAMS 0x0000000712600000, 0x0000000712400000| Untracked 
| 135|0x0000000712600000, 0x0000000712800000, 0x0000000712800000|100%|HC|  |TAMS 0x0000000712800000, 0x0000000712600000| Untracked 
| 136|0x0000000712800000, 0x0000000712800000, 0x0000000712a00000|  0%| F|  |TAMS 0x0000000712800000, 0x0000000712800000| Untracked 
| 137|0x0000000712a00000, 0x0000000712a00000, 0x0000000712c00000|  0%| F|  |TAMS 0x0000000712a00000, 0x0000000712a00000| Untracked 
| 138|0x0000000712c00000, 0x0000000712c00000, 0x0000000712e00000|  0%| F|  |TAMS 0x0000000712c00000, 0x0000000712c00000| Untracked 
| 139|0x0000000712e00000, 0x0000000712e00000, 0x0000000713000000|  0%| F|  |TAMS 0x0000000712e00000, 0x0000000712e00000| Untracked 
| 140|0x0000000713000000, 0x0000000713000000, 0x0000000713200000|  0%| F|  |TAMS 0x0000000713000000, 0x0000000713000000| Untracked 
| 141|0x0000000713200000, 0x0000000713200000, 0x0000000713400000|  0%| F|  |TAMS 0x0000000713200000, 0x0000000713200000| Untracked 
| 142|0x0000000713400000, 0x0000000713400000, 0x0000000713600000|  0%| F|  |TAMS 0x0000000713400000, 0x0000000713400000| Untracked 
| 143|0x0000000713600000, 0x0000000713600000, 0x0000000713800000|  0%| F|  |TAMS 0x0000000713600000, 0x0000000713600000| Untracked 
| 144|0x0000000713800000, 0x0000000713800000, 0x0000000713a00000|  0%| F|  |TAMS 0x0000000713800000, 0x0000000713800000| Untracked 
| 145|0x0000000713a00000, 0x0000000713a00000, 0x0000000713c00000|  0%| F|  |TAMS 0x0000000713a00000, 0x0000000713a00000| Untracked 
| 146|0x0000000713c00000, 0x0000000713c00000, 0x0000000713e00000|  0%| F|  |TAMS 0x0000000713c00000, 0x0000000713c00000| Untracked 
| 147|0x0000000713e00000, 0x0000000713e00000, 0x0000000714000000|  0%| F|  |TAMS 0x0000000713e00000, 0x0000000713e00000| Untracked 
| 148|0x0000000714000000, 0x0000000714000000, 0x0000000714200000|  0%| F|  |TAMS 0x0000000714000000, 0x0000000714000000| Untracked 
| 149|0x0000000714200000, 0x0000000714200000, 0x0000000714400000|  0%| F|  |TAMS 0x0000000714200000, 0x0000000714200000| Untracked 
| 150|0x0000000714400000, 0x0000000714400000, 0x0000000714600000|  0%| F|  |TAMS 0x0000000714400000, 0x0000000714400000| Untracked 
| 151|0x0000000714600000, 0x0000000714600000, 0x0000000714800000|  0%| F|  |TAMS 0x0000000714600000, 0x0000000714600000| Untracked 
| 152|0x0000000714800000, 0x0000000714800000, 0x0000000714a00000|  0%| F|  |TAMS 0x0000000714800000, 0x0000000714800000| Untracked 
| 153|0x0000000714a00000, 0x0000000714a00000, 0x0000000714c00000|  0%| F|  |TAMS 0x0000000714a00000, 0x0000000714a00000| Untracked 
| 154|0x0000000714c00000, 0x0000000714c00000, 0x0000000714e00000|  0%| F|  |TAMS 0x0000000714c00000, 0x0000000714c00000| Untracked 
| 155|0x0000000714e00000, 0x0000000714e00000, 0x0000000715000000|  0%| F|  |TAMS 0x0000000714e00000, 0x0000000714e00000| Untracked 
| 156|0x0000000715000000, 0x0000000715000000, 0x0000000715200000|  0%| F|  |TAMS 0x0000000715000000, 0x0000000715000000| Untracked 
| 157|0x0000000715200000, 0x0000000715200000, 0x0000000715400000|  0%| F|  |TAMS 0x0000000715200000, 0x0000000715200000| Untracked 
| 158|0x0000000715400000, 0x0000000715400000, 0x0000000715600000|  0%| F|  |TAMS 0x0000000715400000, 0x0000000715400000| Untracked 
| 159|0x0000000715600000, 0x0000000715600000, 0x0000000715800000|  0%| F|  |TAMS 0x0000000715600000, 0x0000000715600000| Untracked 
| 160|0x0000000715800000, 0x0000000715800000, 0x0000000715a00000|  0%| F|  |TAMS 0x0000000715800000, 0x0000000715800000| Untracked 
| 161|0x0000000715a00000, 0x0000000715a00000, 0x0000000715c00000|  0%| F|  |TAMS 0x0000000715a00000, 0x0000000715a00000| Untracked 
| 162|0x0000000715c00000, 0x0000000715c00000, 0x0000000715e00000|  0%| F|  |TAMS 0x0000000715c00000, 0x0000000715c00000| Untracked 
| 163|0x0000000715e00000, 0x0000000715e00000, 0x0000000716000000|  0%| F|  |TAMS 0x0000000715e00000, 0x0000000715e00000| Untracked 
| 164|0x0000000716000000, 0x0000000716000000, 0x0000000716200000|  0%| F|  |TAMS 0x0000000716000000, 0x0000000716000000| Untracked 
| 165|0x0000000716200000, 0x0000000716200000, 0x0000000716400000|  0%| F|  |TAMS 0x0000000716200000, 0x0000000716200000| Untracked 
| 166|0x0000000716400000, 0x0000000716400000, 0x0000000716600000|  0%| F|  |TAMS 0x0000000716400000, 0x0000000716400000| Untracked 
| 167|0x0000000716600000, 0x0000000716600000, 0x0000000716800000|  0%| F|  |TAMS 0x0000000716600000, 0x0000000716600000| Untracked 
| 168|0x0000000716800000, 0x0000000716800000, 0x0000000716a00000|  0%| F|  |TAMS 0x0000000716800000, 0x0000000716800000| Untracked 
| 169|0x0000000716a00000, 0x0000000716a00000, 0x0000000716c00000|  0%| F|  |TAMS 0x0000000716a00000, 0x0000000716a00000| Untracked 
| 170|0x0000000716c00000, 0x0000000716c00000, 0x0000000716e00000|  0%| F|  |TAMS 0x0000000716c00000, 0x0000000716c00000| Untracked 
| 171|0x0000000716e00000, 0x0000000716e00000, 0x0000000717000000|  0%| F|  |TAMS 0x0000000716e00000, 0x0000000716e00000| Untracked 
| 172|0x0000000717000000, 0x0000000717000000, 0x0000000717200000|  0%| F|  |TAMS 0x0000000717000000, 0x0000000717000000| Untracked 
| 173|0x0000000717200000, 0x0000000717200000, 0x0000000717400000|  0%| F|  |TAMS 0x0000000717200000, 0x0000000717200000| Untracked 
| 174|0x0000000717400000, 0x0000000717400000, 0x0000000717600000|  0%| F|  |TAMS 0x0000000717400000, 0x0000000717400000| Untracked 
| 175|0x0000000717600000, 0x0000000717600000, 0x0000000717800000|  0%| F|  |TAMS 0x0000000717600000, 0x0000000717600000| Untracked 
| 176|0x0000000717800000, 0x0000000717800000, 0x0000000717a00000|  0%| F|  |TAMS 0x0000000717800000, 0x0000000717800000| Untracked 
| 177|0x0000000717a00000, 0x0000000717a00000, 0x0000000717c00000|  0%| F|  |TAMS 0x0000000717a00000, 0x0000000717a00000| Untracked 
| 178|0x0000000717c00000, 0x0000000717c00000, 0x0000000717e00000|  0%| F|  |TAMS 0x0000000717c00000, 0x0000000717c00000| Untracked 
| 179|0x0000000717e00000, 0x0000000717e00000, 0x0000000718000000|  0%| F|  |TAMS 0x0000000717e00000, 0x0000000717e00000| Untracked 
| 180|0x0000000718000000, 0x0000000718000000, 0x0000000718200000|  0%| F|  |TAMS 0x0000000718000000, 0x0000000718000000| Untracked 
| 181|0x0000000718200000, 0x0000000718200000, 0x0000000718400000|  0%| F|  |TAMS 0x0000000718200000, 0x0000000718200000| Untracked 
| 182|0x0000000718400000, 0x0000000718400000, 0x0000000718600000|  0%| F|  |TAMS 0x0000000718400000, 0x0000000718400000| Untracked 
| 183|0x0000000718600000, 0x0000000718600000, 0x0000000718800000|  0%| F|  |TAMS 0x0000000718600000, 0x0000000718600000| Untracked 
| 184|0x0000000718800000, 0x0000000718800000, 0x0000000718a00000|  0%| F|  |TAMS 0x0000000718800000, 0x0000000718800000| Untracked 
| 185|0x0000000718a00000, 0x0000000718a00000, 0x0000000718c00000|  0%| F|  |TAMS 0x0000000718a00000, 0x0000000718a00000| Untracked 
| 186|0x0000000718c00000, 0x0000000718c00000, 0x0000000718e00000|  0%| F|  |TAMS 0x0000000718c00000, 0x0000000718c00000| Untracked 
| 187|0x0000000718e00000, 0x0000000718e00000, 0x0000000719000000|  0%| F|  |TAMS 0x0000000718e00000, 0x0000000718e00000| Untracked 
| 188|0x0000000719000000, 0x0000000719000000, 0x0000000719200000|  0%| F|  |TAMS 0x0000000719000000, 0x0000000719000000| Untracked 
| 189|0x0000000719200000, 0x0000000719200000, 0x0000000719400000|  0%| F|  |TAMS 0x0000000719200000, 0x0000000719200000| Untracked 
| 190|0x0000000719400000, 0x0000000719400000, 0x0000000719600000|  0%| F|  |TAMS 0x0000000719400000, 0x0000000719400000| Untracked 
| 191|0x0000000719600000, 0x0000000719600000, 0x0000000719800000|  0%| F|  |TAMS 0x0000000719600000, 0x0000000719600000| Untracked 
| 192|0x0000000719800000, 0x0000000719800000, 0x0000000719a00000|  0%| F|  |TAMS 0x0000000719800000, 0x0000000719800000| Untracked 
| 193|0x0000000719a00000, 0x0000000719a00000, 0x0000000719c00000|  0%| F|  |TAMS 0x0000000719a00000, 0x0000000719a00000| Untracked 
| 194|0x0000000719c00000, 0x0000000719c00000, 0x0000000719e00000|  0%| F|  |TAMS 0x0000000719c00000, 0x0000000719c00000| Untracked 
| 195|0x0000000719e00000, 0x0000000719e00000, 0x000000071a000000|  0%| F|  |TAMS 0x0000000719e00000, 0x0000000719e00000| Untracked 
| 196|0x000000071a000000, 0x000000071a000000, 0x000000071a200000|  0%| F|  |TAMS 0x000000071a000000, 0x000000071a000000| Untracked 
| 197|0x000000071a200000, 0x000000071a200000, 0x000000071a400000|  0%| F|  |TAMS 0x000000071a200000, 0x000000071a200000| Untracked 
| 198|0x000000071a400000, 0x000000071a400000, 0x000000071a600000|  0%| F|  |TAMS 0x000000071a400000, 0x000000071a400000| Untracked 
| 199|0x000000071a600000, 0x000000071a600000, 0x000000071a800000|  0%| F|  |TAMS 0x000000071a600000, 0x000000071a600000| Untracked 
| 200|0x000000071a800000, 0x000000071a800000, 0x000000071aa00000|  0%| F|  |TAMS 0x000000071a800000, 0x000000071a800000| Untracked 
| 201|0x000000071aa00000, 0x000000071aa00000, 0x000000071ac00000|  0%| F|  |TAMS 0x000000071aa00000, 0x000000071aa00000| Untracked 
| 202|0x000000071ac00000, 0x000000071ac00000, 0x000000071ae00000|  0%| F|  |TAMS 0x000000071ac00000, 0x000000071ac00000| Untracked 
| 203|0x000000071ae00000, 0x000000071ae00000, 0x000000071b000000|  0%| F|  |TAMS 0x000000071ae00000, 0x000000071ae00000| Untracked 
| 204|0x000000071b000000, 0x000000071b000000, 0x000000071b200000|  0%| F|  |TAMS 0x000000071b000000, 0x000000071b000000| Untracked 
| 205|0x000000071b200000, 0x000000071b200000, 0x000000071b400000|  0%| F|  |TAMS 0x000000071b200000, 0x000000071b200000| Untracked 
| 206|0x000000071b400000, 0x000000071b400000, 0x000000071b600000|  0%| F|  |TAMS 0x000000071b400000, 0x000000071b400000| Untracked 
| 207|0x000000071b600000, 0x000000071b600000, 0x000000071b800000|  0%| F|  |TAMS 0x000000071b600000, 0x000000071b600000| Untracked 
| 208|0x000000071b800000, 0x000000071b800000, 0x000000071ba00000|  0%| F|  |TAMS 0x000000071b800000, 0x000000071b800000| Untracked 
| 209|0x000000071ba00000, 0x000000071ba00000, 0x000000071bc00000|  0%| F|  |TAMS 0x000000071ba00000, 0x000000071ba00000| Untracked 
| 210|0x000000071bc00000, 0x000000071bc00000, 0x000000071be00000|  0%| F|  |TAMS 0x000000071bc00000, 0x000000071bc00000| Untracked 
| 211|0x000000071be00000, 0x000000071be00000, 0x000000071c000000|  0%| F|  |TAMS 0x000000071be00000, 0x000000071be00000| Untracked 
| 212|0x000000071c000000, 0x000000071c000000, 0x000000071c200000|  0%| F|  |TAMS 0x000000071c000000, 0x000000071c000000| Untracked 
| 213|0x000000071c200000, 0x000000071c200000, 0x000000071c400000|  0%| F|  |TAMS 0x000000071c200000, 0x000000071c200000| Untracked 
| 214|0x000000071c400000, 0x000000071c400000, 0x000000071c600000|  0%| F|  |TAMS 0x000000071c400000, 0x000000071c400000| Untracked 
| 215|0x000000071c600000, 0x000000071c600000, 0x000000071c800000|  0%| F|  |TAMS 0x000000071c600000, 0x000000071c600000| Untracked 
| 216|0x000000071c800000, 0x000000071c800000, 0x000000071ca00000|  0%| F|  |TAMS 0x000000071c800000, 0x000000071c800000| Untracked 
| 217|0x000000071ca00000, 0x000000071ca00000, 0x000000071cc00000|  0%| F|  |TAMS 0x000000071ca00000, 0x000000071ca00000| Untracked 
| 218|0x000000071cc00000, 0x000000071cc00000, 0x000000071ce00000|  0%| F|  |TAMS 0x000000071cc00000, 0x000000071cc00000| Untracked 
| 219|0x000000071ce00000, 0x000000071ce00000, 0x000000071d000000|  0%| F|  |TAMS 0x000000071ce00000, 0x000000071ce00000| Untracked 
| 220|0x000000071d000000, 0x000000071d000000, 0x000000071d200000|  0%| F|  |TAMS 0x000000071d000000, 0x000000071d000000| Untracked 
| 221|0x000000071d200000, 0x000000071d200000, 0x000000071d400000|  0%| F|  |TAMS 0x000000071d200000, 0x000000071d200000| Untracked 
| 222|0x000000071d400000, 0x000000071d400000, 0x000000071d600000|  0%| F|  |TAMS 0x000000071d400000, 0x000000071d400000| Untracked 
| 223|0x000000071d600000, 0x000000071d600000, 0x000000071d800000|  0%| F|  |TAMS 0x000000071d600000, 0x000000071d600000| Untracked 
| 224|0x000000071d800000, 0x000000071d800000, 0x000000071da00000|  0%| F|  |TAMS 0x000000071d800000, 0x000000071d800000| Untracked 
| 225|0x000000071da00000, 0x000000071da00000, 0x000000071dc00000|  0%| F|  |TAMS 0x000000071da00000, 0x000000071da00000| Untracked 
| 226|0x000000071dc00000, 0x000000071dc00000, 0x000000071de00000|  0%| F|  |TAMS 0x000000071dc00000, 0x000000071dc00000| Untracked 
| 227|0x000000071de00000, 0x000000071de00000, 0x000000071e000000|  0%| F|  |TAMS 0x000000071de00000, 0x000000071de00000| Untracked 
| 228|0x000000071e000000, 0x000000071e000000, 0x000000071e200000|  0%| F|  |TAMS 0x000000071e000000, 0x000000071e000000| Untracked 
| 229|0x000000071e200000, 0x000000071e200000, 0x000000071e400000|  0%| F|  |TAMS 0x000000071e200000, 0x000000071e200000| Untracked 
| 230|0x000000071e400000, 0x000000071e400000, 0x000000071e600000|  0%| F|  |TAMS 0x000000071e400000, 0x000000071e400000| Untracked 
| 231|0x000000071e600000, 0x000000071e600000, 0x000000071e800000|  0%| F|  |TAMS 0x000000071e600000, 0x000000071e600000| Untracked 
| 232|0x000000071e800000, 0x000000071e800000, 0x000000071ea00000|  0%| F|  |TAMS 0x000000071e800000, 0x000000071e800000| Untracked 
| 233|0x000000071ea00000, 0x000000071ea00000, 0x000000071ec00000|  0%| F|  |TAMS 0x000000071ea00000, 0x000000071ea00000| Untracked 
| 234|0x000000071ec00000, 0x000000071ec00000, 0x000000071ee00000|  0%| F|  |TAMS 0x000000071ec00000, 0x000000071ec00000| Untracked 
| 235|0x000000071ee00000, 0x000000071ee00000, 0x000000071f000000|  0%| F|  |TAMS 0x000000071ee00000, 0x000000071ee00000| Untracked 
| 236|0x000000071f000000, 0x000000071f000000, 0x000000071f200000|  0%| F|  |TAMS 0x000000071f000000, 0x000000071f000000| Untracked 
| 237|0x000000071f200000, 0x000000071f200000, 0x000000071f400000|  0%| F|  |TAMS 0x000000071f200000, 0x000000071f200000| Untracked 
| 238|0x000000071f400000, 0x000000071f400000, 0x000000071f600000|  0%| F|  |TAMS 0x000000071f400000, 0x000000071f400000| Untracked 
| 239|0x000000071f600000, 0x000000071f600000, 0x000000071f800000|  0%| F|  |TAMS 0x000000071f600000, 0x000000071f600000| Untracked 
| 240|0x000000071f800000, 0x000000071f800000, 0x000000071fa00000|  0%| F|  |TAMS 0x000000071f800000, 0x000000071f800000| Untracked 
| 241|0x000000071fa00000, 0x000000071fa00000, 0x000000071fc00000|  0%| F|  |TAMS 0x000000071fa00000, 0x000000071fa00000| Untracked 
| 242|0x000000071fc00000, 0x000000071fc00000, 0x000000071fe00000|  0%| F|  |TAMS 0x000000071fc00000, 0x000000071fc00000| Untracked 
| 243|0x000000071fe00000, 0x000000071fe00000, 0x0000000720000000|  0%| F|  |TAMS 0x000000071fe00000, 0x000000071fe00000| Untracked 
| 244|0x0000000720000000, 0x0000000720000000, 0x0000000720200000|  0%| F|  |TAMS 0x0000000720000000, 0x0000000720000000| Untracked 
| 245|0x0000000720200000, 0x0000000720200000, 0x0000000720400000|  0%| F|  |TAMS 0x0000000720200000, 0x0000000720200000| Untracked 
| 246|0x0000000720400000, 0x0000000720400000, 0x0000000720600000|  0%| F|  |TAMS 0x0000000720400000, 0x0000000720400000| Untracked 
| 247|0x0000000720600000, 0x0000000720600000, 0x0000000720800000|  0%| F|  |TAMS 0x0000000720600000, 0x0000000720600000| Untracked 
| 248|0x0000000720800000, 0x0000000720800000, 0x0000000720a00000|  0%| F|  |TAMS 0x0000000720800000, 0x0000000720800000| Untracked 
| 249|0x0000000720a00000, 0x0000000720a00000, 0x0000000720c00000|  0%| F|  |TAMS 0x0000000720a00000, 0x0000000720a00000| Untracked 
| 250|0x0000000720c00000, 0x0000000720c00000, 0x0000000720e00000|  0%| F|  |TAMS 0x0000000720c00000, 0x0000000720c00000| Untracked 
| 251|0x0000000720e00000, 0x0000000720e00000, 0x0000000721000000|  0%| F|  |TAMS 0x0000000720e00000, 0x0000000720e00000| Untracked 
| 252|0x0000000721000000, 0x0000000721000000, 0x0000000721200000|  0%| F|  |TAMS 0x0000000721000000, 0x0000000721000000| Untracked 
| 253|0x0000000721200000, 0x0000000721200000, 0x0000000721400000|  0%| F|  |TAMS 0x0000000721200000, 0x0000000721200000| Untracked 
| 254|0x0000000721400000, 0x0000000721400000, 0x0000000721600000|  0%| F|  |TAMS 0x0000000721400000, 0x0000000721400000| Untracked 
| 255|0x0000000721600000, 0x0000000721600000, 0x0000000721800000|  0%| F|  |TAMS 0x0000000721600000, 0x0000000721600000| Untracked 
| 256|0x0000000721800000, 0x0000000721800000, 0x0000000721a00000|  0%| F|  |TAMS 0x0000000721800000, 0x0000000721800000| Untracked 
| 257|0x0000000721a00000, 0x0000000721a00000, 0x0000000721c00000|  0%| F|  |TAMS 0x0000000721a00000, 0x0000000721a00000| Untracked 
| 258|0x0000000721c00000, 0x0000000721c00000, 0x0000000721e00000|  0%| F|  |TAMS 0x0000000721c00000, 0x0000000721c00000| Untracked 
| 259|0x0000000721e00000, 0x0000000721e00000, 0x0000000722000000|  0%| F|  |TAMS 0x0000000721e00000, 0x0000000721e00000| Untracked 
| 260|0x0000000722000000, 0x0000000722000000, 0x0000000722200000|  0%| F|  |TAMS 0x0000000722000000, 0x0000000722000000| Untracked 
| 261|0x0000000722200000, 0x0000000722200000, 0x0000000722400000|  0%| F|  |TAMS 0x0000000722200000, 0x0000000722200000| Untracked 
| 262|0x0000000722400000, 0x0000000722400000, 0x0000000722600000|  0%| F|  |TAMS 0x0000000722400000, 0x0000000722400000| Untracked 
| 263|0x0000000722600000, 0x0000000722600000, 0x0000000722800000|  0%| F|  |TAMS 0x0000000722600000, 0x0000000722600000| Untracked 
| 264|0x0000000722800000, 0x0000000722800000, 0x0000000722a00000|  0%| F|  |TAMS 0x0000000722800000, 0x0000000722800000| Untracked 
| 265|0x0000000722a00000, 0x0000000722a00000, 0x0000000722c00000|  0%| F|  |TAMS 0x0000000722a00000, 0x0000000722a00000| Untracked 
| 266|0x0000000722c00000, 0x0000000722c00000, 0x0000000722e00000|  0%| F|  |TAMS 0x0000000722c00000, 0x0000000722c00000| Untracked 
| 267|0x0000000722e00000, 0x0000000722e00000, 0x0000000723000000|  0%| F|  |TAMS 0x0000000722e00000, 0x0000000722e00000| Untracked 
| 268|0x0000000723000000, 0x0000000723000000, 0x0000000723200000|  0%| F|  |TAMS 0x0000000723000000, 0x0000000723000000| Untracked 
| 269|0x0000000723200000, 0x0000000723200000, 0x0000000723400000|  0%| F|  |TAMS 0x0000000723200000, 0x0000000723200000| Untracked 
| 270|0x0000000723400000, 0x0000000723400000, 0x0000000723600000|  0%| F|  |TAMS 0x0000000723400000, 0x0000000723400000| Untracked 
| 271|0x0000000723600000, 0x0000000723600000, 0x0000000723800000|  0%| F|  |TAMS 0x0000000723600000, 0x0000000723600000| Untracked 
| 272|0x0000000723800000, 0x0000000723800000, 0x0000000723a00000|  0%| F|  |TAMS 0x0000000723800000, 0x0000000723800000| Untracked 
| 273|0x0000000723a00000, 0x0000000723a00000, 0x0000000723c00000|  0%| F|  |TAMS 0x0000000723a00000, 0x0000000723a00000| Untracked 
| 274|0x0000000723c00000, 0x0000000723c00000, 0x0000000723e00000|  0%| F|  |TAMS 0x0000000723c00000, 0x0000000723c00000| Untracked 
| 275|0x0000000723e00000, 0x0000000723e00000, 0x0000000724000000|  0%| F|  |TAMS 0x0000000723e00000, 0x0000000723e00000| Untracked 
| 276|0x0000000724000000, 0x0000000724000000, 0x0000000724200000|  0%| F|  |TAMS 0x0000000724000000, 0x0000000724000000| Untracked 
| 277|0x0000000724200000, 0x0000000724200000, 0x0000000724400000|  0%| F|  |TAMS 0x0000000724200000, 0x0000000724200000| Untracked 
| 278|0x0000000724400000, 0x0000000724400000, 0x0000000724600000|  0%| F|  |TAMS 0x0000000724400000, 0x0000000724400000| Untracked 
| 279|0x0000000724600000, 0x0000000724600000, 0x0000000724800000|  0%| F|  |TAMS 0x0000000724600000, 0x0000000724600000| Untracked 
| 280|0x0000000724800000, 0x0000000724800000, 0x0000000724a00000|  0%| F|  |TAMS 0x0000000724800000, 0x0000000724800000| Untracked 
| 281|0x0000000724a00000, 0x0000000724a00000, 0x0000000724c00000|  0%| F|  |TAMS 0x0000000724a00000, 0x0000000724a00000| Untracked 
| 282|0x0000000724c00000, 0x0000000724c00000, 0x0000000724e00000|  0%| F|  |TAMS 0x0000000724c00000, 0x0000000724c00000| Untracked 
| 283|0x0000000724e00000, 0x0000000724e00000, 0x0000000725000000|  0%| F|  |TAMS 0x0000000724e00000, 0x0000000724e00000| Untracked 
| 284|0x0000000725000000, 0x0000000725000000, 0x0000000725200000|  0%| F|  |TAMS 0x0000000725000000, 0x0000000725000000| Untracked 
| 285|0x0000000725200000, 0x0000000725200000, 0x0000000725400000|  0%| F|  |TAMS 0x0000000725200000, 0x0000000725200000| Untracked 
| 286|0x0000000725400000, 0x0000000725400000, 0x0000000725600000|  0%| F|  |TAMS 0x0000000725400000, 0x0000000725400000| Untracked 
| 287|0x0000000725600000, 0x0000000725600000, 0x0000000725800000|  0%| F|  |TAMS 0x0000000725600000, 0x0000000725600000| Untracked 
| 288|0x0000000725800000, 0x0000000725800000, 0x0000000725a00000|  0%| F|  |TAMS 0x0000000725800000, 0x0000000725800000| Untracked 
| 289|0x0000000725a00000, 0x0000000725a00000, 0x0000000725c00000|  0%| F|  |TAMS 0x0000000725a00000, 0x0000000725a00000| Untracked 
| 290|0x0000000725c00000, 0x0000000725c00000, 0x0000000725e00000|  0%| F|  |TAMS 0x0000000725c00000, 0x0000000725c00000| Untracked 
| 291|0x0000000725e00000, 0x0000000725e00000, 0x0000000726000000|  0%| F|  |TAMS 0x0000000725e00000, 0x0000000725e00000| Untracked 
| 292|0x0000000726000000, 0x0000000726000000, 0x0000000726200000|  0%| F|  |TAMS 0x0000000726000000, 0x0000000726000000| Untracked 
| 293|0x0000000726200000, 0x0000000726200000, 0x0000000726400000|  0%| F|  |TAMS 0x0000000726200000, 0x0000000726200000| Untracked 
| 294|0x0000000726400000, 0x0000000726400000, 0x0000000726600000|  0%| F|  |TAMS 0x0000000726400000, 0x0000000726400000| Untracked 
| 295|0x0000000726600000, 0x0000000726600000, 0x0000000726800000|  0%| F|  |TAMS 0x0000000726600000, 0x0000000726600000| Untracked 
| 296|0x0000000726800000, 0x0000000726800000, 0x0000000726a00000|  0%| F|  |TAMS 0x0000000726800000, 0x0000000726800000| Untracked 
| 297|0x0000000726a00000, 0x0000000726a00000, 0x0000000726c00000|  0%| F|  |TAMS 0x0000000726a00000, 0x0000000726a00000| Untracked 
| 298|0x0000000726c00000, 0x0000000726c00000, 0x0000000726e00000|  0%| F|  |TAMS 0x0000000726c00000, 0x0000000726c00000| Untracked 
| 299|0x0000000726e00000, 0x0000000726e00000, 0x0000000727000000|  0%| F|  |TAMS 0x0000000726e00000, 0x0000000726e00000| Untracked 
| 300|0x0000000727000000, 0x0000000727000000, 0x0000000727200000|  0%| F|  |TAMS 0x0000000727000000, 0x0000000727000000| Untracked 
| 301|0x0000000727200000, 0x0000000727200000, 0x0000000727400000|  0%| F|  |TAMS 0x0000000727200000, 0x0000000727200000| Untracked 
| 302|0x0000000727400000, 0x0000000727400000, 0x0000000727600000|  0%| F|  |TAMS 0x0000000727400000, 0x0000000727400000| Untracked 
| 303|0x0000000727600000, 0x0000000727600000, 0x0000000727800000|  0%| F|  |TAMS 0x0000000727600000, 0x0000000727600000| Untracked 
| 304|0x0000000727800000, 0x0000000727800000, 0x0000000727a00000|  0%| F|  |TAMS 0x0000000727800000, 0x0000000727800000| Untracked 
| 305|0x0000000727a00000, 0x0000000727a00000, 0x0000000727c00000|  0%| F|  |TAMS 0x0000000727a00000, 0x0000000727a00000| Untracked 
| 306|0x0000000727c00000, 0x0000000727c00000, 0x0000000727e00000|  0%| F|  |TAMS 0x0000000727c00000, 0x0000000727c00000| Untracked 
| 307|0x0000000727e00000, 0x0000000727e00000, 0x0000000728000000|  0%| F|  |TAMS 0x0000000727e00000, 0x0000000727e00000| Untracked 
| 308|0x0000000728000000, 0x0000000728000000, 0x0000000728200000|  0%| F|  |TAMS 0x0000000728000000, 0x0000000728000000| Untracked 
| 309|0x0000000728200000, 0x0000000728200000, 0x0000000728400000|  0%| F|  |TAMS 0x0000000728200000, 0x0000000728200000| Untracked 
| 310|0x0000000728400000, 0x0000000728400000, 0x0000000728600000|  0%| F|  |TAMS 0x0000000728400000, 0x0000000728400000| Untracked 
| 311|0x0000000728600000, 0x0000000728600000, 0x0000000728800000|  0%| F|  |TAMS 0x0000000728600000, 0x0000000728600000| Untracked 
| 312|0x0000000728800000, 0x0000000728800000, 0x0000000728a00000|  0%| F|  |TAMS 0x0000000728800000, 0x0000000728800000| Untracked 
| 313|0x0000000728a00000, 0x0000000728a00000, 0x0000000728c00000|  0%| F|  |TAMS 0x0000000728a00000, 0x0000000728a00000| Untracked 
| 314|0x0000000728c00000, 0x0000000728c00000, 0x0000000728e00000|  0%| F|  |TAMS 0x0000000728c00000, 0x0000000728c00000| Untracked 
| 315|0x0000000728e00000, 0x0000000728e00000, 0x0000000729000000|  0%| F|  |TAMS 0x0000000728e00000, 0x0000000728e00000| Untracked 
| 316|0x0000000729000000, 0x0000000729000000, 0x0000000729200000|  0%| F|  |TAMS 0x0000000729000000, 0x0000000729000000| Untracked 
| 317|0x0000000729200000, 0x0000000729200000, 0x0000000729400000|  0%| F|  |TAMS 0x0000000729200000, 0x0000000729200000| Untracked 
| 318|0x0000000729400000, 0x0000000729400000, 0x0000000729600000|  0%| F|  |TAMS 0x0000000729400000, 0x0000000729400000| Untracked 
| 319|0x0000000729600000, 0x0000000729615938, 0x0000000729800000|  4%| O|  |TAMS 0x0000000729600000, 0x0000000729600000| Untracked 
| 320|0x0000000729800000, 0x0000000729800000, 0x0000000729a00000|  0%| F|  |TAMS 0x0000000729800000, 0x0000000729800000| Untracked 
| 321|0x0000000729a00000, 0x0000000729a00000, 0x0000000729c00000|  0%| F|  |TAMS 0x0000000729a00000, 0x0000000729a00000| Untracked 
| 322|0x0000000729c00000, 0x0000000729c00000, 0x0000000729e00000|  0%| F|  |TAMS 0x0000000729c00000, 0x0000000729c00000| Untracked 
| 323|0x0000000729e00000, 0x0000000729e00000, 0x000000072a000000|  0%| F|  |TAMS 0x0000000729e00000, 0x0000000729e00000| Untracked 
| 324|0x000000072a000000, 0x000000072a000000, 0x000000072a200000|  0%| F|  |TAMS 0x000000072a000000, 0x000000072a000000| Untracked 
| 325|0x000000072a200000, 0x000000072a200000, 0x000000072a400000|  0%| F|  |TAMS 0x000000072a200000, 0x000000072a200000| Untracked 
| 326|0x000000072a400000, 0x000000072a400000, 0x000000072a600000|  0%| F|  |TAMS 0x000000072a400000, 0x000000072a400000| Untracked 
| 327|0x000000072a600000, 0x000000072a600000, 0x000000072a800000|  0%| F|  |TAMS 0x000000072a600000, 0x000000072a600000| Untracked 
| 328|0x000000072a800000, 0x000000072a800000, 0x000000072aa00000|  0%| F|  |TAMS 0x000000072a800000, 0x000000072a800000| Untracked 
| 329|0x000000072aa00000, 0x000000072aa00000, 0x000000072ac00000|  0%| F|  |TAMS 0x000000072aa00000, 0x000000072aa00000| Untracked 
| 330|0x000000072ac00000, 0x000000072ac00000, 0x000000072ae00000|  0%| F|  |TAMS 0x000000072ac00000, 0x000000072ac00000| Untracked 
| 331|0x000000072ae00000, 0x000000072ae00000, 0x000000072b000000|  0%| F|  |TAMS 0x000000072ae00000, 0x000000072ae00000| Untracked 
| 332|0x000000072b000000, 0x000000072b000000, 0x000000072b200000|  0%| F|  |TAMS 0x000000072b000000, 0x000000072b000000| Untracked 
| 333|0x000000072b200000, 0x000000072b200000, 0x000000072b400000|  0%| F|  |TAMS 0x000000072b200000, 0x000000072b200000| Untracked 
| 334|0x000000072b400000, 0x000000072b400000, 0x000000072b600000|  0%| F|  |TAMS 0x000000072b400000, 0x000000072b400000| Untracked 
| 335|0x000000072b600000, 0x000000072b600000, 0x000000072b800000|  0%| F|  |TAMS 0x000000072b600000, 0x000000072b600000| Untracked 
| 336|0x000000072b800000, 0x000000072b800000, 0x000000072ba00000|  0%| F|  |TAMS 0x000000072b800000, 0x000000072b800000| Untracked 
| 337|0x000000072ba00000, 0x000000072ba00000, 0x000000072bc00000|  0%| F|  |TAMS 0x000000072ba00000, 0x000000072ba00000| Untracked 
| 338|0x000000072bc00000, 0x000000072bc00000, 0x000000072be00000|  0%| F|  |TAMS 0x000000072bc00000, 0x000000072bc00000| Untracked 
| 339|0x000000072be00000, 0x000000072be00000, 0x000000072c000000|  0%| F|  |TAMS 0x000000072be00000, 0x000000072be00000| Untracked 
| 340|0x000000072c000000, 0x000000072c000000, 0x000000072c200000|  0%| F|  |TAMS 0x000000072c000000, 0x000000072c000000| Untracked 
| 341|0x000000072c200000, 0x000000072c200000, 0x000000072c400000|  0%| F|  |TAMS 0x000000072c200000, 0x000000072c200000| Untracked 
| 342|0x000000072c400000, 0x000000072c400000, 0x000000072c600000|  0%| F|  |TAMS 0x000000072c400000, 0x000000072c400000| Untracked 
| 343|0x000000072c600000, 0x000000072c600000, 0x000000072c800000|  0%| F|  |TAMS 0x000000072c600000, 0x000000072c600000| Untracked 
| 344|0x000000072c800000, 0x000000072c800000, 0x000000072ca00000|  0%| F|  |TAMS 0x000000072c800000, 0x000000072c800000| Untracked 
| 345|0x000000072ca00000, 0x000000072ca00000, 0x000000072cc00000|  0%| F|  |TAMS 0x000000072ca00000, 0x000000072ca00000| Untracked 
| 346|0x000000072cc00000, 0x000000072cc00000, 0x000000072ce00000|  0%| F|  |TAMS 0x000000072cc00000, 0x000000072cc00000| Untracked 
| 347|0x000000072ce00000, 0x000000072ce00000, 0x000000072d000000|  0%| F|  |TAMS 0x000000072ce00000, 0x000000072ce00000| Untracked 
| 348|0x000000072d000000, 0x000000072d000000, 0x000000072d200000|  0%| F|  |TAMS 0x000000072d000000, 0x000000072d000000| Untracked 
| 349|0x000000072d200000, 0x000000072d200000, 0x000000072d400000|  0%| F|  |TAMS 0x000000072d200000, 0x000000072d200000| Untracked 
| 350|0x000000072d400000, 0x000000072d400000, 0x000000072d600000|  0%| F|  |TAMS 0x000000072d400000, 0x000000072d400000| Untracked 
| 351|0x000000072d600000, 0x000000072d600000, 0x000000072d800000|  0%| F|  |TAMS 0x000000072d600000, 0x000000072d600000| Untracked 
| 352|0x000000072d800000, 0x000000072d800000, 0x000000072da00000|  0%| F|  |TAMS 0x000000072d800000, 0x000000072d800000| Untracked 
| 353|0x000000072da00000, 0x000000072da00000, 0x000000072dc00000|  0%| F|  |TAMS 0x000000072da00000, 0x000000072da00000| Untracked 
| 354|0x000000072dc00000, 0x000000072dc00000, 0x000000072de00000|  0%| F|  |TAMS 0x000000072dc00000, 0x000000072dc00000| Untracked 
| 355|0x000000072de00000, 0x000000072de00000, 0x000000072e000000|  0%| F|  |TAMS 0x000000072de00000, 0x000000072de00000| Untracked 
| 356|0x000000072e000000, 0x000000072e000000, 0x000000072e200000|  0%| F|  |TAMS 0x000000072e000000, 0x000000072e000000| Untracked 
| 357|0x000000072e200000, 0x000000072e200000, 0x000000072e400000|  0%| F|  |TAMS 0x000000072e200000, 0x000000072e200000| Untracked 
| 358|0x000000072e400000, 0x000000072e400000, 0x000000072e600000|  0%| F|  |TAMS 0x000000072e400000, 0x000000072e400000| Untracked 
| 359|0x000000072e600000, 0x000000072e600000, 0x000000072e800000|  0%| F|  |TAMS 0x000000072e600000, 0x000000072e600000| Untracked 
| 360|0x000000072e800000, 0x000000072e800000, 0x000000072ea00000|  0%| F|  |TAMS 0x000000072e800000, 0x000000072e800000| Untracked 
| 361|0x000000072ea00000, 0x000000072ea00000, 0x000000072ec00000|  0%| F|  |TAMS 0x000000072ea00000, 0x000000072ea00000| Untracked 
| 362|0x000000072ec00000, 0x000000072ec00000, 0x000000072ee00000|  0%| F|  |TAMS 0x000000072ec00000, 0x000000072ec00000| Untracked 
| 363|0x000000072ee00000, 0x000000072ee00000, 0x000000072f000000|  0%| F|  |TAMS 0x000000072ee00000, 0x000000072ee00000| Untracked 
| 364|0x000000072f000000, 0x000000072f000000, 0x000000072f200000|  0%| F|  |TAMS 0x000000072f000000, 0x000000072f000000| Untracked 
| 365|0x000000072f200000, 0x000000072f200000, 0x000000072f400000|  0%| F|  |TAMS 0x000000072f200000, 0x000000072f200000| Untracked 
| 366|0x000000072f400000, 0x000000072f400000, 0x000000072f600000|  0%| F|  |TAMS 0x000000072f400000, 0x000000072f400000| Untracked 
| 367|0x000000072f600000, 0x000000072f600000, 0x000000072f800000|  0%| F|  |TAMS 0x000000072f600000, 0x000000072f600000| Untracked 
| 368|0x000000072f800000, 0x000000072f800000, 0x000000072fa00000|  0%| F|  |TAMS 0x000000072f800000, 0x000000072f800000| Untracked 
| 369|0x000000072fa00000, 0x000000072fa00000, 0x000000072fc00000|  0%| F|  |TAMS 0x000000072fa00000, 0x000000072fa00000| Untracked 
| 370|0x000000072fc00000, 0x000000072fc00000, 0x000000072fe00000|  0%| F|  |TAMS 0x000000072fc00000, 0x000000072fc00000| Untracked 
| 371|0x000000072fe00000, 0x000000072fe00000, 0x0000000730000000|  0%| F|  |TAMS 0x000000072fe00000, 0x000000072fe00000| Untracked 
| 372|0x0000000730000000, 0x0000000730000000, 0x0000000730200000|  0%| F|  |TAMS 0x0000000730000000, 0x0000000730000000| Untracked 
| 373|0x0000000730200000, 0x0000000730200000, 0x0000000730400000|  0%| F|  |TAMS 0x0000000730200000, 0x0000000730200000| Untracked 
| 374|0x0000000730400000, 0x0000000730400000, 0x0000000730600000|  0%| F|  |TAMS 0x0000000730400000, 0x0000000730400000| Untracked 
| 375|0x0000000730600000, 0x0000000730600000, 0x0000000730800000|  0%| F|  |TAMS 0x0000000730600000, 0x0000000730600000| Untracked 
| 376|0x0000000730800000, 0x0000000730800000, 0x0000000730a00000|  0%| F|  |TAMS 0x0000000730800000, 0x0000000730800000| Untracked 
| 377|0x0000000730a00000, 0x0000000730a00000, 0x0000000730c00000|  0%| F|  |TAMS 0x0000000730a00000, 0x0000000730a00000| Untracked 
| 378|0x0000000730c00000, 0x0000000730c00000, 0x0000000730e00000|  0%| F|  |TAMS 0x0000000730c00000, 0x0000000730c00000| Untracked 
| 379|0x0000000730e00000, 0x0000000730e00000, 0x0000000731000000|  0%| F|  |TAMS 0x0000000730e00000, 0x0000000730e00000| Untracked 
| 380|0x0000000731000000, 0x0000000731000000, 0x0000000731200000|  0%| F|  |TAMS 0x0000000731000000, 0x0000000731000000| Untracked 
| 381|0x0000000731200000, 0x0000000731200000, 0x0000000731400000|  0%| F|  |TAMS 0x0000000731200000, 0x0000000731200000| Untracked 
| 382|0x0000000731400000, 0x0000000731400000, 0x0000000731600000|  0%| F|  |TAMS 0x0000000731400000, 0x0000000731400000| Untracked 
| 383|0x0000000731600000, 0x0000000731600000, 0x0000000731800000|  0%| F|  |TAMS 0x0000000731600000, 0x0000000731600000| Untracked 
| 384|0x0000000731800000, 0x0000000731800000, 0x0000000731a00000|  0%| F|  |TAMS 0x0000000731800000, 0x0000000731800000| Untracked 
| 385|0x0000000731a00000, 0x0000000731a00000, 0x0000000731c00000|  0%| F|  |TAMS 0x0000000731a00000, 0x0000000731a00000| Untracked 
| 386|0x0000000731c00000, 0x0000000731c00000, 0x0000000731e00000|  0%| F|  |TAMS 0x0000000731c00000, 0x0000000731c00000| Untracked 
| 387|0x0000000731e00000, 0x0000000731e00000, 0x0000000732000000|  0%| F|  |TAMS 0x0000000731e00000, 0x0000000731e00000| Untracked 
| 388|0x0000000732000000, 0x0000000732000000, 0x0000000732200000|  0%| F|  |TAMS 0x0000000732000000, 0x0000000732000000| Untracked 
| 389|0x0000000732200000, 0x0000000732200000, 0x0000000732400000|  0%| F|  |TAMS 0x0000000732200000, 0x0000000732200000| Untracked 
| 390|0x0000000732400000, 0x0000000732400000, 0x0000000732600000|  0%| F|  |TAMS 0x0000000732400000, 0x0000000732400000| Untracked 
| 391|0x0000000732600000, 0x0000000732600000, 0x0000000732800000|  0%| F|  |TAMS 0x0000000732600000, 0x0000000732600000| Untracked 
| 392|0x0000000732800000, 0x0000000732800000, 0x0000000732a00000|  0%| F|  |TAMS 0x0000000732800000, 0x0000000732800000| Untracked 
| 393|0x0000000732a00000, 0x0000000732a00000, 0x0000000732c00000|  0%| F|  |TAMS 0x0000000732a00000, 0x0000000732a00000| Untracked 
| 394|0x0000000732c00000, 0x0000000732c00000, 0x0000000732e00000|  0%| F|  |TAMS 0x0000000732c00000, 0x0000000732c00000| Untracked 
| 395|0x0000000732e00000, 0x0000000732e00000, 0x0000000733000000|  0%| F|  |TAMS 0x0000000732e00000, 0x0000000732e00000| Untracked 
| 396|0x0000000733000000, 0x0000000733000000, 0x0000000733200000|  0%| F|  |TAMS 0x0000000733000000, 0x0000000733000000| Untracked 
| 397|0x0000000733200000, 0x0000000733200000, 0x0000000733400000|  0%| F|  |TAMS 0x0000000733200000, 0x0000000733200000| Untracked 
| 398|0x0000000733400000, 0x0000000733400000, 0x0000000733600000|  0%| F|  |TAMS 0x0000000733400000, 0x0000000733400000| Untracked 
| 399|0x0000000733600000, 0x0000000733600000, 0x0000000733800000|  0%| F|  |TAMS 0x0000000733600000, 0x0000000733600000| Untracked 
| 400|0x0000000733800000, 0x0000000733800000, 0x0000000733a00000|  0%| F|  |TAMS 0x0000000733800000, 0x0000000733800000| Untracked 
| 401|0x0000000733a00000, 0x0000000733a00000, 0x0000000733c00000|  0%| F|  |TAMS 0x0000000733a00000, 0x0000000733a00000| Untracked 
| 402|0x0000000733c00000, 0x0000000733c00000, 0x0000000733e00000|  0%| F|  |TAMS 0x0000000733c00000, 0x0000000733c00000| Untracked 
| 403|0x0000000733e00000, 0x0000000733e00000, 0x0000000734000000|  0%| F|  |TAMS 0x0000000733e00000, 0x0000000733e00000| Untracked 
| 404|0x0000000734000000, 0x0000000734000000, 0x0000000734200000|  0%| F|  |TAMS 0x0000000734000000, 0x0000000734000000| Untracked 
| 405|0x0000000734200000, 0x0000000734200000, 0x0000000734400000|  0%| F|  |TAMS 0x0000000734200000, 0x0000000734200000| Untracked 
| 406|0x0000000734400000, 0x0000000734400000, 0x0000000734600000|  0%| F|  |TAMS 0x0000000734400000, 0x0000000734400000| Untracked 
| 407|0x0000000734600000, 0x0000000734600000, 0x0000000734800000|  0%| F|  |TAMS 0x0000000734600000, 0x0000000734600000| Untracked 
| 408|0x0000000734800000, 0x0000000734800000, 0x0000000734a00000|  0%| F|  |TAMS 0x0000000734800000, 0x0000000734800000| Untracked 
| 409|0x0000000734a00000, 0x0000000734a00000, 0x0000000734c00000|  0%| F|  |TAMS 0x0000000734a00000, 0x0000000734a00000| Untracked 
| 410|0x0000000734c00000, 0x0000000734c00000, 0x0000000734e00000|  0%| F|  |TAMS 0x0000000734c00000, 0x0000000734c00000| Untracked 
| 411|0x0000000734e00000, 0x0000000734e00000, 0x0000000735000000|  0%| F|  |TAMS 0x0000000734e00000, 0x0000000734e00000| Untracked 
| 412|0x0000000735000000, 0x0000000735000000, 0x0000000735200000|  0%| F|  |TAMS 0x0000000735000000, 0x0000000735000000| Untracked 
| 413|0x0000000735200000, 0x0000000735200000, 0x0000000735400000|  0%| F|  |TAMS 0x0000000735200000, 0x0000000735200000| Untracked 
| 414|0x0000000735400000, 0x0000000735400000, 0x0000000735600000|  0%| F|  |TAMS 0x0000000735400000, 0x0000000735400000| Untracked 
| 415|0x0000000735600000, 0x0000000735600000, 0x0000000735800000|  0%| F|  |TAMS 0x0000000735600000, 0x0000000735600000| Untracked 
| 416|0x0000000735800000, 0x0000000735800000, 0x0000000735a00000|  0%| F|  |TAMS 0x0000000735800000, 0x0000000735800000| Untracked 
| 417|0x0000000735a00000, 0x0000000735a00000, 0x0000000735c00000|  0%| F|  |TAMS 0x0000000735a00000, 0x0000000735a00000| Untracked 
| 418|0x0000000735c00000, 0x0000000735c00000, 0x0000000735e00000|  0%| F|  |TAMS 0x0000000735c00000, 0x0000000735c00000| Untracked 
| 419|0x0000000735e00000, 0x0000000735e00000, 0x0000000736000000|  0%| F|  |TAMS 0x0000000735e00000, 0x0000000735e00000| Untracked 
| 420|0x0000000736000000, 0x0000000736000000, 0x0000000736200000|  0%| F|  |TAMS 0x0000000736000000, 0x0000000736000000| Untracked 
| 421|0x0000000736200000, 0x0000000736200000, 0x0000000736400000|  0%| F|  |TAMS 0x0000000736200000, 0x0000000736200000| Untracked 
| 422|0x0000000736400000, 0x0000000736400000, 0x0000000736600000|  0%| F|  |TAMS 0x0000000736400000, 0x0000000736400000| Untracked 
| 423|0x0000000736600000, 0x0000000736600000, 0x0000000736800000|  0%| F|  |TAMS 0x0000000736600000, 0x0000000736600000| Untracked 
| 424|0x0000000736800000, 0x0000000736800000, 0x0000000736a00000|  0%| F|  |TAMS 0x0000000736800000, 0x0000000736800000| Untracked 
| 425|0x0000000736a00000, 0x0000000736a00000, 0x0000000736c00000|  0%| F|  |TAMS 0x0000000736a00000, 0x0000000736a00000| Untracked 
| 426|0x0000000736c00000, 0x0000000736c00000, 0x0000000736e00000|  0%| F|  |TAMS 0x0000000736c00000, 0x0000000736c00000| Untracked 
| 427|0x0000000736e00000, 0x0000000736e00000, 0x0000000737000000|  0%| F|  |TAMS 0x0000000736e00000, 0x0000000736e00000| Untracked 
| 428|0x0000000737000000, 0x0000000737000000, 0x0000000737200000|  0%| F|  |TAMS 0x0000000737000000, 0x0000000737000000| Untracked 
| 429|0x0000000737200000, 0x0000000737200000, 0x0000000737400000|  0%| F|  |TAMS 0x0000000737200000, 0x0000000737200000| Untracked 
| 430|0x0000000737400000, 0x0000000737400000, 0x0000000737600000|  0%| F|  |TAMS 0x0000000737400000, 0x0000000737400000| Untracked 
| 431|0x0000000737600000, 0x0000000737600000, 0x0000000737800000|  0%| F|  |TAMS 0x0000000737600000, 0x0000000737600000| Untracked 
| 432|0x0000000737800000, 0x0000000737800000, 0x0000000737a00000|  0%| F|  |TAMS 0x0000000737800000, 0x0000000737800000| Untracked 
| 433|0x0000000737a00000, 0x0000000737a00000, 0x0000000737c00000|  0%| F|  |TAMS 0x0000000737a00000, 0x0000000737a00000| Untracked 
| 434|0x0000000737c00000, 0x0000000737c00000, 0x0000000737e00000|  0%| F|  |TAMS 0x0000000737c00000, 0x0000000737c00000| Untracked 
| 435|0x0000000737e00000, 0x0000000737e00000, 0x0000000738000000|  0%| F|  |TAMS 0x0000000737e00000, 0x0000000737e00000| Untracked 
| 436|0x0000000738000000, 0x0000000738000000, 0x0000000738200000|  0%| F|  |TAMS 0x0000000738000000, 0x0000000738000000| Untracked 
| 437|0x0000000738200000, 0x0000000738200000, 0x0000000738400000|  0%| F|  |TAMS 0x0000000738200000, 0x0000000738200000| Untracked 
| 438|0x0000000738400000, 0x0000000738400000, 0x0000000738600000|  0%| F|  |TAMS 0x0000000738400000, 0x0000000738400000| Untracked 
| 439|0x0000000738600000, 0x0000000738600000, 0x0000000738800000|  0%| F|  |TAMS 0x0000000738600000, 0x0000000738600000| Untracked 
| 440|0x0000000738800000, 0x0000000738800000, 0x0000000738a00000|  0%| F|  |TAMS 0x0000000738800000, 0x0000000738800000| Untracked 
| 441|0x0000000738a00000, 0x0000000738a00000, 0x0000000738c00000|  0%| F|  |TAMS 0x0000000738a00000, 0x0000000738a00000| Untracked 
| 442|0x0000000738c00000, 0x0000000738c00000, 0x0000000738e00000|  0%| F|  |TAMS 0x0000000738c00000, 0x0000000738c00000| Untracked 
| 443|0x0000000738e00000, 0x0000000738e00000, 0x0000000739000000|  0%| F|  |TAMS 0x0000000738e00000, 0x0000000738e00000| Untracked 
| 444|0x0000000739000000, 0x0000000739000000, 0x0000000739200000|  0%| F|  |TAMS 0x0000000739000000, 0x0000000739000000| Untracked 
| 445|0x0000000739200000, 0x0000000739200000, 0x0000000739400000|  0%| F|  |TAMS 0x0000000739200000, 0x0000000739200000| Untracked 
| 446|0x0000000739400000, 0x0000000739400000, 0x0000000739600000|  0%| F|  |TAMS 0x0000000739400000, 0x0000000739400000| Untracked 
| 447|0x0000000739600000, 0x0000000739600000, 0x0000000739800000|  0%| F|  |TAMS 0x0000000739600000, 0x0000000739600000| Untracked 
| 448|0x0000000739800000, 0x0000000739800000, 0x0000000739a00000|  0%| F|  |TAMS 0x0000000739800000, 0x0000000739800000| Untracked 
| 449|0x0000000739a00000, 0x0000000739a00000, 0x0000000739c00000|  0%| F|  |TAMS 0x0000000739a00000, 0x0000000739a00000| Untracked 
| 450|0x0000000739c00000, 0x0000000739c00000, 0x0000000739e00000|  0%| F|  |TAMS 0x0000000739c00000, 0x0000000739c00000| Untracked 
| 451|0x0000000739e00000, 0x0000000739e00000, 0x000000073a000000|  0%| F|  |TAMS 0x0000000739e00000, 0x0000000739e00000| Untracked 
| 452|0x000000073a000000, 0x000000073a000000, 0x000000073a200000|  0%| F|  |TAMS 0x000000073a000000, 0x000000073a000000| Untracked 
| 453|0x000000073a200000, 0x000000073a200000, 0x000000073a400000|  0%| F|  |TAMS 0x000000073a200000, 0x000000073a200000| Untracked 
| 454|0x000000073a400000, 0x000000073a400000, 0x000000073a600000|  0%| F|  |TAMS 0x000000073a400000, 0x000000073a400000| Untracked 
| 455|0x000000073a600000, 0x000000073a600000, 0x000000073a800000|  0%| F|  |TAMS 0x000000073a600000, 0x000000073a600000| Untracked 
| 456|0x000000073a800000, 0x000000073a800000, 0x000000073aa00000|  0%| F|  |TAMS 0x000000073a800000, 0x000000073a800000| Untracked 
| 457|0x000000073aa00000, 0x000000073aa00000, 0x000000073ac00000|  0%| F|  |TAMS 0x000000073aa00000, 0x000000073aa00000| Untracked 
| 458|0x000000073ac00000, 0x000000073ac00000, 0x000000073ae00000|  0%| F|  |TAMS 0x000000073ac00000, 0x000000073ac00000| Untracked 
| 459|0x000000073ae00000, 0x000000073ae00000, 0x000000073b000000|  0%| F|  |TAMS 0x000000073ae00000, 0x000000073ae00000| Untracked 
| 460|0x000000073b000000, 0x000000073b000000, 0x000000073b200000|  0%| F|  |TAMS 0x000000073b000000, 0x000000073b000000| Untracked 
| 461|0x000000073b200000, 0x000000073b200000, 0x000000073b400000|  0%| F|  |TAMS 0x000000073b200000, 0x000000073b200000| Untracked 
| 462|0x000000073b400000, 0x000000073b400000, 0x000000073b600000|  0%| F|  |TAMS 0x000000073b400000, 0x000000073b400000| Untracked 
| 463|0x000000073b600000, 0x000000073b600000, 0x000000073b800000|  0%| F|  |TAMS 0x000000073b600000, 0x000000073b600000| Untracked 
| 464|0x000000073b800000, 0x000000073b800000, 0x000000073ba00000|  0%| F|  |TAMS 0x000000073b800000, 0x000000073b800000| Untracked 
| 465|0x000000073ba00000, 0x000000073ba00000, 0x000000073bc00000|  0%| F|  |TAMS 0x000000073ba00000, 0x000000073ba00000| Untracked 
| 466|0x000000073bc00000, 0x000000073bc00000, 0x000000073be00000|  0%| F|  |TAMS 0x000000073bc00000, 0x000000073bc00000| Untracked 
| 467|0x000000073be00000, 0x000000073be00000, 0x000000073c000000|  0%| F|  |TAMS 0x000000073be00000, 0x000000073be00000| Untracked 
| 468|0x000000073c000000, 0x000000073c000000, 0x000000073c200000|  0%| F|  |TAMS 0x000000073c000000, 0x000000073c000000| Untracked 
| 469|0x000000073c200000, 0x000000073c200000, 0x000000073c400000|  0%| F|  |TAMS 0x000000073c200000, 0x000000073c200000| Untracked 
| 470|0x000000073c400000, 0x000000073c400000, 0x000000073c600000|  0%| F|  |TAMS 0x000000073c400000, 0x000000073c400000| Untracked 
| 471|0x000000073c600000, 0x000000073c600000, 0x000000073c800000|  0%| F|  |TAMS 0x000000073c600000, 0x000000073c600000| Untracked 
| 472|0x000000073c800000, 0x000000073c800000, 0x000000073ca00000|  0%| F|  |TAMS 0x000000073c800000, 0x000000073c800000| Untracked 
| 473|0x000000073ca00000, 0x000000073ca00000, 0x000000073cc00000|  0%| F|  |TAMS 0x000000073ca00000, 0x000000073ca00000| Untracked 
| 474|0x000000073cc00000, 0x000000073cc00000, 0x000000073ce00000|  0%| F|  |TAMS 0x000000073cc00000, 0x000000073cc00000| Untracked 
| 475|0x000000073ce00000, 0x000000073ce00000, 0x000000073d000000|  0%| F|  |TAMS 0x000000073ce00000, 0x000000073ce00000| Untracked 
| 476|0x000000073d000000, 0x000000073d000000, 0x000000073d200000|  0%| F|  |TAMS 0x000000073d000000, 0x000000073d000000| Untracked 
| 477|0x000000073d200000, 0x000000073d200000, 0x000000073d400000|  0%| F|  |TAMS 0x000000073d200000, 0x000000073d200000| Untracked 
| 478|0x000000073d400000, 0x000000073d400000, 0x000000073d600000|  0%| F|  |TAMS 0x000000073d400000, 0x000000073d400000| Untracked 
| 479|0x000000073d600000, 0x000000073d600000, 0x000000073d800000|  0%| F|  |TAMS 0x000000073d600000, 0x000000073d600000| Untracked 
| 480|0x000000073d800000, 0x000000073d800000, 0x000000073da00000|  0%| F|  |TAMS 0x000000073d800000, 0x000000073d800000| Untracked 
| 481|0x000000073da00000, 0x000000073da00000, 0x000000073dc00000|  0%| F|  |TAMS 0x000000073da00000, 0x000000073da00000| Untracked 
| 482|0x000000073dc00000, 0x000000073dc00000, 0x000000073de00000|  0%| F|  |TAMS 0x000000073dc00000, 0x000000073dc00000| Untracked 
| 483|0x000000073de00000, 0x000000073de00000, 0x000000073e000000|  0%| F|  |TAMS 0x000000073de00000, 0x000000073de00000| Untracked 
| 484|0x000000073e000000, 0x000000073e000000, 0x000000073e200000|  0%| F|  |TAMS 0x000000073e000000, 0x000000073e000000| Untracked 
| 485|0x000000073e200000, 0x000000073e200000, 0x000000073e400000|  0%| F|  |TAMS 0x000000073e200000, 0x000000073e200000| Untracked 
| 486|0x000000073e400000, 0x000000073e400000, 0x000000073e600000|  0%| F|  |TAMS 0x000000073e400000, 0x000000073e400000| Untracked 
| 487|0x000000073e600000, 0x000000073e600000, 0x000000073e800000|  0%| F|  |TAMS 0x000000073e600000, 0x000000073e600000| Untracked 
| 488|0x000000073e800000, 0x000000073e800000, 0x000000073ea00000|  0%| F|  |TAMS 0x000000073e800000, 0x000000073e800000| Untracked 
| 489|0x000000073ea00000, 0x000000073ea00000, 0x000000073ec00000|  0%| F|  |TAMS 0x000000073ea00000, 0x000000073ea00000| Untracked 
| 490|0x000000073ec00000, 0x000000073ec00000, 0x000000073ee00000|  0%| F|  |TAMS 0x000000073ec00000, 0x000000073ec00000| Untracked 
| 491|0x000000073ee00000, 0x000000073ee00000, 0x000000073f000000|  0%| F|  |TAMS 0x000000073ee00000, 0x000000073ee00000| Untracked 
| 492|0x000000073f000000, 0x000000073f000000, 0x000000073f200000|  0%| F|  |TAMS 0x000000073f000000, 0x000000073f000000| Untracked 
| 493|0x000000073f200000, 0x000000073f200000, 0x000000073f400000|  0%| F|  |TAMS 0x000000073f200000, 0x000000073f200000| Untracked 
| 494|0x000000073f400000, 0x000000073f400000, 0x000000073f600000|  0%| F|  |TAMS 0x000000073f400000, 0x000000073f400000| Untracked 
| 495|0x000000073f600000, 0x000000073f600000, 0x000000073f800000|  0%| F|  |TAMS 0x000000073f600000, 0x000000073f600000| Untracked 
| 496|0x000000073f800000, 0x000000073f800000, 0x000000073fa00000|  0%| F|  |TAMS 0x000000073f800000, 0x000000073f800000| Untracked 
| 497|0x000000073fa00000, 0x000000073fa00000, 0x000000073fc00000|  0%| F|  |TAMS 0x000000073fa00000, 0x000000073fa00000| Untracked 
| 498|0x000000073fc00000, 0x000000073fc00000, 0x000000073fe00000|  0%| F|  |TAMS 0x000000073fc00000, 0x000000073fc00000| Untracked 
| 499|0x000000073fe00000, 0x000000073fe00000, 0x0000000740000000|  0%| F|  |TAMS 0x000000073fe00000, 0x000000073fe00000| Untracked 
| 500|0x0000000740000000, 0x0000000740000000, 0x0000000740200000|  0%| F|  |TAMS 0x0000000740000000, 0x0000000740000000| Untracked 
| 501|0x0000000740200000, 0x0000000740200000, 0x0000000740400000|  0%| F|  |TAMS 0x0000000740200000, 0x0000000740200000| Untracked 
| 502|0x0000000740400000, 0x0000000740400000, 0x0000000740600000|  0%| F|  |TAMS 0x0000000740400000, 0x0000000740400000| Untracked 
| 503|0x0000000740600000, 0x0000000740600000, 0x0000000740800000|  0%| F|  |TAMS 0x0000000740600000, 0x0000000740600000| Untracked 
| 504|0x0000000740800000, 0x0000000740800000, 0x0000000740a00000|  0%| F|  |TAMS 0x0000000740800000, 0x0000000740800000| Untracked 
| 505|0x0000000740a00000, 0x0000000740a00000, 0x0000000740c00000|  0%| F|  |TAMS 0x0000000740a00000, 0x0000000740a00000| Untracked 
| 506|0x0000000740c00000, 0x0000000740c00000, 0x0000000740e00000|  0%| F|  |TAMS 0x0000000740c00000, 0x0000000740c00000| Untracked 
| 507|0x0000000740e00000, 0x0000000740e00000, 0x0000000741000000|  0%| F|  |TAMS 0x0000000740e00000, 0x0000000740e00000| Untracked 
| 508|0x0000000741000000, 0x0000000741000000, 0x0000000741200000|  0%| F|  |TAMS 0x0000000741000000, 0x0000000741000000| Untracked 
| 509|0x0000000741200000, 0x0000000741200000, 0x0000000741400000|  0%| F|  |TAMS 0x0000000741200000, 0x0000000741200000| Untracked 
| 510|0x0000000741400000, 0x0000000741400000, 0x0000000741600000|  0%| F|  |TAMS 0x0000000741400000, 0x0000000741400000| Untracked 
| 511|0x0000000741600000, 0x0000000741600000, 0x0000000741800000|  0%| F|  |TAMS 0x0000000741600000, 0x0000000741600000| Untracked 
| 512|0x0000000741800000, 0x0000000741800000, 0x0000000741a00000|  0%| F|  |TAMS 0x0000000741800000, 0x0000000741800000| Untracked 
| 513|0x0000000741a00000, 0x0000000741a00000, 0x0000000741c00000|  0%| F|  |TAMS 0x0000000741a00000, 0x0000000741a00000| Untracked 
| 514|0x0000000741c00000, 0x0000000741c00000, 0x0000000741e00000|  0%| F|  |TAMS 0x0000000741c00000, 0x0000000741c00000| Untracked 
| 515|0x0000000741e00000, 0x0000000741e00000, 0x0000000742000000|  0%| F|  |TAMS 0x0000000741e00000, 0x0000000741e00000| Untracked 
| 516|0x0000000742000000, 0x0000000742000000, 0x0000000742200000|  0%| F|  |TAMS 0x0000000742000000, 0x0000000742000000| Untracked 
| 517|0x0000000742200000, 0x0000000742200000, 0x0000000742400000|  0%| F|  |TAMS 0x0000000742200000, 0x0000000742200000| Untracked 
| 518|0x0000000742400000, 0x0000000742400000, 0x0000000742600000|  0%| F|  |TAMS 0x0000000742400000, 0x0000000742400000| Untracked 
| 519|0x0000000742600000, 0x0000000742600000, 0x0000000742800000|  0%| F|  |TAMS 0x0000000742600000, 0x0000000742600000| Untracked 
| 520|0x0000000742800000, 0x0000000742800000, 0x0000000742a00000|  0%| F|  |TAMS 0x0000000742800000, 0x0000000742800000| Untracked 
| 521|0x0000000742a00000, 0x0000000742a00000, 0x0000000742c00000|  0%| F|  |TAMS 0x0000000742a00000, 0x0000000742a00000| Untracked 
| 522|0x0000000742c00000, 0x0000000742c00000, 0x0000000742e00000|  0%| F|  |TAMS 0x0000000742c00000, 0x0000000742c00000| Untracked 
| 523|0x0000000742e00000, 0x0000000742e00000, 0x0000000743000000|  0%| F|  |TAMS 0x0000000742e00000, 0x0000000742e00000| Untracked 
| 524|0x0000000743000000, 0x0000000743000000, 0x0000000743200000|  0%| F|  |TAMS 0x0000000743000000, 0x0000000743000000| Untracked 
| 525|0x0000000743200000, 0x0000000743200000, 0x0000000743400000|  0%| F|  |TAMS 0x0000000743200000, 0x0000000743200000| Untracked 
| 526|0x0000000743400000, 0x0000000743400000, 0x0000000743600000|  0%| F|  |TAMS 0x0000000743400000, 0x0000000743400000| Untracked 
| 527|0x0000000743600000, 0x0000000743600000, 0x0000000743800000|  0%| F|  |TAMS 0x0000000743600000, 0x0000000743600000| Untracked 
| 528|0x0000000743800000, 0x0000000743800000, 0x0000000743a00000|  0%| F|  |TAMS 0x0000000743800000, 0x0000000743800000| Untracked 
| 529|0x0000000743a00000, 0x0000000743a00000, 0x0000000743c00000|  0%| F|  |TAMS 0x0000000743a00000, 0x0000000743a00000| Untracked 
| 530|0x0000000743c00000, 0x0000000743c00000, 0x0000000743e00000|  0%| F|  |TAMS 0x0000000743c00000, 0x0000000743c00000| Untracked 
| 531|0x0000000743e00000, 0x0000000743e00000, 0x0000000744000000|  0%| F|  |TAMS 0x0000000743e00000, 0x0000000743e00000| Untracked 
| 532|0x0000000744000000, 0x0000000744000000, 0x0000000744200000|  0%| F|  |TAMS 0x0000000744000000, 0x0000000744000000| Untracked 
| 533|0x0000000744200000, 0x0000000744200000, 0x0000000744400000|  0%| F|  |TAMS 0x0000000744200000, 0x0000000744200000| Untracked 
| 534|0x0000000744400000, 0x0000000744400000, 0x0000000744600000|  0%| F|  |TAMS 0x0000000744400000, 0x0000000744400000| Untracked 
| 535|0x0000000744600000, 0x0000000744600000, 0x0000000744800000|  0%| F|  |TAMS 0x0000000744600000, 0x0000000744600000| Untracked 
| 536|0x0000000744800000, 0x0000000744800000, 0x0000000744a00000|  0%| F|  |TAMS 0x0000000744800000, 0x0000000744800000| Untracked 
| 537|0x0000000744a00000, 0x0000000744a00000, 0x0000000744c00000|  0%| F|  |TAMS 0x0000000744a00000, 0x0000000744a00000| Untracked 
| 538|0x0000000744c00000, 0x0000000744c00000, 0x0000000744e00000|  0%| F|  |TAMS 0x0000000744c00000, 0x0000000744c00000| Untracked 
| 539|0x0000000744e00000, 0x0000000744e00000, 0x0000000745000000|  0%| F|  |TAMS 0x0000000744e00000, 0x0000000744e00000| Untracked 
| 540|0x0000000745000000, 0x0000000745000000, 0x0000000745200000|  0%| F|  |TAMS 0x0000000745000000, 0x0000000745000000| Untracked 
| 541|0x0000000745200000, 0x0000000745200000, 0x0000000745400000|  0%| F|  |TAMS 0x0000000745200000, 0x0000000745200000| Untracked 
| 542|0x0000000745400000, 0x0000000745400000, 0x0000000745600000|  0%| F|  |TAMS 0x0000000745400000, 0x0000000745400000| Untracked 
| 543|0x0000000745600000, 0x0000000745600000, 0x0000000745800000|  0%| F|  |TAMS 0x0000000745600000, 0x0000000745600000| Untracked 
| 544|0x0000000745800000, 0x0000000745800000, 0x0000000745a00000|  0%| F|  |TAMS 0x0000000745800000, 0x0000000745800000| Untracked 
| 545|0x0000000745a00000, 0x0000000745a00000, 0x0000000745c00000|  0%| F|  |TAMS 0x0000000745a00000, 0x0000000745a00000| Untracked 
| 546|0x0000000745c00000, 0x0000000745c00000, 0x0000000745e00000|  0%| F|  |TAMS 0x0000000745c00000, 0x0000000745c00000| Untracked 
| 547|0x0000000745e00000, 0x0000000745e00000, 0x0000000746000000|  0%| F|  |TAMS 0x0000000745e00000, 0x0000000745e00000| Untracked 
| 548|0x0000000746000000, 0x0000000746000000, 0x0000000746200000|  0%| F|  |TAMS 0x0000000746000000, 0x0000000746000000| Untracked 
| 549|0x0000000746200000, 0x0000000746200000, 0x0000000746400000|  0%| F|  |TAMS 0x0000000746200000, 0x0000000746200000| Untracked 
| 550|0x0000000746400000, 0x0000000746400000, 0x0000000746600000|  0%| F|  |TAMS 0x0000000746400000, 0x0000000746400000| Untracked 
| 551|0x0000000746600000, 0x0000000746600000, 0x0000000746800000|  0%| F|  |TAMS 0x0000000746600000, 0x0000000746600000| Untracked 
| 552|0x0000000746800000, 0x0000000746800000, 0x0000000746a00000|  0%| F|  |TAMS 0x0000000746800000, 0x0000000746800000| Untracked 
| 553|0x0000000746a00000, 0x0000000746a00000, 0x0000000746c00000|  0%| F|  |TAMS 0x0000000746a00000, 0x0000000746a00000| Untracked 
| 554|0x0000000746c00000, 0x0000000746c00000, 0x0000000746e00000|  0%| F|  |TAMS 0x0000000746c00000, 0x0000000746c00000| Untracked 
| 555|0x0000000746e00000, 0x0000000746e00000, 0x0000000747000000|  0%| F|  |TAMS 0x0000000746e00000, 0x0000000746e00000| Untracked 
| 556|0x0000000747000000, 0x0000000747000000, 0x0000000747200000|  0%| F|  |TAMS 0x0000000747000000, 0x0000000747000000| Untracked 
| 557|0x0000000747200000, 0x0000000747200000, 0x0000000747400000|  0%| F|  |TAMS 0x0000000747200000, 0x0000000747200000| Untracked 
| 558|0x0000000747400000, 0x0000000747400000, 0x0000000747600000|  0%| F|  |TAMS 0x0000000747400000, 0x0000000747400000| Untracked 
| 559|0x0000000747600000, 0x0000000747600000, 0x0000000747800000|  0%| F|  |TAMS 0x0000000747600000, 0x0000000747600000| Untracked 
| 560|0x0000000747800000, 0x0000000747800000, 0x0000000747a00000|  0%| F|  |TAMS 0x0000000747800000, 0x0000000747800000| Untracked 
| 561|0x0000000747a00000, 0x0000000747a00000, 0x0000000747c00000|  0%| F|  |TAMS 0x0000000747a00000, 0x0000000747a00000| Untracked 
| 562|0x0000000747c00000, 0x0000000747c00000, 0x0000000747e00000|  0%| F|  |TAMS 0x0000000747c00000, 0x0000000747c00000| Untracked 
| 563|0x0000000747e00000, 0x0000000747e00000, 0x0000000748000000|  0%| F|  |TAMS 0x0000000747e00000, 0x0000000747e00000| Untracked 
| 564|0x0000000748000000, 0x0000000748000000, 0x0000000748200000|  0%| F|  |TAMS 0x0000000748000000, 0x0000000748000000| Untracked 
| 565|0x0000000748200000, 0x0000000748200000, 0x0000000748400000|  0%| F|  |TAMS 0x0000000748200000, 0x0000000748200000| Untracked 
| 566|0x0000000748400000, 0x0000000748400000, 0x0000000748600000|  0%| F|  |TAMS 0x0000000748400000, 0x0000000748400000| Untracked 
| 567|0x0000000748600000, 0x0000000748600000, 0x0000000748800000|  0%| F|  |TAMS 0x0000000748600000, 0x0000000748600000| Untracked 
| 568|0x0000000748800000, 0x0000000748800000, 0x0000000748a00000|  0%| F|  |TAMS 0x0000000748800000, 0x0000000748800000| Untracked 
| 569|0x0000000748a00000, 0x0000000748a00000, 0x0000000748c00000|  0%| F|  |TAMS 0x0000000748a00000, 0x0000000748a00000| Untracked 
| 570|0x0000000748c00000, 0x0000000748c00000, 0x0000000748e00000|  0%| F|  |TAMS 0x0000000748c00000, 0x0000000748c00000| Untracked 
| 571|0x0000000748e00000, 0x0000000748e00000, 0x0000000749000000|  0%| F|  |TAMS 0x0000000748e00000, 0x0000000748e00000| Untracked 
| 572|0x0000000749000000, 0x0000000749000000, 0x0000000749200000|  0%| F|  |TAMS 0x0000000749000000, 0x0000000749000000| Untracked 
| 573|0x0000000749200000, 0x0000000749200000, 0x0000000749400000|  0%| F|  |TAMS 0x0000000749200000, 0x0000000749200000| Untracked 
| 574|0x0000000749400000, 0x0000000749400000, 0x0000000749600000|  0%| F|  |TAMS 0x0000000749400000, 0x0000000749400000| Untracked 
| 575|0x0000000749600000, 0x0000000749600000, 0x0000000749800000|  0%| F|  |TAMS 0x0000000749600000, 0x0000000749600000| Untracked 
| 576|0x0000000749800000, 0x0000000749800000, 0x0000000749a00000|  0%| F|  |TAMS 0x0000000749800000, 0x0000000749800000| Untracked 
| 577|0x0000000749a00000, 0x0000000749a00000, 0x0000000749c00000|  0%| F|  |TAMS 0x0000000749a00000, 0x0000000749a00000| Untracked 
| 578|0x0000000749c00000, 0x0000000749c00000, 0x0000000749e00000|  0%| F|  |TAMS 0x0000000749c00000, 0x0000000749c00000| Untracked 
| 579|0x0000000749e00000, 0x0000000749e00000, 0x000000074a000000|  0%| F|  |TAMS 0x0000000749e00000, 0x0000000749e00000| Untracked 
| 580|0x000000074a000000, 0x000000074a000000, 0x000000074a200000|  0%| F|  |TAMS 0x000000074a000000, 0x000000074a000000| Untracked 
| 581|0x000000074a200000, 0x000000074a200000, 0x000000074a400000|  0%| F|  |TAMS 0x000000074a200000, 0x000000074a200000| Untracked 
| 582|0x000000074a400000, 0x000000074a400000, 0x000000074a600000|  0%| F|  |TAMS 0x000000074a400000, 0x000000074a400000| Untracked 
| 583|0x000000074a600000, 0x000000074a600000, 0x000000074a800000|  0%| F|  |TAMS 0x000000074a600000, 0x000000074a600000| Untracked 
| 584|0x000000074a800000, 0x000000074a800000, 0x000000074aa00000|  0%| F|  |TAMS 0x000000074a800000, 0x000000074a800000| Untracked 
| 585|0x000000074aa00000, 0x000000074aa00000, 0x000000074ac00000|  0%| F|  |TAMS 0x000000074aa00000, 0x000000074aa00000| Untracked 
| 586|0x000000074ac00000, 0x000000074ac00000, 0x000000074ae00000|  0%| F|  |TAMS 0x000000074ac00000, 0x000000074ac00000| Untracked 
| 587|0x000000074ae00000, 0x000000074ae00000, 0x000000074b000000|  0%| F|  |TAMS 0x000000074ae00000, 0x000000074ae00000| Untracked 
| 588|0x000000074b000000, 0x000000074b000000, 0x000000074b200000|  0%| F|  |TAMS 0x000000074b000000, 0x000000074b000000| Untracked 
| 589|0x000000074b200000, 0x000000074b200000, 0x000000074b400000|  0%| F|  |TAMS 0x000000074b200000, 0x000000074b200000| Untracked 
| 590|0x000000074b400000, 0x000000074b400000, 0x000000074b600000|  0%| F|  |TAMS 0x000000074b400000, 0x000000074b400000| Untracked 
| 591|0x000000074b600000, 0x000000074b600000, 0x000000074b800000|  0%| F|  |TAMS 0x000000074b600000, 0x000000074b600000| Untracked 
| 592|0x000000074b800000, 0x000000074b800000, 0x000000074ba00000|  0%| F|  |TAMS 0x000000074b800000, 0x000000074b800000| Untracked 
| 593|0x000000074ba00000, 0x000000074ba00000, 0x000000074bc00000|  0%| F|  |TAMS 0x000000074ba00000, 0x000000074ba00000| Untracked 
| 594|0x000000074bc00000, 0x000000074bc00000, 0x000000074be00000|  0%| F|  |TAMS 0x000000074bc00000, 0x000000074bc00000| Untracked 
| 595|0x000000074be00000, 0x000000074be00000, 0x000000074c000000|  0%| F|  |TAMS 0x000000074be00000, 0x000000074be00000| Untracked 
| 596|0x000000074c000000, 0x000000074c000000, 0x000000074c200000|  0%| F|  |TAMS 0x000000074c000000, 0x000000074c000000| Untracked 
| 597|0x000000074c200000, 0x000000074c200000, 0x000000074c400000|  0%| F|  |TAMS 0x000000074c200000, 0x000000074c200000| Untracked 
| 598|0x000000074c400000, 0x000000074c400000, 0x000000074c600000|  0%| F|  |TAMS 0x000000074c400000, 0x000000074c400000| Untracked 
| 599|0x000000074c600000, 0x000000074c600000, 0x000000074c800000|  0%| F|  |TAMS 0x000000074c600000, 0x000000074c600000| Untracked 
| 600|0x000000074c800000, 0x000000074c800000, 0x000000074ca00000|  0%| F|  |TAMS 0x000000074c800000, 0x000000074c800000| Untracked 
| 601|0x000000074ca00000, 0x000000074ca00000, 0x000000074cc00000|  0%| F|  |TAMS 0x000000074ca00000, 0x000000074ca00000| Untracked 
| 602|0x000000074cc00000, 0x000000074cc00000, 0x000000074ce00000|  0%| F|  |TAMS 0x000000074cc00000, 0x000000074cc00000| Untracked 
| 603|0x000000074ce00000, 0x000000074ce00000, 0x000000074d000000|  0%| F|  |TAMS 0x000000074ce00000, 0x000000074ce00000| Untracked 
| 604|0x000000074d000000, 0x000000074d000000, 0x000000074d200000|  0%| F|  |TAMS 0x000000074d000000, 0x000000074d000000| Untracked 
| 605|0x000000074d200000, 0x000000074d200000, 0x000000074d400000|  0%| F|  |TAMS 0x000000074d200000, 0x000000074d200000| Untracked 
| 606|0x000000074d400000, 0x000000074d400000, 0x000000074d600000|  0%| F|  |TAMS 0x000000074d400000, 0x000000074d400000| Untracked 
| 607|0x000000074d600000, 0x000000074d600000, 0x000000074d800000|  0%| F|  |TAMS 0x000000074d600000, 0x000000074d600000| Untracked 
| 608|0x000000074d800000, 0x000000074d800000, 0x000000074da00000|  0%| F|  |TAMS 0x000000074d800000, 0x000000074d800000| Untracked 
| 609|0x000000074da00000, 0x000000074da00000, 0x000000074dc00000|  0%| F|  |TAMS 0x000000074da00000, 0x000000074da00000| Untracked 
| 610|0x000000074dc00000, 0x000000074dc00000, 0x000000074de00000|  0%| F|  |TAMS 0x000000074dc00000, 0x000000074dc00000| Untracked 
| 611|0x000000074de00000, 0x000000074de00000, 0x000000074e000000|  0%| F|  |TAMS 0x000000074de00000, 0x000000074de00000| Untracked 
| 612|0x000000074e000000, 0x000000074e000000, 0x000000074e200000|  0%| F|  |TAMS 0x000000074e000000, 0x000000074e000000| Untracked 
| 613|0x000000074e200000, 0x000000074e200000, 0x000000074e400000|  0%| F|  |TAMS 0x000000074e200000, 0x000000074e200000| Untracked 
| 614|0x000000074e400000, 0x000000074e400000, 0x000000074e600000|  0%| F|  |TAMS 0x000000074e400000, 0x000000074e400000| Untracked 
| 615|0x000000074e600000, 0x000000074e600000, 0x000000074e800000|  0%| F|  |TAMS 0x000000074e600000, 0x000000074e600000| Untracked 
| 616|0x000000074e800000, 0x000000074e800000, 0x000000074ea00000|  0%| F|  |TAMS 0x000000074e800000, 0x000000074e800000| Untracked 
| 617|0x000000074ea00000, 0x000000074ea00000, 0x000000074ec00000|  0%| F|  |TAMS 0x000000074ea00000, 0x000000074ea00000| Untracked 
| 618|0x000000074ec00000, 0x000000074ecbc758, 0x000000074ee00000| 36%| S|CS|TAMS 0x000000074ec00000, 0x000000074ec00000| Complete 
| 619|0x000000074ee00000, 0x000000074f000000, 0x000000074f000000|100%| S|CS|TAMS 0x000000074ee00000, 0x000000074ee00000| Complete 
| 620|0x000000074f000000, 0x000000074f000000, 0x000000074f200000|  0%| F|  |TAMS 0x000000074f000000, 0x000000074f000000| Untracked 
| 621|0x000000074f200000, 0x000000074f200000, 0x000000074f400000|  0%| F|  |TAMS 0x000000074f200000, 0x000000074f200000| Untracked 
| 622|0x000000074f400000, 0x000000074f400000, 0x000000074f600000|  0%| F|  |TAMS 0x000000074f400000, 0x000000074f400000| Untracked 
| 623|0x000000074f600000, 0x000000074f600000, 0x000000074f800000|  0%| F|  |TAMS 0x000000074f600000, 0x000000074f600000| Untracked 
| 624|0x000000074f800000, 0x000000074f800000, 0x000000074fa00000|  0%| F|  |TAMS 0x000000074f800000, 0x000000074f800000| Untracked 
| 625|0x000000074fa00000, 0x000000074fa00000, 0x000000074fc00000|  0%| F|  |TAMS 0x000000074fa00000, 0x000000074fa00000| Untracked 
| 626|0x000000074fc00000, 0x000000074fc00000, 0x000000074fe00000|  0%| F|  |TAMS 0x000000074fc00000, 0x000000074fc00000| Untracked 
| 627|0x000000074fe00000, 0x000000074fe00000, 0x0000000750000000|  0%| F|  |TAMS 0x000000074fe00000, 0x000000074fe00000| Untracked 
| 628|0x0000000750000000, 0x0000000750000000, 0x0000000750200000|  0%| F|  |TAMS 0x0000000750000000, 0x0000000750000000| Untracked 
| 629|0x0000000750200000, 0x0000000750200000, 0x0000000750400000|  0%| F|  |TAMS 0x0000000750200000, 0x0000000750200000| Untracked 
| 630|0x0000000750400000, 0x0000000750400000, 0x0000000750600000|  0%| F|  |TAMS 0x0000000750400000, 0x0000000750400000| Untracked 
| 631|0x0000000750600000, 0x0000000750600000, 0x0000000750800000|  0%| F|  |TAMS 0x0000000750600000, 0x0000000750600000| Untracked 
| 632|0x0000000750800000, 0x0000000750800000, 0x0000000750a00000|  0%| F|  |TAMS 0x0000000750800000, 0x0000000750800000| Untracked 
| 633|0x0000000750a00000, 0x0000000750a00000, 0x0000000750c00000|  0%| F|  |TAMS 0x0000000750a00000, 0x0000000750a00000| Untracked 
| 634|0x0000000750c00000, 0x0000000750c00000, 0x0000000750e00000|  0%| F|  |TAMS 0x0000000750c00000, 0x0000000750c00000| Untracked 
| 635|0x0000000750e00000, 0x0000000750e00000, 0x0000000751000000|  0%| F|  |TAMS 0x0000000750e00000, 0x0000000750e00000| Untracked 
| 636|0x0000000751000000, 0x0000000751000000, 0x0000000751200000|  0%| F|  |TAMS 0x0000000751000000, 0x0000000751000000| Untracked 
| 637|0x0000000751200000, 0x0000000751200000, 0x0000000751400000|  0%| F|  |TAMS 0x0000000751200000, 0x0000000751200000| Untracked 
| 638|0x0000000751400000, 0x0000000751400000, 0x0000000751600000|  0%| F|  |TAMS 0x0000000751400000, 0x0000000751400000| Untracked 
| 639|0x0000000751600000, 0x0000000751600000, 0x0000000751800000|  0%| F|  |TAMS 0x0000000751600000, 0x0000000751600000| Untracked 
| 640|0x0000000751800000, 0x0000000751800000, 0x0000000751a00000|  0%| F|  |TAMS 0x0000000751800000, 0x0000000751800000| Untracked 
| 641|0x0000000751a00000, 0x0000000751a00000, 0x0000000751c00000|  0%| F|  |TAMS 0x0000000751a00000, 0x0000000751a00000| Untracked 
| 642|0x0000000751c00000, 0x0000000751d60e50, 0x0000000751e00000| 68%| E|  |TAMS 0x0000000751c00000, 0x0000000751c00000| Complete 
| 643|0x0000000751e00000, 0x0000000752000000, 0x0000000752000000|100%| E|CS|TAMS 0x0000000751e00000, 0x0000000751e00000| Complete 
| 644|0x0000000752000000, 0x0000000752200000, 0x0000000752200000|100%| E|CS|TAMS 0x0000000752000000, 0x0000000752000000| Complete 
| 645|0x0000000752200000, 0x0000000752400000, 0x0000000752400000|100%| E|CS|TAMS 0x0000000752200000, 0x0000000752200000| Complete 
| 646|0x0000000752400000, 0x0000000752600000, 0x0000000752600000|100%| E|CS|TAMS 0x0000000752400000, 0x0000000752400000| Complete 
| 647|0x0000000752600000, 0x0000000752800000, 0x0000000752800000|100%| E|CS|TAMS 0x0000000752600000, 0x0000000752600000| Complete 
| 648|0x0000000752800000, 0x0000000752a00000, 0x0000000752a00000|100%| E|CS|TAMS 0x0000000752800000, 0x0000000752800000| Complete 
| 649|0x0000000752a00000, 0x0000000752c00000, 0x0000000752c00000|100%| E|CS|TAMS 0x0000000752a00000, 0x0000000752a00000| Complete 
| 650|0x0000000752c00000, 0x0000000752e00000, 0x0000000752e00000|100%| E|CS|TAMS 0x0000000752c00000, 0x0000000752c00000| Complete 
| 651|0x0000000752e00000, 0x0000000753000000, 0x0000000753000000|100%| E|CS|TAMS 0x0000000752e00000, 0x0000000752e00000| Complete 
| 652|0x0000000753000000, 0x0000000753200000, 0x0000000753200000|100%| E|CS|TAMS 0x0000000753000000, 0x0000000753000000| Complete 
| 653|0x0000000753200000, 0x0000000753400000, 0x0000000753400000|100%| E|CS|TAMS 0x0000000753200000, 0x0000000753200000| Complete 
| 654|0x0000000753400000, 0x0000000753600000, 0x0000000753600000|100%| E|CS|TAMS 0x0000000753400000, 0x0000000753400000| Complete 
| 655|0x0000000753600000, 0x0000000753800000, 0x0000000753800000|100%| E|CS|TAMS 0x0000000753600000, 0x0000000753600000| Complete 
| 656|0x0000000753800000, 0x0000000753a00000, 0x0000000753a00000|100%| E|CS|TAMS 0x0000000753800000, 0x0000000753800000| Complete 
| 657|0x0000000753a00000, 0x0000000753c00000, 0x0000000753c00000|100%| E|CS|TAMS 0x0000000753a00000, 0x0000000753a00000| Complete 
| 658|0x0000000753c00000, 0x0000000753e00000, 0x0000000753e00000|100%| E|CS|TAMS 0x0000000753c00000, 0x0000000753c00000| Complete 
| 672|0x0000000755800000, 0x0000000755a00000, 0x0000000755a00000|100%| E|CS|TAMS 0x0000000755800000, 0x0000000755800000| Complete 

Card table byte_map: [0x000001d17b220000,0x000001d17ba20000] _byte_map_base: 0x000001d177a14000

Marking Bits (Prev, Next): (CMBitMap*) 0x000001d178c06990, (CMBitMap*) 0x000001d178c06950
 Prev Bits: [0x000001d11a9c0000, 0x000001d11e960000)
 Next Bits: [0x000001d116a20000, 0x000001d11a9c0000)

Polling page: 0x000001d16f2b0000

Metaspace:

Usage:
  Non-class:     99.18 MB used.
      Class:     16.48 MB used.
       Both:    115.66 MB used.

Virtual space:
  Non-class space:      128.00 MB reserved,      99.38 MB ( 78%) committed,  2 nodes.
      Class space:        1.00 GB reserved,      16.75 MB (  2%) committed,  1 nodes.
             Both:        1.12 GB reserved,     116.12 MB ( 10%) committed. 

Chunk freelists:
   Non-Class:  12.14 MB
       Class:  15.36 MB
        Both:  27.50 MB

MaxMetaspaceSize: unlimited
CompressedClassSpaceSize: 1.00 GB
Initial GC threshold: 21.00 MB
Current GC threshold: 193.25 MB
CDS: on
MetaspaceReclaimPolicy: balanced
 - commit_granule_bytes: 65536.
 - commit_granule_words: 8192.
 - virtual_space_node_default_size: 8388608.
 - enlarge_chunks_in_place: 1.
 - new_chunks_are_fully_committed: 0.
 - uncommit_free_chunks: 1.
 - use_allocation_guard: 0.
 - handle_deallocations: 1.


Internal statistics:

num_allocs_failed_limit: 12.
num_arena_births: 1930.
num_arena_deaths: 1318.
num_vsnodes_births: 3.
num_vsnodes_deaths: 0.
num_space_committed: 1852.
num_space_uncommitted: 0.
num_chunks_returned_to_freelist: 1600.
num_chunks_taken_from_freelist: 5786.
num_chunk_merges: 541.
num_chunk_splits: 3858.
num_chunks_enlarged: 2923.
num_inconsistent_stats: 0.

CodeHeap 'non-profiled nmethods': size=119168Kb used=40919Kb max_used=41167Kb free=78248Kb
 bounds [0x000001d10f5c0000, 0x000001d111e00000, 0x000001d116a20000]
CodeHeap 'profiled nmethods': size=119104Kb used=58276Kb max_used=58433Kb free=60827Kb
 bounds [0x000001d107a20000, 0x000001d10b340000, 0x000001d10ee70000]
CodeHeap 'non-nmethods': size=7488Kb used=1869Kb max_used=3624Kb free=5618Kb
 bounds [0x000001d10ee70000, 0x000001d10f270000, 0x000001d10f5c0000]
 total_blobs=29709 nmethods=28355 adapters=1255
 compilation: enabled
              stopped_count=0, restarted_count=0
 full_count=0

Compilation events (20 events):
Event: 115001.992 Thread 0x000001d1798796d0 nmethod 39307 0x000001d10b335010 code [0x000001d10b3351e0, 0x000001d10b3356c8]
Event: 115001.992 Thread 0x000001d1798796d0 39308       3       com.jidesoft.plaf.basic.BasicJideTabbedPaneUI::calculateTabHeight (381 bytes)
Event: 115001.994 Thread 0x000001d1798796d0 nmethod 39308 0x000001d10b335810 code [0x000001d10b335c80, 0x000001d10b338f88]
Event: 115001.994 Thread 0x000001d1798796d0 39309       3       com.jidesoft.plaf.basic.BasicJideTabbedPaneUI::calculateTabWidth (449 bytes)
Event: 115001.997 Thread 0x000001d1798796d0 nmethod 39309 0x000001d10b339e90 code [0x000001d10b33a3c0, 0x000001d10b33e1f8]
Event: 115002.081 Thread 0x000001d179877170 nmethod 39297 0x000001d111de0890 code [0x000001d111de2020, 0x000001d111deb4c0]
Event: 115002.082 Thread 0x000001d179877170 39300       4       com.jidesoft.plaf.basic.BasicChevronUI::uninstallDefaults (1 bytes)
Event: 115002.082 Thread 0x000001d179877170 nmethod 39300 0x000001d111df3810 code [0x000001d111df3980, 0x000001d111df39f8]
Event: 115002.082 Thread 0x000001d179877170 39301       4       com.jidesoft.plaf.basic.BasicChevronUI::uninstallListeners (29 bytes)
Event: 115002.084 Thread 0x000001d179877170 nmethod 39301 0x000001d111df3b10 code [0x000001d111df3ca0, 0x000001d111df3e28]
Event: 115002.100 Thread 0x000001d1798796d0 39310       3       javax.swing.text.Utilities::getTabbedTextOffset (17 bytes)
Event: 115002.100 Thread 0x000001d1798796d0 nmethod 39310 0x000001d10b33f410 code [0x000001d10b33f5a0, 0x000001d10b33f6e8]
Event: 115002.207 Thread 0x000001d1798796d0 39311       3       com.jidesoft.editor.margin.CodeFoldingMargin::getPreferredWidth (10 bytes)
Event: 115002.208 Thread 0x000001d1798796d0 nmethod 39311 0x000001d109281d90 code [0x000001d109281f60, 0x000001d1092824a8]
Event: 115002.208 Thread 0x000001d1798796d0 39312       3       ui.views.cE::getPreferredWidth (6 bytes)
Event: 115002.208 Thread 0x000001d1798796d0 nmethod 39312 0x000001d108322310 code [0x000001d108322520, 0x000001d108322918]
Event: 115002.311 Thread 0x000001d1798796d0 39313       3       com.jidesoft.plaf.basic.BasicDockableFrameTitlePane::isSameLine (277 bytes)
Event: 115002.313 Thread 0x000001d1798796d0 nmethod 39313 0x000001d10999a610 code [0x000001d10999a9a0, 0x000001d10999c488]
Event: 115002.474 Thread 0x000001d179877170 39314       4       sun.swing.DefaultLookup::getInt (32 bytes)
Event: 115002.477 Thread 0x000001d179877170 nmethod 39314 0x000001d110779990 code [0x000001d110779b40, 0x000001d110779f88]

GC Heap History (20 events):
Event: 113685.233 GC heap before
{Heap before GC invocations=1194 (full 163):
 garbage-first heap   total 675840K, used 294689K [0x0000000701800000, 0x0000000800000000)
  region size 2048K, 15 young (30720K), 0 survivors (0K)
 Metaspace       used 118200K, committed 118720K, reserved 1179648K
  class space    used 16833K, committed 17152K, reserved 1048576K
}
Event: 113685.337 GC heap after
{Heap after GC invocations=1195 (full 164):
 garbage-first heap   total 675840K, used 245570K [0x0000000701800000, 0x0000000800000000)
  region size 2048K, 0 young (0K), 0 survivors (0K)
 Metaspace       used 118200K, committed 118720K, reserved 1179648K
  class space    used 16833K, committed 17152K, reserved 1048576K
}
Event: 113685.709 GC heap before
{Heap before GC invocations=1195 (full 164):
 garbage-first heap   total 675840K, used 298818K [0x0000000701800000, 0x0000000800000000)
  region size 2048K, 15 young (30720K), 0 survivors (0K)
 Metaspace       used 118231K, committed 118784K, reserved 1179648K
  class space    used 16833K, committed 17152K, reserved 1048576K
}
Event: 113685.816 GC heap after
{Heap after GC invocations=1196 (full 165):
 garbage-first heap   total 675840K, used 245689K [0x0000000701800000, 0x0000000800000000)
  region size 2048K, 0 young (0K), 0 survivors (0K)
 Metaspace       used 118231K, committed 118784K, reserved 1179648K
  class space    used 16833K, committed 17152K, reserved 1048576K
}
Event: 113686.788 GC heap before
{Heap before GC invocations=1196 (full 165):
 garbage-first heap   total 675840K, used 307129K [0x0000000701800000, 0x0000000800000000)
  region size 2048K, 23 young (47104K), 0 survivors (0K)
 Metaspace       used 118253K, committed 118784K, reserved 1179648K
  class space    used 16833K, committed 17152K, reserved 1048576K
}
Event: 113686.797 GC heap after
{Heap after GC invocations=1197 (full 165):
 garbage-first heap   total 1351680K, used 265312K [0x0000000701800000, 0x0000000800000000)
  region size 2048K, 2 young (4096K), 2 survivors (4096K)
 Metaspace       used 118253K, committed 118784K, reserved 1179648K
  class space    used 16833K, committed 17152K, reserved 1048576K
}
Event: 113691.580 GC heap before
{Heap before GC invocations=1197 (full 165):
 garbage-first heap   total 1351680K, used 343136K [0x0000000701800000, 0x0000000800000000)
  region size 2048K, 40 young (81920K), 2 survivors (4096K)
 Metaspace       used 118366K, committed 118848K, reserved 1179648K
  class space    used 16868K, committed 17152K, reserved 1048576K
}
Event: 113691.616 GC heap after
{Heap after GC invocations=1198 (full 165):
 garbage-first heap   total 1351680K, used 267459K [0x0000000701800000, 0x0000000800000000)
  region size 2048K, 5 young (10240K), 5 survivors (10240K)
 Metaspace       used 118366K, committed 118848K, reserved 1179648K
  class space    used 16868K, committed 17152K, reserved 1048576K
}
Event: 113707.376 GC heap before
{Heap before GC invocations=1198 (full 165):
 garbage-first heap   total 1351680K, used 343235K [0x0000000701800000, 0x0000000800000000)
  region size 2048K, 40 young (81920K), 5 survivors (10240K)
 Metaspace       used 118409K, committed 118912K, reserved 1179648K
  class space    used 16871K, committed 17152K, reserved 1048576K
}
Event: 113707.383 GC heap after
{Heap after GC invocations=1199 (full 165):
 garbage-first heap   total 1351680K, used 267615K [0x0000000701800000, 0x0000000800000000)
  region size 2048K, 2 young (4096K), 2 survivors (4096K)
 Metaspace       used 118409K, committed 118912K, reserved 1179648K
  class space    used 16871K, committed 17152K, reserved 1048576K
}
Event: 113784.296 GC heap before
{Heap before GC invocations=1199 (full 165):
 garbage-first heap   total 1351680K, used 345439K [0x0000000701800000, 0x0000000800000000)
  region size 2048K, 40 young (81920K), 2 survivors (4096K)
 Metaspace       used 118409K, committed 118912K, reserved 1179648K
  class space    used 16871K, committed 17152K, reserved 1048576K
}
Event: 113784.298 GC heap after
{Heap after GC invocations=1200 (full 165):
 garbage-first heap   total 1351680K, used 265179K [0x0000000701800000, 0x0000000800000000)
  region size 2048K, 1 young (2048K), 1 survivors (2048K)
 Metaspace       used 118409K, committed 118912K, reserved 1179648K
  class space    used 16871K, committed 17152K, reserved 1048576K
}
Event: 113865.396 GC heap before
{Heap before GC invocations=1200 (full 165):
 garbage-first heap   total 1351680K, used 345051K [0x0000000701800000, 0x0000000800000000)
  region size 2048K, 40 young (81920K), 1 survivors (2048K)
 Metaspace       used 118409K, committed 118912K, reserved 1179648K
  class space    used 16871K, committed 17152K, reserved 1048576K
}
Event: 113865.398 GC heap after
{Heap after GC invocations=1201 (full 165):
 garbage-first heap   total 1351680K, used 264919K [0x0000000701800000, 0x0000000800000000)
  region size 2048K, 1 young (2048K), 1 survivors (2048K)
 Metaspace       used 118409K, committed 118912K, reserved 1179648K
  class space    used 16871K, committed 17152K, reserved 1048576K
}
Event: 113946.794 GC heap before
{Heap before GC invocations=1201 (full 165):
 garbage-first heap   total 1351680K, used 344791K [0x0000000701800000, 0x0000000800000000)
  region size 2048K, 40 young (81920K), 1 survivors (2048K)
 Metaspace       used 118409K, committed 118912K, reserved 1179648K
  class space    used 16871K, committed 17152K, reserved 1048576K
}
Event: 113946.796 GC heap after
{Heap after GC invocations=1202 (full 165):
 garbage-first heap   total 1351680K, used 264889K [0x0000000701800000, 0x0000000800000000)
  region size 2048K, 1 young (2048K), 1 survivors (2048K)
 Metaspace       used 118409K, committed 118912K, reserved 1179648K
  class space    used 16871K, committed 17152K, reserved 1048576K
}
Event: 114998.036 GC heap before
{Heap before GC invocations=1202 (full 165):
 garbage-first heap   total 1351680K, used 344761K [0x0000000701800000, 0x0000000800000000)
  region size 2048K, 40 young (81920K), 1 survivors (2048K)
 Metaspace       used 118415K, committed 118912K, reserved 1179648K
  class space    used 16873K, committed 17152K, reserved 1048576K
}
Event: 114998.040 GC heap after
{Heap after GC invocations=1203 (full 165):
 garbage-first heap   total 1351680K, used 265027K [0x0000000701800000, 0x0000000800000000)
  region size 2048K, 1 young (2048K), 1 survivors (2048K)
 Metaspace       used 118415K, committed 118912K, reserved 1179648K
  class space    used 16873K, committed 17152K, reserved 1048576K
}
Event: 115001.322 GC heap before
{Heap before GC invocations=1203 (full 165):
 garbage-first heap   total 1351680K, used 344899K [0x0000000701800000, 0x0000000800000000)
  region size 2048K, 40 young (81920K), 1 survivors (2048K)
 Metaspace       used 118433K, committed 118912K, reserved 1179648K
  class space    used 16877K, committed 17152K, reserved 1048576K
}
Event: 115001.326 GC heap after
{Heap after GC invocations=1204 (full 165):
 garbage-first heap   total 1351680K, used 266914K [0x0000000701800000, 0x0000000800000000)
  region size 2048K, 2 young (4096K), 2 survivors (4096K)
 Metaspace       used 118433K, committed 118912K, reserved 1179648K
  class space    used 16877K, committed 17152K, reserved 1048576K
}

Dll operation events (20 events):
Event: 6.669 Loaded shared library E:\Xilinx\Vivado\2023.2\lib\win64.o\librdi_vivadotasks.dll
Event: 6.669 Loaded shared library E:\Xilinx\Vivado\2023.2\lib\win64.o\librdi_board.dll
Event: 6.670 Loaded shared library E:\Xilinx\Vivado\2023.2\lib\win64.o\librdi_boarddep.dll
Event: 6.671 Loaded shared library E:\Xilinx\Vivado\2023.2\lib\win64.o\librdi_boardcommontasks.dll
Event: 6.671 Loaded shared library E:\Xilinx\Vivado\2023.2\lib\win64.o\librdi_ptgen.dll
Event: 6.672 Loaded shared library E:\Xilinx\Vivado\2023.2\lib\win64.o\librdi_ip.dll
Event: 6.673 Loaded shared library E:\Xilinx\Vivado\2023.2\lib\win64.o\librdi_mig.dll
Event: 6.674 Loaded shared library E:\Xilinx\Vivado\2023.2\lib\win64.o\librdi_implflow.dll
Event: 6.675 Loaded shared library E:\Xilinx\Vivado\2023.2\lib\win64.o\librdi_xhubtasks.dll
Event: 6.752 Loaded shared library E:\Xilinx\Vivado\2023.2\lib\win64.o\librdi_iptasks.dll
Event: 6.753 Loaded shared library E:\Xilinx\Vivado\2023.2\lib\win64.o\librdi_synth.dll
Event: 8.393 Loaded shared library E:\Xilinx\Vivado\2023.2\tps\win64\jre17.0.7_7\bin\verify.dll
Event: 8.697 Loaded shared library E:\Xilinx\Vivado\2023.2\tps\win64\jre17.0.7_7\bin\javajpeg.dll
Event: 8.734 Loaded shared library E:\Xilinx\Vivado\2023.2\tps\win64\jre17.0.7_7\bin\lcms.dll
Event: 9.185 Loaded shared library E:\Xilinx\Vivado\2023.2\tps\win64\jre17.0.7_7\bin\freetype.dll
Event: 9.215 Loaded shared library E:\Xilinx\Vivado\2023.2\tps\win64\jre17.0.7_7\bin\fontmanager.dll
Event: 17.492 Loaded shared library E:\Xilinx\Vivado\2023.2\lib\win64.o\librdi_xhub.dll
Event: 24.269 Loaded shared library E:\Xilinx\Vivado\2023.2\tps\win64\jre17.0.7_7\bin\management.dll
Event: 24.297 Loaded shared library E:\Xilinx\Vivado\2023.2\tps\win64\jre17.0.7_7\bin\management_ext.dll
Event: 119.724 Loaded shared library E:\Xilinx\Vivado\2023.2\lib\win64.o\nlview.dll

Deoptimization events (20 events):
Event: 115001.906 Thread 0x000001d126c76b60 Uncommon trap: trap_request=0xffffff45 fr.pc=0x000001d11047710c relative=0x00000000000005ac
Event: 115001.906 Thread 0x000001d126c76b60 Uncommon trap: reason=unstable_if action=reinterpret pc=0x000001d11047710c method=ui.utils.swing.u.Z.l(Ljavax/swing/JTextField;)Z @ 10 c2
Event: 115001.906 Thread 0x000001d126c76b60 DEOPT PACKING pc=0x000001d11047710c sp=0x0000003014cfd0d0
Event: 115001.906 Thread 0x000001d126c76b60 DEOPT UNPACKING pc=0x000001d10eec69a3 sp=0x0000003014cfd0b8 mode 2
Event: 115001.990 Thread 0x000001d126c76b60 Uncommon trap: trap_request=0xffffff45 fr.pc=0x000001d1100565ac relative=0x00000000000004ec
Event: 115001.990 Thread 0x000001d126c76b60 Uncommon trap: reason=unstable_if action=reinterpret pc=0x000001d1100565ac method=com.jidesoft.plaf.basic.BasicJideTabbedPaneUI.getTextViewForTab(I)Ljavax/swing/text/View; @ 4 c2
Event: 115001.990 Thread 0x000001d126c76b60 DEOPT PACKING pc=0x000001d1100565ac sp=0x0000003014cfdcb0
Event: 115001.990 Thread 0x000001d126c76b60 DEOPT UNPACKING pc=0x000001d10eec69a3 sp=0x0000003014cfdbb8 mode 2
Event: 115001.990 Thread 0x000001d126c76b60 Uncommon trap: trap_request=0xffffff45 fr.pc=0x000001d110454ce4 relative=0x0000000000000064
Event: 115001.990 Thread 0x000001d126c76b60 Uncommon trap: reason=unstable_if action=reinterpret pc=0x000001d110454ce4 method=com.jidesoft.plaf.basic.BasicJideTabbedPaneUI.getTextViewForTab(I)Ljavax/swing/text/View; @ 4 c2
Event: 115001.990 Thread 0x000001d126c76b60 DEOPT PACKING pc=0x000001d110454ce4 sp=0x0000003014cfdc00
Event: 115001.990 Thread 0x000001d126c76b60 DEOPT UNPACKING pc=0x000001d10eec69a3 sp=0x0000003014cfdba0 mode 2
Event: 115001.990 Thread 0x000001d126c76b60 Uncommon trap: trap_request=0xffffff45 fr.pc=0x000001d110058e2c relative=0x000000000000168c
Event: 115001.990 Thread 0x000001d126c76b60 Uncommon trap: reason=unstable_if action=reinterpret pc=0x000001d110058e2c method=com.jidesoft.plaf.basic.BasicJideTabbedPaneUI.getTextViewForTab(I)Ljavax/swing/text/View; @ 4 c2
Event: 115001.990 Thread 0x000001d126c76b60 DEOPT PACKING pc=0x000001d110058e2c sp=0x0000003014cfdca0
Event: 115001.990 Thread 0x000001d126c76b60 DEOPT UNPACKING pc=0x000001d10eec69a3 sp=0x0000003014cfdbb8 mode 2
Event: 115002.476 Thread 0x000001d126c76b60 Uncommon trap: trap_request=0xffffff45 fr.pc=0x000001d10fa52854 relative=0x0000000000000314
Event: 115002.476 Thread 0x000001d126c76b60 Uncommon trap: reason=unstable_if action=reinterpret pc=0x000001d10fa52854 method=de.javasoft.plaf.synthetica.StyleFactory.installFocusListener(Ljava/awt/Component;)V @ 4 c2
Event: 115002.476 Thread 0x000001d126c76b60 DEOPT PACKING pc=0x000001d10fa52854 sp=0x0000003014cfe480
Event: 115002.476 Thread 0x000001d126c76b60 DEOPT UNPACKING pc=0x000001d10eec69a3 sp=0x0000003014cfe420 mode 2

Classes unloaded (20 events):
Event: 85371.316 Thread 0x000001d1785f2900 Unloading class 0x0000000801cf8000 'java/lang/invoke/LambdaForm$MH+0x0000000801cf8000'
Event: 85371.316 Thread 0x000001d1785f2900 Unloading class 0x0000000801ff0400 'jdk/internal/reflect/GeneratedMethodAccessor93'
Event: 85371.316 Thread 0x000001d1785f2900 Unloading class 0x0000000801bab800 'jdk/internal/reflect/GeneratedMethodAccessor92'
Event: 85371.316 Thread 0x000001d1785f2900 Unloading class 0x0000000801c1a000 'jdk/internal/reflect/GeneratedMethodAccessor91'
Event: 85371.316 Thread 0x000001d1785f2900 Unloading class 0x0000000801a70000 'jdk/internal/reflect/GeneratedMethodAccessor90'
Event: 85371.316 Thread 0x000001d1785f2900 Unloading class 0x0000000801a69400 'jdk/internal/reflect/GeneratedMethodAccessor89'
Event: 85371.316 Thread 0x000001d1785f2900 Unloading class 0x0000000801785400 'jdk/internal/reflect/GeneratedMethodAccessor88'
Event: 85371.316 Thread 0x000001d1785f2900 Unloading class 0x0000000801784800 'jdk/internal/reflect/GeneratedMethodAccessor87'
Event: 85371.316 Thread 0x000001d1785f2900 Unloading class 0x000000080177c400 'jdk/internal/reflect/GeneratedConstructorAccessor31'
Event: 85371.316 Thread 0x000001d1785f2900 Unloading class 0x000000080175a000 'jdk/internal/reflect/GeneratedConstructorAccessor30'
Event: 85371.316 Thread 0x000001d1785f2900 Unloading class 0x0000000801741400 'jdk/internal/reflect/GeneratedMethodAccessor86'
Event: 85371.316 Thread 0x000001d1785f2900 Unloading class 0x0000000801741000 'jdk/internal/reflect/GeneratedMethodAccessor85'
Event: 85371.316 Thread 0x000001d1785f2900 Unloading class 0x000000080170bc00 'jdk/internal/reflect/GeneratedMethodAccessor84'
Event: 85371.316 Thread 0x000001d1785f2900 Unloading class 0x000000080170b800 'jdk/internal/reflect/GeneratedMethodAccessor83'
Event: 85371.316 Thread 0x000001d1785f2900 Unloading class 0x000000080194c400 'jdk/internal/reflect/GeneratedConstructorAccessor29'
Event: 85371.316 Thread 0x000001d1785f2900 Unloading class 0x0000000801c1d800 'jdk/internal/reflect/GeneratedConstructorAccessor28'
Event: 85371.316 Thread 0x000001d1785f2900 Unloading class 0x0000000801c1ac00 'jdk/internal/reflect/GeneratedConstructorAccessor27'
Event: 85371.316 Thread 0x000001d1785f2900 Unloading class 0x0000000801bab400 'jdk/internal/reflect/GeneratedMethodAccessor82'
Event: 85371.316 Thread 0x000001d1785f2900 Unloading class 0x0000000801494400 'jdk/internal/reflect/GeneratedMethodAccessor81'
Event: 85371.316 Thread 0x000001d1785f2900 Unloading class 0x0000000801a96c00 'jdk/internal/reflect/GeneratedMethodAccessor80'

Classes redefined (0 events):
No events

Internal exceptions (20 events):
Event: 68520.452 Thread 0x000001d126c76b60 Exception <a 'java/io/FileNotFoundException'{0x0000000730b9fea8}> (0x0000000730b9fea8) 
thrown [s\src\hotspot\share\prims\jni.cpp, line 516]
Event: 68525.452 Thread 0x000001d126c76b60 Exception <a 'java/io/FileNotFoundException'{0x00000007307dfab0}> (0x00000007307dfab0) 
thrown [s\src\hotspot\share\prims\jni.cpp, line 516]
Event: 68530.456 Thread 0x000001d126c76b60 Exception <a 'java/io/FileNotFoundException'{0x000000072fa06300}> (0x000000072fa06300) 
thrown [s\src\hotspot\share\prims\jni.cpp, line 516]
Event: 68535.460 Thread 0x000001d126c76b60 Exception <a 'java/io/FileNotFoundException'{0x000000072fac5150}> (0x000000072fac5150) 
thrown [s\src\hotspot\share\prims\jni.cpp, line 516]
Event: 68540.461 Thread 0x000001d126c76b60 Exception <a 'java/io/FileNotFoundException'{0x000000072f32ab98}> (0x000000072f32ab98) 
thrown [s\src\hotspot\share\prims\jni.cpp, line 516]
Event: 68545.461 Thread 0x000001d126c76b60 Exception <a 'java/io/FileNotFoundException'{0x000000072eb0a758}> (0x000000072eb0a758) 
thrown [s\src\hotspot\share\prims\jni.cpp, line 516]
Event: 68550.462 Thread 0x000001d126c76b60 Exception <a 'java/io/FileNotFoundException'{0x000000072e2950a0}> (0x000000072e2950a0) 
thrown [s\src\hotspot\share\prims\jni.cpp, line 516]
Event: 68555.462 Thread 0x000001d126c76b60 Exception <a 'java/io/FileNotFoundException'{0x000000072dd56bf0}> (0x000000072dd56bf0) 
thrown [s\src\hotspot\share\prims\jni.cpp, line 516]
Event: 68558.347 Thread 0x000001d15273f6c0 Exception <a 'java/lang/InterruptedException'{0x000000073156cd48}: sleep interrupted> (0x000000073156cd48) 
thrown [s\src\hotspot\share\prims\jvm.cpp, line 3044]
Event: 68717.435 Thread 0x000001d15273f6c0 Exception <a 'java/lang/InterruptedException'{0x00000007314003a8}: sleep interrupted> (0x00000007314003a8) 
thrown [s\src\hotspot\share\prims\jvm.cpp, line 3044]
Event: 68819.725 Thread 0x000001d152752ac0 Exception <a 'java/lang/InterruptedException'{0x0000000728fe2c50}: sleep interrupted> (0x0000000728fe2c50) 
thrown [s\src\hotspot\share\prims\jvm.cpp, line 3044]
Event: 113659.824 Thread 0x000001d126c76b60 Exception <a 'java/lang/NoSuchMethodError'{0x000000072a05ca38}: 'java.lang.Object java.lang.invoke.DirectMethodHandle$Holder.invokeSpecial(java.lang.Object, java.lang.Object, long, java.lang.Object, java.lang.Object, int, int, int, int)'> (0x000000072a05ca38) 
thrown [s\src\hotspot\share\interpreter\linkResolver.cpp, line 759]
Event: 113659.826 Thread 0x000001d126c76b60 Exception <a 'java/lang/NoSuchMethodError'{0x000000072a060948}: 'java.lang.Object java.lang.invoke.DelegatingMethodHandle$Holder.reinvoke_L(java.lang.Object, long, java.lang.Object, java.lang.Object, int, int, int, int)'> (0x000000072a060948) 
thrown [s\src\hotspot\share\interpreter\linkResolver.cpp, line 759]
Event: 113660.640 Thread 0x000001d126c76b60 Implicit null exception at 0x000001d111c59fac to 0x000001d111c5a3f0
Event: 113663.799 Thread 0x000001d126c76b60 Implicit null exception at 0x000001d11027f54f to 0x000001d11027f6ec
Event: 113663.799 Thread 0x000001d126c76b60 Implicit null exception at 0x000001d1108804cf to 0x000001d110880654
Event: 113667.461 Thread 0x000001d126c76b60 Implicit null exception at 0x000001d1114072ac to 0x000001d111407328
Event: 113691.687 Thread 0x000001d126c76b60 Implicit null exception at 0x000001d10f65349e to 0x000001d10f6566dc
Event: 114998.531 Thread 0x000001d126c76b60 Implicit null exception at 0x000001d1106962bc to 0x000001d1106991dc
Event: 115001.626 Thread 0x000001d126c76b60 Implicit null exception at 0x000001d111a261fb to 0x000001d111a2b134

VM Operations (20 events):
Event: 113707.376 Executing VM operation: G1CollectForAllocation
Event: 113707.383 Executing VM operation: G1CollectForAllocation done
Event: 113784.296 Executing VM operation: G1CollectForAllocation
Event: 113784.298 Executing VM operation: G1CollectForAllocation done
Event: 113865.396 Executing VM operation: G1CollectForAllocation
Event: 113865.398 Executing VM operation: G1CollectForAllocation done
Event: 113946.794 Executing VM operation: G1CollectForAllocation
Event: 113946.796 Executing VM operation: G1CollectForAllocation done
Event: 114998.036 Executing VM operation: G1CollectForAllocation
Event: 114998.040 Executing VM operation: G1CollectForAllocation done
Event: 114999.042 Executing VM operation: Cleanup
Event: 114999.043 Executing VM operation: Cleanup done
Event: 115000.055 Executing VM operation: Cleanup
Event: 115000.056 Executing VM operation: Cleanup done
Event: 115001.067 Executing VM operation: Cleanup
Event: 115001.068 Executing VM operation: Cleanup done
Event: 115001.322 Executing VM operation: G1CollectForAllocation
Event: 115001.326 Executing VM operation: G1CollectForAllocation done
Event: 115002.080 Executing VM operation: HandshakeAllThreads
Event: 115002.081 Executing VM operation: HandshakeAllThreads done

Events (20 events):
Event: 115002.121 Thread 0x000001d179879be0 flushing nmethod 0x000001d109281d90
Event: 115002.123 Thread 0x000001d179879be0 flushing nmethod 0x000001d1094c7290
Event: 115002.124 Thread 0x000001d179879be0 flushing nmethod 0x000001d109707790
Event: 115002.125 Thread 0x000001d179879be0 flushing nmethod 0x000001d10978fd90
Event: 115002.125 Thread 0x000001d179879be0 flushing nmethod 0x000001d109790290
Event: 115002.126 Thread 0x000001d179879be0 flushing nmethod 0x000001d109931c90
Event: 115002.126 Thread 0x000001d179879be0 flushing nmethod 0x000001d109999a10
Event: 115002.126 Thread 0x000001d179879be0 flushing nmethod 0x000001d1099cf490
Event: 115002.129 Thread 0x000001d179879be0 flushing nmethod 0x000001d109e54790
Event: 115002.130 Thread 0x000001d179879be0 flushing nmethod 0x000001d109f07c90
Event: 115002.130 Thread 0x000001d179879be0 flushing nmethod 0x000001d109fac590
Event: 115002.130 Thread 0x000001d179879be0 flushing nmethod 0x000001d10a068210
Event: 115002.130 Thread 0x000001d179879be0 flushing nmethod 0x000001d10a069610
Event: 115002.131 Thread 0x000001d179879be0 flushing nmethod 0x000001d10a0d5110
Event: 115002.131 Thread 0x000001d179879be0 flushing nmethod 0x000001d10a137c10
Event: 115002.132 Thread 0x000001d179879be0 flushing nmethod 0x000001d10a18c610
Event: 115002.135 Thread 0x000001d179879be0 flushing nmethod 0x000001d10a4bb890
Event: 115002.135 Thread 0x000001d179879be0 flushing nmethod 0x000001d10a4bd710
Event: 115002.141 Thread 0x000001d179879be0 flushing nmethod 0x000001d10af7df10
Event: 115002.143 Thread 0x000001d179879be0 flushing nmethod 0x000001d10b193f10


Dynamic libraries:
0x00007ff6f8cc0000 - 0x00007ff6f8cf1000 	E:\Xilinx\Vivado\2023.2\bin\unwrapped\win64.o\vivado.exe
0x00007ffaaa760000 - 0x00007ffaaa9c7000 	C:\WINDOWS\SYSTEM32\ntdll.dll
0x00007ffaa92a0000 - 0x00007ffaa9369000 	C:\WINDOWS\System32\KERNEL32.DLL
0x00007ffaa70e0000 - 0x00007ffaa74d4000 	C:\WINDOWS\System32\KERNELBASE.dll
0x00007ffaa7590000 - 0x00007ffaa76db000 	C:\WINDOWS\System32\ucrtbase.dll
0x00007ffa990d0000 - 0x00007ffa99159000 	C:\WINDOWS\SYSTEM32\MSVCP140.dll
0x00007ffa9ce20000 - 0x00007ffa9ce3e000 	C:\WINDOWS\SYSTEM32\VCRUNTIME140.dll
0x00007ffaa2bc0000 - 0x00007ffaa2bdc000 	E:\Xilinx\Vivado\2023.2\lib\win64.o\librdi_commonmain.dll
0x00007ff9fec00000 - 0x00007ffa002aa000 	E:\Xilinx\Vivado\2023.2\lib\win64.o\librdi_common.dll
0x00007ffa9cdf0000 - 0x00007ffa9cdfc000 	C:\WINDOWS\SYSTEM32\VCRUNTIME140_1.dll
0x00007ffaa86e0000 - 0x00007ffaa88a5000 	C:\WINDOWS\System32\USER32.dll
0x00007ffa94420000 - 0x00007ffa94441000 	E:\Xilinx\Vivado\2023.2\lib\win64.o\libboost_filesystem.dll
0x00007ffa377c0000 - 0x00007ffa37bf0000 	E:\Xilinx\Vivado\2023.2\lib\win64.o\python38.dll
0x00007ffaa8300000 - 0x00007ffaa8327000 	C:\WINDOWS\System32\win32u.dll
0x00007ffaa89c0000 - 0x00007ffaa8a76000 	C:\WINDOWS\System32\ADVAPI32.dll
0x00007ffaa2cb0000 - 0x00007ffaa2cb9000 	E:\Xilinx\Vivado\2023.2\lib\win64.o\librdi_commonversion.dll
0x00007ffaa9370000 - 0x00007ffaa9419000 	C:\WINDOWS\System32\msvcrt.dll
0x00007ffaa9420000 - 0x00007ffaa944b000 	C:\WINDOWS\System32\GDI32.dll
0x00007ffaaa670000 - 0x00007ffaaa717000 	C:\WINDOWS\System32\sechost.dll
0x00007ffaa83c0000 - 0x00007ffaa84eb000 	C:\WINDOWS\System32\gdi32full.dll
0x00007ffa41bd0000 - 0x00007ffa41d86000 	E:\Xilinx\Vivado\2023.2\lib\win64.o\librdi_commonxillic.dll
0x00007ffaa9d30000 - 0x00007ffaa9e48000 	C:\WINDOWS\System32\RPCRT4.dll
0x00007ffaaa5e0000 - 0x00007ffaaa660000 	C:\WINDOWS\System32\WS2_32.dll
0x00007ffaa74e0000 - 0x00007ffaa7583000 	C:\WINDOWS\System32\msvcp_win.dll
0x00007ffaa9e70000 - 0x00007ffaaa5d7000 	C:\WINDOWS\System32\SHELL32.dll
0x00007ffaa91a0000 - 0x00007ffaa9206000 	C:\WINDOWS\System32\SHLWAPI.dll
0x00007ffaa7a90000 - 0x00007ffaa82f8000 	C:\WINDOWS\System32\Windows.Storage.dll
0x000000006a750000 - 0x000000006a87c000 	E:\Xilinx\Vivado\2023.2\lib\win64.o\tcl85t.dll
0x00007ffaa7860000 - 0x00007ffaa79ca000 	C:\WINDOWS\System32\wintypes.dll
0x00007ffaa98e0000 - 0x00007ffaa9c62000 	C:\WINDOWS\System32\combase.dll
0x00007ffaa8330000 - 0x00007ffaa83b2000 	C:\WINDOWS\System32\WINTRUST.dll
0x00007ffa2e030000 - 0x00007ffa2e39e000 	E:\Xilinx\Vivado\2023.2\lib\win64.o\libCOIN-all.dll
0x00007ffaa0e50000 - 0x00007ffaa0e61000 	E:\Xilinx\Vivado\2023.2\lib\win64.o\libboost_date_time.dll
0x00007ffa53170000 - 0x00007ffa53284000 	E:\Xilinx\Vivado\2023.2\lib\win64.o\libboost_regex.dll
0x00007ffa94400000 - 0x00007ffa9441c000 	E:\Xilinx\Vivado\2023.2\lib\win64.o\libboost_thread.dll
0x00007ffa73da0000 - 0x00007ffa73e19000 	E:\Xilinx\Vivado\2023.2\lib\win64.o\libboost_program_options.dll
0x00007ffa8df90000 - 0x00007ffa8df9c000 	E:\Xilinx\Vivado\2023.2\lib\win64.o\libboost_xilinx.dll
0x00007ffa44f00000 - 0x00007ffa44fa5000 	E:\Xilinx\Vivado\2023.2\lib\win64.o\libhdxml.dll
0x00007ffa86d30000 - 0x00007ffa86d5a000 	E:\Xilinx\Vivado\2023.2\lib\win64.o\libisl_sysinfo.dll
0x00007ffa73ce0000 - 0x00007ffa73d62000 	E:\Xilinx\Vivado\2023.2\lib\win64.o\libhdlpsolve.dll
0x00007ffa03eb0000 - 0x00007ffa04ed4600 	E:\Xilinx\Vivado\2023.2\lib\win64.o\libisl_iostreams.dll
0x00007ffa735c0000 - 0x00007ffa73625000 	E:\Xilinx\Vivado\2023.2\lib\win64.o\liblmx6.0.dll
0x00007ffa86d10000 - 0x00007ffa86d2a000 	E:\Xilinx\Vivado\2023.2\lib\win64.o\pthreadVC2.dll
0x00007ffa762f0000 - 0x00007ffa7630c000 	E:\Xilinx\Vivado\2023.2\lib\win64.o\librdiconfig.dll
0x00007ffa748a0000 - 0x00007ffa748c1000 	E:\Xilinx\Vivado\2023.2\lib\win64.o\librdizlib.dll
0x00007ffa32e40000 - 0x00007ffa33101000 	E:\Xilinx\Vivado\2023.2\lib\win64.o\xerces-c_3_2.dll
0x00007ffa30b70000 - 0x00007ffa30e9d000 	E:\Xilinx\Vivado\2023.2\lib\win64.o\libXil_lmgr11.dll
0x00007ffaa88b0000 - 0x00007ffaa899f000 	C:\WINDOWS\System32\COMDLG32.dll
0x00007ffaa6f20000 - 0x00007ffaa6f4a000 	C:\WINDOWS\SYSTEM32\bcrypt.dll
0x00007ffaa97e0000 - 0x00007ffaa98d8000 	C:\WINDOWS\System32\shcore.dll
0x00007ffa94ca0000 - 0x00007ffa94cba000 	C:\WINDOWS\SYSTEM32\NETAPI32.dll
0x00007ffaa9580000 - 0x00007ffaa9658000 	C:\WINDOWS\System32\OLEAUT32.dll
0x00007ffa98d30000 - 0x00007ffa98fc5000 	C:\WINDOWS\SYSTEM32\WININET.dll
0x00007ffaa8540000 - 0x00007ffaa86d7000 	C:\WINDOWS\System32\ole32.dll
0x00007ffa9f600000 - 0x00007ffa9f60b000 	C:\WINDOWS\SYSTEM32\VERSION.dll
0x00007ffaa0230000 - 0x00007ffaa035d000 	C:\WINDOWS\SYSTEM32\WINHTTP.dll
0x00007ffaa76e0000 - 0x00007ffaa7857000 	C:\WINDOWS\System32\CRYPT32.dll
0x00007ffa95480000 - 0x00007ffa9565f000 	C:\WINDOWS\SYSTEM32\urlmon.dll
0x00007ffa94c40000 - 0x00007ffa94c4a000 	C:\WINDOWS\SYSTEM32\WSOCK32.dll
0x00007ff9fa7c0000 - 0x00007ff9fc6d7000 	E:\Xilinx\Vivado\2023.2\lib\win64.o\gurobi90.dll
0x00007ffa74870000 - 0x00007ffa748a0000 	C:\WINDOWS\SYSTEM32\VCOMP140.DLL
0x00007ffaa94a0000 - 0x00007ffaa9512000 	C:\WINDOWS\System32\WLDAP32.dll
0x00007ffaa84f0000 - 0x00007ffaa84f8000 	C:\WINDOWS\System32\Normaliz.dll
0x00007ffa762d0000 - 0x00007ffa762e8000 	E:\Xilinx\Vivado\2023.2\lib\win64.o\libboost_iostreams.dll
0x00007ffa6fea0000 - 0x00007ffa6fec4000 	E:\Xilinx\Vivado\2023.2\lib\win64.o\libisl_iosutils.dll
0x00007ffa7a360000 - 0x00007ffa7a415000 	C:\WINDOWS\WinSxS\amd64_microsoft.windows.common-controls_6595b64144ccf1df_5.82.26100.8115_none_87ecef177a2e8a19\COMCTL32.dll
0x00007ffaa09d0000 - 0x00007ffaa09f5000 	C:\WINDOWS\SYSTEM32\dhcpcsvc.DLL
0x00007ffaa63e0000 - 0x00007ffaa6413000 	C:\WINDOWS\SYSTEM32\USERENV.dll
0x00007ffa94f90000 - 0x00007ffa95254000 	C:\WINDOWS\SYSTEM32\iertutil.dll
0x00007ffaa55c0000 - 0x00007ffaa55cd000 	C:\WINDOWS\SYSTEM32\netutils.dll
0x00007ffa94f60000 - 0x00007ffa94f89000 	C:\WINDOWS\SYSTEM32\srvcli.dll
0x00007ffaa6330000 - 0x00007ffaa639c000 	C:\WINDOWS\SYSTEM32\MSWSOCK.DLL
0x00007ffaa8500000 - 0x00007ffaa8532000 	C:\WINDOWS\System32\IMM32.DLL
0x00007ffaa6680000 - 0x00007ffaa6693000 	C:\WINDOWS\SYSTEM32\MSASN1.dll
0x00007ffaa6610000 - 0x00007ffaa662b000 	C:\WINDOWS\SYSTEM32\CRYPTSP.dll
0x00007ffaa5dc0000 - 0x00007ffaa5ddb000 	C:\WINDOWS\SYSTEM32\kernel.appcore.dll
0x00007ffaa5d20000 - 0x00007ffaa5d59000 	C:\WINDOWS\system32\rsaenh.dll
0x00007ffaa6630000 - 0x00007ffaa663c000 	C:\WINDOWS\SYSTEM32\CRYPTBASE.dll
0x00007ffaa7030000 - 0x00007ffaa70d5000 	C:\WINDOWS\System32\bcryptPrimitives.dll
0x00007ffaa9170000 - 0x00007ffaa9190000 	C:\WINDOWS\System32\imagehlp.dll
0x00007ffa173a0000 - 0x00007ffa178ed000 	E:\Xilinx\Vivado\2023.2\lib\win64.o\librdi_commontasks.dll
0x00007ffa08140000 - 0x00007ffa08d88000 	E:\Xilinx\Vivado\2023.2\tps\win64\jre17.0.7_7\bin\server\jvm.dll
0x00007ffa30230000 - 0x00007ffa3055b800 	E:\Xilinx\Vivado\2023.2\lib\win64.o\librdi_sio.dll
0x00007ffaa58d0000 - 0x00007ffaa5902000 	C:\WINDOWS\SYSTEM32\IPHLPAPI.DLL
0x00007ffa9a8f0000 - 0x00007ffa9a926000 	C:\WINDOWS\SYSTEM32\WINMM.dll
0x00007ffaa63a0000 - 0x00007ffaa63d0000 	C:\WINDOWS\SYSTEM32\gpapi.dll
0x00007ffa9eba0000 - 0x00007ffa9ebdb000 	C:\Windows\System32\cryptnet.dll
0x00007ffaa6f50000 - 0x00007ffaa6f79000 	C:\WINDOWS\SYSTEM32\profapi.dll
0x00007ffaa2e10000 - 0x00007ffaa2e1e000 	C:\WINDOWS\SYSTEM32\WINNSI.DLL
0x00007ffaa89b0000 - 0x00007ffaa89ba000 	C:\WINDOWS\System32\NSI.dll
0x00007ffaa6060000 - 0x00007ffaa60a9000 	C:\WINDOWS\SYSTEM32\SspiCli.dll
0x00007ffa79400000 - 0x00007ffa79418000 	C:\WINDOWS\system32\napinsp.dll
0x00007ffaa5910000 - 0x00007ffaa5a42000 	C:\WINDOWS\SYSTEM32\DNSAPI.dll
0x00007ffa793e0000 - 0x00007ffa793f3000 	C:\WINDOWS\System32\winrnr.dll
0x00007ffa793b0000 - 0x00007ffa793d2000 	C:\WINDOWS\system32\nlansp_c.dll
0x00007ffa9f5d0000 - 0x00007ffa9f5e6000 	C:\WINDOWS\system32\wshbth.dll
0x000000006c330000 - 0x000000006c33a000 	C:\Program Files\National Instruments\Shared\mDNS Responder\nimdnsNSP.dll
0x000000006c320000 - 0x000000006c330000 	C:\WINDOWS\SYSTEM32\nimdnsResponder.dll
0x00007ff9dd380000 - 0x00007ff9e0146000 	E:\Xilinx\Vivado\2023.2\lib\win64.o\librdi_tcltasks.dll
0x00007ffa51ac0000 - 0x00007ffa51b43000 	E:\Xilinx\Vivado\2023.2\lib\win64.o\librdi_boarddep.dll
0x00007ffa45940000 - 0x00007ffa45a6a000 	E:\Xilinx\Vivado\2023.2\lib\win64.o\librdi_chipscope.dll
0x00007ffa12bc0000 - 0x00007ffa130a1000 	E:\Xilinx\Vivado\2023.2\lib\win64.o\librdi_bitstream.dll
0x00007ffa2fbc0000 - 0x00007ffa2fdc7000 	E:\Xilinx\Vivado\2023.2\lib\win64.o\librdi_chipscopeimpl.dll
0x00007ffa33ca0000 - 0x00007ffa33ea0000 	E:\Xilinx\Vivado\2023.2\lib\win64.o\librdi_board.dll
0x00007ffa414b0000 - 0x00007ffa4161e000 	E:\Xilinx\Vivado\2023.2\lib\win64.o\librdi_containers.dll
0x00007ff9cbee0000 - 0x00007ff9cdce7000 	E:\Xilinx\Vivado\2023.2\lib\win64.o\librdi_designutils.dll
0x00007ffa19230000 - 0x00007ffa195cf000 	E:\Xilinx\Vivado\2023.2\lib\win64.o\librdi_dlyest.dll
0x00007ffa02fd0000 - 0x00007ffa03706000 	E:\Xilinx\Vivado\2023.2\lib\win64.o\librdi_drc.dll
0x00007ffa43620000 - 0x00007ffa436d4000 	E:\Xilinx\Vivado\2023.2\lib\win64.o\librdi_dsp.dll
0x00007ff9f5bb0000 - 0x00007ff9f71b3000 	E:\Xilinx\Vivado\2023.2\lib\win64.o\librdi_device.dll
0x00007ff9d4010000 - 0x00007ff9d6746000 	E:\Xilinx\Vivado\2023.2\lib\win64.o\librdi_coregen.dll
0x00007ffa6a5a0000 - 0x00007ffa6a60b000 	E:\Xilinx\Vivado\2023.2\lib\win64.o\librdi_hdf.dll
0x00007ffa1a8b0000 - 0x00007ffa1ab94000 	E:\Xilinx\Vivado\2023.2\lib\win64.o\librdi_hip_devdesign.dll
0x00007ffa00e70000 - 0x00007ffa0162f000 	E:\Xilinx\Vivado\2023.2\lib\win64.o\librdi_filemgmt.dll
0x00007ffa3a6c0000 - 0x00007ffa3a808000 	E:\Xilinx\Vivado\2023.2\lib\win64.o\librdi_hip_perf_analysis.dll
0x00007ff9f7d00000 - 0x00007ff9f8bb0000 	E:\Xilinx\Vivado\2023.2\lib\win64.o\librdi_ippcw.dll
0x00007ff9dac80000 - 0x00007ff9dd375000 	E:\Xilinx\Vivado\2023.2\lib\win64.o\librdi_constraints.dll
0x00007ffa569f0000 - 0x00007ffa56a6d000 	E:\Xilinx\Vivado\2023.2\lib\win64.o\librdi_memoryarray.dll
0x00007ffa11720000 - 0x00007ffa11d76000 	E:\Xilinx\Vivado\2023.2\lib\win64.o\librdi_memdata.dll
0x00007ff9fcb10000 - 0x00007ff9fd3aa000 	E:\Xilinx\Vivado\2023.2\lib\win64.o\librdi_lopt.dll
0x00007ffa4df90000 - 0x00007ffa4e002000 	E:\Xilinx\Vivado\2023.2\lib\win64.o\librdi_noc_frameworks.dll
0x00007ff9fdab0000 - 0x00007ff9febf3000 	E:\Xilinx\Vivado\2023.2\lib\win64.o\librdi_implflow.dll
0x00007ffa57770000 - 0x00007ffa577cc000 	E:\Xilinx\Vivado\2023.2\lib\win64.o\librdi_pfi.dll
0x00007ff9f9fb0000 - 0x00007ff9fa7b4000 	E:\Xilinx\Vivado\2023.2\lib\win64.o\librdi_netlist.dll
0x00007ffa0de00000 - 0x00007ffa0e27e000 	E:\Xilinx\Vivado\2023.2\lib\win64.o\librdi_platform.dll
0x00007ff9eb0a0000 - 0x00007ff9eb992000 	E:\Xilinx\Vivado\2023.2\lib\win64.o\librdi_power.dll
0x00007ff9e43f0000 - 0x00007ff9e4c7b000 	E:\Xilinx\Vivado\2023.2\lib\win64.o\librdi_project.dll
0x00007ff9e26d0000 - 0x00007ff9e308a000 	E:\Xilinx\Vivado\2023.2\lib\win64.o\librdi_rsb.dll

dbghelp: loaded successfully - version: 4.0.5 - missing functions: none
symbol engine: initialized successfully - sym options: 0x614 - pdb path: .;E:\Xilinx\Vivado\2023.2\bin\unwrapped\win64.o;C:\WINDOWS\SYSTEM32;E:\Xilinx\Vivado\2023.2\lib\win64.o;C:\WINDOWS\WinSxS\amd64_microsoft.windows.common-controls_6595b64144ccf1df_5.82.26100.8115_none_87ecef177a2e8a19;E:\Xilinx\Vivado\2023.2\tps\win64\jre17.0.7_7\bin\server;C:\Program Files\National Instruments\Shared\mDNS Responder;E:\Xilinx\Vivado\2023.2\tps\win64\jre17.0.7_7\bin;C:\WINDOWS\WinSxS\amd64_microsoft.windows.common-controls_6595b64144ccf1df_6.0.26100.8115_none_3e075c82e3354f9c;C:\WINDOWS\WinSxS\amd64_microsoft.windows.gdiplus_6595b64144ccf1df_1.1.26100.8246_none_6ef5395a3dc52f61

VM Arguments:
jvm_args: -Dsun.java2d.pmoffscreen=false -Dhttps.protocols=TLSv1,TLSv1.1,TLSv1.2 -Dsun.java2d.xrender=false -Dsun.java2d.d3d=false -Dsun.awt.nopixfmt=true -Dsun.java2d.dpiaware=true -Dsun.java2d.uiScale.enabled=false -Dswing.aatext=true -XX:-UsePerfData -Djdk.map.althashing.threshold=512 -XX:StringTableSize=4072 -XX:+UseStringDeduplication -XX:MaxGCPauseMillis=200 -XX:+ParallelRefProcEnabled --add-opens=java.desktop/javax.swing.plaf.synth=ALL-UNNAMED --add-opens=java.base/java.nio=ALL-UNNAMED --add-opens=java.desktop/sun.swing=ALL-UNNAMED --add-opens=java.desktop/javax.swing=ALL-UNNAMED --add-opens=java.desktop/javax.swing.tree=ALL-UNNAMED --add-opens=java.desktop/javax.swing.plaf.basic=ALL-UNNAMED --add-opens=java.desktop/javax.swing.plaf.synth=ALL-UNNAMED --add-opens=java.desktop/javax.swing.plaf.basic=ALL-UNNAMED --add-opens=java.desktop/javax.swing=ALL-UNNAMED --add-opens=java.desktop/javax.swing.tree=ALL-UNNAMED --add-opens=java.desktop/java.awt.event=ALL-UNNAMED --add-exports=java.desktop/javax.swing.plaf.synth=ALL-UNNAMED --add-exports=java.base/java.nio=ALL-UNNAMED --add-exports=java.desktop/sun.swing=ALL-UNNAMED --add-exports=java.desktop/javax.swing=ALL-UNNAMED --add-exports=java.desktop/javax.swing.tree=ALL-UNNAMED --add-exports=java.desktop/javax.swing.plaf.basic=ALL-UNNAMED --add-exports=java.desktop/sun.swing=ALL-UNNAMED --add-exports=java.desktop/sun.swing.table=ALL-UNNAMED --add-exports=java.desktop/sun.swing.plaf.synth=ALL-UNNAMED --add-exports=java.desktop/sun.awt.shell=ALL-UNNAMED --add-exports=java.base/sun.security.action=ALL-UNNAMED --add-exports=java.desktop/sun.font=ALL-UNNAMED -XX:NewSize=80m -XX:MaxNewSize=80m -Xms512m -Xmx4072m -Xss10m 
java_command: <unknown>
java_class_path (initial): E:/Xilinx/Vivado/2023.2\lib\classes\alloy.jar;E:/Xilinx/Vivado/2023.2\lib\classes\asm-9.3.jar;E:/Xilinx/Vivado/2023.2\lib\classes\asm-analysis-9.3.jar;E:/Xilinx/Vivado/2023.2\lib\classes\asm-commons-9.3.jar;E:/Xilinx/Vivado/2023.2\lib\classes\asm-tree-9.3.jar;E:/Xilinx/Vivado/2023.2\lib\classes\autoesl-models.jar;E:/Xilinx/Vivado/2023.2\lib\classes\batik-anim.jar;E:/Xilinx/Vivado/2023.2\lib\classes\batik-awt-util.jar;E:/Xilinx/Vivado/2023.2\lib\classes\batik-bridge.jar;E:/Xilinx/Vivado/2023.2\lib\classes\batik-codec.jar;E:/Xilinx/Vivado/2023.2\lib\classes\batik-constants.jar;E:/Xilinx/Vivado/2023.2\lib\classes\batik-css.jar;E:/Xilinx/Vivado/2023.2\lib\classes\batik-dom.jar;E:/Xilinx/Vivado/2023.2\lib\classes\batik-ext.jar;E:/Xilinx/Vivado/2023.2\lib\classes\batik-gui-util.jar;E:/Xilinx/Vivado/2023.2\lib\classes\batik-gvt.jar;E:/Xilinx/Vivado/2023.2\lib\classes\batik-i18n.jar;E:/Xilinx/Vivado/2023.2\lib\classes\batik-parser.jar;E:/Xilinx/Vivado/2023.2\lib\classes\batik-script.jar;E:/Xilinx/Vivado/2023.2\lib\classes\batik-svg-dom.jar;E:/Xilinx/Vivado/2023.2\lib\classes\batik-svggen.jar;E:/Xilinx/Vivado/2023.2\lib\classes\batik-swing.jar;E:/Xilinx/Vivado/2023.2\lib\classes\batik-transcoder.jar;E:/Xilinx/Vivado/2023.2\lib\classes\batik-util.jar;E:/Xilinx/Vivado/2023.2\lib\classes\batik-xml.jar;E:/Xilinx/Vivado/2023.2\lib\classes\com.fasterxml.jackson.core.jackson-annotations_2.12.1.v20210128-1726.jar;E:/Xilinx/Vivado/2023.2\lib\classes\com.fasterxml.jackson.core.jackson-core_2.12.1.v20210128-1726.jar;E:/Xilinx/Vivado/2023.2\lib\classes\com.fasterxml.jackson.core.jackson-databind_2.12.1.v20210128-1726.jar;E:/Xilinx/Vivado/2023.2\lib\classes\com.google.gson_2.8.9.v20220111-1409.jar;E:/Xilinx/Vivado/2023.2\lib\classes\com.google.guava_30.1.0.v20210127-2300.jar;E:/Xilinx/Vivado/2023.2\lib\classes\com.sigasi.hdt.connection_4.17.2.202304211001.jar;E:/Xilinx/Vivado/2023.2\lib\classes\com.sigasi.hdt.epl_4.17.2.202304211001.jar;E:/Xilinx/Vivado/2023.
Launcher Type: generic

[Global flags]
     intx CICompilerCount                          = 12                                        {product} {ergonomic}
     uint ConcGCThreads                            = 3                                         {product} {ergonomic}
     uint G1ConcRefinementThreads                  = 13                                        {product} {ergonomic}
   size_t G1HeapRegionSize                         = 2097152                                   {product} {ergonomic}
    uintx GCDrainStackTargetSize                   = 64                                        {product} {ergonomic}
   size_t InitialHeapSize                          = 536870912                                 {product} {command line}
   size_t MarkStackSize                            = 4194304                                   {product} {ergonomic}
    uintx MaxGCPauseMillis                         = 200                                       {product} {command line}
   size_t MaxHeapSize                              = 4269801472                                {product} {command line}
   size_t MaxNewSize                               = 83886080                                  {product} {command line}
   size_t MinHeapDeltaBytes                        = 2097152                                   {product} {ergonomic}
   size_t MinHeapSize                              = 536870912                                 {product} {command line}
   size_t NewSize                                  = 83886080                                  {product} {command line}
    uintx NonNMethodCodeHeapSize                   = 7602480                                {pd product} {ergonomic}
    uintx NonProfiledCodeHeapSize                  = 122027880                              {pd product} {ergonomic}
     bool ParallelRefProcEnabled                   = true                                      {product} {command line}
    uintx ProfiledCodeHeapSize                     = 122027880                              {pd product} {ergonomic}
    uintx ReservedCodeCacheSize                    = 251658240                              {pd product} {ergonomic}
     bool SegmentedCodeCache                       = true                                      {product} {ergonomic}
   size_t SoftMaxHeapSize                          = 4269801472                             {manageable} {ergonomic}
    uintx StringTableSize                          = 4072                                      {product} {command line}
     intx ThreadStackSize                          = 10240                                  {pd product} {command line}
     bool UseCompressedClassPointers               = true                           {product lp64_product} {ergonomic}
     bool UseCompressedOops                        = true                           {product lp64_product} {ergonomic}
     bool UseG1GC                                  = true                                      {product} {ergonomic}
     bool UseLargePagesIndividualAllocation        = false                                  {pd product} {ergonomic}
     bool UsePerfData                              = false                                     {product} {command line}
     bool UseStringDeduplication                   = true                                      {product} {command line}

Logging:
Log output configuration:
 #0: stdout all=warning uptime,level,tags
 #1: stderr all=off uptime,level,tags

Environment Variables:
PATH=E:/Xilinx/Vivado/2023.2\gnuwin\bin;E:/Xilinx/Vivado/2023.2\gnu\microblaze\nt\bin;E:/Xilinx/Vivado/2023.2/bin;E:/Xilinx/Vivado/2023.2/tps/win64/java-cef-95.0.4638.69/bin/lib/win64;E:/Xilinx/Vivado/2023.2/tps/win64/javafx-sdk-17.0.1/lib;E:/Xilinx/Vivado/2023.2/tps/win64/javafx-sdk-17.0.1/bin;E:/Xilinx/Vivado/2023.2/lib/win64.o;E:/Xilinx/Vivado/2023.2/tps/win64/jre17.0.7_7/bin/server;E:/Xilinx/Vivado/2023.2/tps/win64/jre17.0.7_7/bin;E:/Xilinx/Vivado/2023.2/ids_lite/ISE/bin/nt64;E:/Xilinx/Vivado/2023.2/ids_lite/ISE/lib/nt64;E:/Xilinx/Vitis_HLS/2023.2/bin;D:\VMware\bin\;C:\Program Files (x86)\Common Files\Intel\Shared Libraries\redist\intel64\compiler;C:\WINDOWS\system32;C:\WINDOWS;C:\WINDOWS\System32\Wbem;C:\WINDOWS\System32\WindowsPowerShell\v1.0\;C:\WINDOWS\System32\OpenSSH\;C:\Users\Administrator\AppData\Local\Microsoft\WindowsApps;C:\Recovery\OEM\Backup\;C:\Program Files (x86)\NVIDIA Corporation\PhysX\Common;C:\Program Files\Microsoft SQL Server\150\Tools\Binn\;C:\Program Files (x86)\Windows Kits\10\Windows Performance Toolkit\;D:\Program Files\MATLAB\R2023a\runtime\win64;D:\Program Files\MATLAB\R2023a\bin;C:\Program Files\NVIDIA Corporation\NVIDIA App\NvDLISR;C:\Program Files (x86)\IVI Foundation\VISA\WinNT\Bin\;C:\Program Files\IVI Foundation\VISA\Win64\Bin\;D:\Program Files\nodejs\;D:\Program Files\Git\cmd;C:\Users\chenzijie\AppData\Local\Microsoft\WindowsApps;E:\Microsoft VS Code\bin;D:\cursor\resources\app\bin;C:\Users\chenzijie\AppData\Roaming\npm;E:/Xilinx/Vivado/2023.2\tps\mingw\6.2.0\win64.o\nt\bin;E:/Xilinx/Vivado/2023.2\tps\mingw\6.2.0\win64.o\nt\libexec\gcc\x86_64-w64-mingw32\6.2.0;E:/Xilinx/Vivado/2023.2\tps\win64\python-3.8.3;E:/Xilinx/Vivado/2023.2\tps\win64\python-3.8.3\bin;E:/Xilinx/Vivado/2023.2\tps\win64\python-3.8.3\lib;E:/Xilinx/Vivado/2023.2\tps\win64\python-3.8.3\lib\site-packages
USERNAME=³Âè÷½Ü
OS=Windows_NT
PROCESSOR_IDENTIFIER=AMD64 Family 25 Model 68 Stepping 1, AuthenticAMD
TMP=C:\Users\CHENZI~1\AppData\Local\Temp
TEMP=C:\Users\CHENZI~1\AppData\Local\Temp



---------------  S Y S T E M  ---------------

OS:
 Windows 11 , 64 bit Build 26100 (10.0.26100.8246)
OS uptime: 7 days 10:29 hours
Hyper-V role detected

CPU: total 16 (initial active 16) (16 cores per cpu, 2 threads per core) family 25 model 68 stepping 1 microcode 0xa404105, cx8, cmov, fxsr, ht, mmx, 3dnowpref, sse, sse2, sse3, ssse3, sse4a, sse4.1, sse4.2, popcnt, lzcnt, tsc, tscinvbit, avx, avx2, aes, erms, clmul, bmi1, bmi2, adx, sha, fma, vzeroupper, clflush, clflushopt, hv

Memory: 4k page, system-wide physical 16069M (2267M free)
TotalPageFile size 51171M (AvailPageFile size 20871M)
current process WorkingSet (physical memory assigned to process): 965M, peak: 2880M
current process commit charge ("private bytes"): 4251M, peak: 4366M

vm_info: OpenJDK 64-Bit Server VM (17.0.7+7) for windows-amd64 JRE (17.0.7+7), built on Apr 18 2023 22:10:42 by "temurin" with MS VC++ 16.7 (VS2019)

END.
