#
# A fatal error has been detected by the Java Runtime Environment:
#
#  EXCEPTION_ACCESS_VIOLATION (0xc0000005) at pc=0x00007ffac686fbcf, pid=5940, tid=20684
#
# JRE version: OpenJDK Runtime Environment Temurin-17.0.7+7 (17.0.7+7) (build 17.0.7+7)
# Java VM: OpenJDK 64-Bit Server VM Temurin-17.0.7+7 (17.0.7+7, mixed mode, sharing, tiered, compressed oops, compressed class ptrs, g1 gc, windows-amd64)
# Problematic frame:
# C  [librdi_coregen.dll+0x50fbcf]
#
# No core dump will be written. Minidumps are not enabled by default on client versions of Windows
#
# If you would like to submit a bug report, please visit:
#   https://github.com/adoptium/adoptium-support/issues
# The crash happened outside the Java Virtual Machine in native code.
# See problematic frame for where to report the bug.
#

---------------  S U M M A R Y ------------

Command Line: -Dsun.java2d.pmoffscreen=false -Dhttps.protocols=TLSv1,TLSv1.1,TLSv1.2 -Dsun.java2d.xrender=false -Dsun.java2d.d3d=false -Dsun.awt.nopixfmt=true -Dsun.java2d.dpiaware=true -Dsun.java2d.uiScale.enabled=false -Dswing.aatext=true -XX:-UsePerfData -Djdk.map.althashing.threshold=512 -XX:StringTableSize=4072 -XX:+UseStringDeduplication -XX:MaxGCPauseMillis=200 -XX:+ParallelRefProcEnabled --add-opens=java.desktop/javax.swing.plaf.synth=ALL-UNNAMED --add-opens=java.base/java.nio=ALL-UNNAMED --add-opens=java.desktop/sun.swing=ALL-UNNAMED --add-opens=java.desktop/javax.swing=ALL-UNNAMED --add-opens=java.desktop/javax.swing.tree=ALL-UNNAMED --add-opens=java.desktop/javax.swing.plaf.basic=ALL-UNNAMED --add-opens=java.desktop/javax.swing.plaf.synth=ALL-UNNAMED --add-opens=java.desktop/javax.swing.plaf.basic=ALL-UNNAMED --add-opens=java.desktop/javax.swing=ALL-UNNAMED --add-opens=java.desktop/javax.swing.tree=ALL-UNNAMED --add-opens=java.desktop/java.awt.event=ALL-UNNAMED --add-exports=java.desktop/javax.swing.plaf.synth=ALL-UNNAMED --add-exports=java.base/java.nio=ALL-UNNAMED --add-exports=java.desktop/sun.swing=ALL-UNNAMED --add-exports=java.desktop/javax.swing=ALL-UNNAMED --add-exports=java.desktop/javax.swing.tree=ALL-UNNAMED --add-exports=java.desktop/javax.swing.plaf.basic=ALL-UNNAMED --add-exports=java.desktop/sun.swing=ALL-UNNAMED --add-exports=java.desktop/sun.swing.table=ALL-UNNAMED --add-exports=java.desktop/sun.swing.plaf.synth=ALL-UNNAMED --add-exports=java.desktop/sun.awt.shell=ALL-UNNAMED --add-exports=java.base/sun.security.action=ALL-UNNAMED --add-exports=java.desktop/sun.font=ALL-UNNAMED -XX:NewSize=80m -XX:MaxNewSize=80m -Xms512m -Xmx4072m -Xss10m 

Host: AMD Ryzen 7 7435H                              , 16 cores, 15G,  Windows 11 , 64 bit Build 26100 (10.0.26100.8246)
Time: Sun May  3 20:45:55 2026  Windows 11 , 64 bit Build 26100 (10.0.26100.8246) elapsed time: 26857.320333 seconds (0d 7h 27m 37s)

---------------  T H R E A D  ---------------

Current thread (0x0000018149340fe0):  JavaThread "AWT-EventQueue-0" [_thread_in_native, id=20684, stack(0x000000569ae00000,0x000000569b800000)]

Stack: [0x000000569ae00000,0x000000569b800000],  sp=0x000000569b7fd4d0,  free space=10229k
Native frames: (J=compiled Java code, j=interpreted, Vv=VM code, C=native code)
C  [librdi_coregen.dll+0x50fbcf]
C  0x0000018163c4529d

Java frames: (J=compiled Java code, j=interpreted, Vv=VM code)
J 28423  ui.customizerjni.HACGCJModelJNI.HACGCGuiCommon_getName(JLui/customizerjni/HACGCGuiCommon;)Ljava/lang/String; (0 bytes) @ 0x0000018163c451fd [0x0000018163c451a0+0x000000000000005d]
J 28587 c1 ui.data.coregen.a.D$a.getListCellRendererComponent(Ljavax/swing/JList;Ljava/lang/Object;IZZ)Ljava/awt/Component; (102 bytes) @ 0x000001815ddf5c1c [0x000001815ddf5660+0x00000000000005bc]
J 31568 c2 javax.swing.plaf.basic.BasicListUI.maybeUpdateLayoutState()V java.desktop@17.0.7 (17 bytes) @ 0x00000181636ebea0 [0x00000181636eb3a0+0x0000000000000b00]
J 28687 c1 javax.swing.plaf.basic.BasicListUI$Handler.valueChanged(Ljavax/swing/event/ListSelectionEvent;)V java.desktop@17.0.7 (109 bytes) @ 0x000001815de2c134 [0x000001815de2c020+0x0000000000000114]
J 22858 c1 javax.swing.DefaultListSelectionModel.fireValueChanged(IIZ)V java.desktop@17.0.7 (76 bytes) @ 0x000001815bc613e4 [0x000001815bc60f00+0x00000000000004e4]
J 22937 c1 javax.swing.DefaultListSelectionModel.fireValueChanged(II)V java.desktop@17.0.7 (11 bytes) @ 0x000001815c76bb54 [0x000001815c76b9c0+0x0000000000000194]
J 20785 c2 javax.swing.DefaultListSelectionModel.fireValueChanged()V java.desktop@17.0.7 (74 bytes) @ 0x0000018163f9d00c [0x0000018163f9cfa0+0x000000000000006c]
J 25492 c1 javax.swing.DefaultListSelectionModel.changeSelection(IIIIZ)V java.desktop@17.0.7 (96 bytes) @ 0x000001815c3ad444 [0x000001815c3acea0+0x00000000000005a4]
J 25203 c1 javax.swing.DefaultListSelectionModel.changeSelection(IIII)V java.desktop@17.0.7 (11 bytes) @ 0x000001815d9cb514 [0x000001815d9cb4a0+0x0000000000000074]
J 32688 c1 javax.swing.DefaultListSelectionModel.setSelectionInterval(II)V java.desktop@17.0.7 (63 bytes) @ 0x000001815bfc6b14 [0x000001815bfc67e0+0x0000000000000334]
J 19131 c1 javax.swing.plaf.basic.BasicComboPopup.configureList()V java.desktop@17.0.7 (122 bytes) @ 0x000001815d0cffbc [0x000001815d0cde60+0x000000000000215c]
J 19101 c1 javax.swing.plaf.basic.BasicComboPopup.<init>(Ljavax/swing/JComboBox;)V java.desktop@17.0.7 (101 bytes) @ 0x000001815d0bb7bc [0x000001815d0bb080+0x000000000000073c]
J 19357 c1 ui.utils.lnf.HSyntheticaComboBoxUI.createPopup()Ljavax/swing/plaf/basic/ComboPopup; (26 bytes) @ 0x000001815d16a024 [0x000001815d169ec0+0x0000000000000164]
J 19100 c1 javax.swing.plaf.basic.BasicComboBoxUI.installUI(Ljavax/swing/JComponent;)V java.desktop@17.0.7 (225 bytes) @ 0x000001815d0be434 [0x000001815d0be140+0x00000000000002f4]
J 19337 c1 javax.swing.plaf.synth.SynthComboBoxUI.installUI(Ljavax/swing/JComponent;)V java.desktop@17.0.7 (18 bytes) @ 0x000001815d15ae8c [0x000001815d15ace0+0x00000000000001ac]
J 12949 c2 javax.swing.JComponent.setUI(Ljavax/swing/plaf/ComponentUI;)V java.desktop@17.0.7 (72 bytes) @ 0x00000181636e2c4c [0x00000181636e2240+0x0000000000000a0c]
J 19336 c1 javax.swing.JComboBox.updateUI()V java.desktop@17.0.7 (59 bytes) @ 0x000001815d15915c [0x000001815d158ec0+0x000000000000029c]
J 37424 c1 ui.utils.swing.e.d.updateUI()V (5 bytes) @ 0x000001815b92b294 [0x000001815b92b220+0x0000000000000074]
J 39518 c1 javax.swing.SwingUtilities.updateComponentTreeUI0(Ljava/awt/Component;)V java.desktop@17.0.7 (100 bytes) @ 0x000001815d56489c [0x000001815d564580+0x000000000000031c]
J 39518 c1 javax.swing.SwingUtilities.updateComponentTreeUI0(Ljava/awt/Component;)V java.desktop@17.0.7 (100 bytes) @ 0x000001815d565b6c [0x000001815d564580+0x00000000000015ec]
J 39518 c1 javax.swing.SwingUtilities.updateComponentTreeUI0(Ljava/awt/Component;)V java.desktop@17.0.7 (100 bytes) @ 0x000001815d565b6c [0x000001815d564580+0x00000000000015ec]
J 39518 c1 javax.swing.SwingUtilities.updateComponentTreeUI0(Ljava/awt/Component;)V java.desktop@17.0.7 (100 bytes) @ 0x000001815d565b6c [0x000001815d564580+0x00000000000015ec]
J 39518 c1 javax.swing.SwingUtilities.updateComponentTreeUI0(Ljava/awt/Component;)V java.desktop@17.0.7 (100 bytes) @ 0x000001815d565b6c [0x000001815d564580+0x00000000000015ec]
J 39518 c1 javax.swing.SwingUtilities.updateComponentTreeUI0(Ljava/awt/Component;)V java.desktop@17.0.7 (100 bytes) @ 0x000001815d565b6c [0x000001815d564580+0x00000000000015ec]
J 39518 c1 javax.swing.SwingUtilities.updateComponentTreeUI0(Ljava/awt/Component;)V java.desktop@17.0.7 (100 bytes) @ 0x000001815d565b6c [0x000001815d564580+0x00000000000015ec]
J 39518 c1 javax.swing.SwingUtilities.updateComponentTreeUI0(Ljava/awt/Component;)V java.desktop@17.0.7 (100 bytes) @ 0x000001815d565b6c [0x000001815d564580+0x00000000000015ec]
J 39518 c1 javax.swing.SwingUtilities.updateComponentTreeUI0(Ljava/awt/Component;)V java.desktop@17.0.7 (100 bytes) @ 0x000001815d565b6c [0x000001815d564580+0x00000000000015ec]
J 39518 c1 javax.swing.SwingUtilities.updateComponentTreeUI0(Ljava/awt/Component;)V java.desktop@17.0.7 (100 bytes) @ 0x000001815d565b6c [0x000001815d564580+0x00000000000015ec]
J 39518 c1 javax.swing.SwingUtilities.updateComponentTreeUI0(Ljava/awt/Component;)V java.desktop@17.0.7 (100 bytes) @ 0x000001815d565b6c [0x000001815d564580+0x00000000000015ec]
J 39518 c1 javax.swing.SwingUtilities.updateComponentTreeUI0(Ljava/awt/Component;)V java.desktop@17.0.7 (100 bytes) @ 0x000001815d565b6c [0x000001815d564580+0x00000000000015ec]
J 39518 c1 javax.swing.SwingUtilities.updateComponentTreeUI0(Ljava/awt/Component;)V java.desktop@17.0.7 (100 bytes) @ 0x000001815d565b6c [0x000001815d564580+0x00000000000015ec]
J 39518 c1 javax.swing.SwingUtilities.updateComponentTreeUI0(Ljava/awt/Component;)V java.desktop@17.0.7 (100 bytes) @ 0x000001815d565b6c [0x000001815d564580+0x00000000000015ec]
J 39518 c1 javax.swing.SwingUtilities.updateComponentTreeUI0(Ljava/awt/Component;)V java.desktop@17.0.7 (100 bytes) @ 0x000001815d565b6c [0x000001815d564580+0x00000000000015ec]
J 39518 c1 javax.swing.SwingUtilities.updateComponentTreeUI0(Ljava/awt/Component;)V java.desktop@17.0.7 (100 bytes) @ 0x000001815d565b6c [0x000001815d564580+0x00000000000015ec]
J 39518 c1 javax.swing.SwingUtilities.updateComponentTreeUI0(Ljava/awt/Component;)V java.desktop@17.0.7 (100 bytes) @ 0x000001815d565b6c [0x000001815d564580+0x00000000000015ec]
J 39518 c1 javax.swing.SwingUtilities.updateComponentTreeUI0(Ljava/awt/Component;)V java.desktop@17.0.7 (100 bytes) @ 0x000001815d565b6c [0x000001815d564580+0x00000000000015ec]
J 39518 c1 javax.swing.SwingUtilities.updateComponentTreeUI0(Ljava/awt/Component;)V java.desktop@17.0.7 (100 bytes) @ 0x000001815d565b6c [0x000001815d564580+0x00000000000015ec]
J 39518 c1 javax.swing.SwingUtilities.updateComponentTreeUI0(Ljava/awt/Component;)V java.desktop@17.0.7 (100 bytes) @ 0x000001815d565b6c [0x000001815d564580+0x00000000000015ec]
J 35008 c2 javax.swing.SwingUtilities.updateComponentTreeUI(Ljava/awt/Component;)V java.desktop@17.0.7 (17 bytes) @ 0x00000181650a68b4 [0x00000181650a68a0+0x0000000000000014]
j  com.jidesoft.plaf.WindowsDesktopProperty.updateWindowUI(Ljava/awt/Window;)V+1
j  com.jidesoft.plaf.WindowsDesktopProperty.updateWindowUI(Ljava/awt/Window;)V+31
j  com.jidesoft.plaf.WindowsDesktopProperty.updateAllUIs()V+23
j  com.jidesoft.plaf.WindowsDesktopProperty.access$000()V+0
j  com.jidesoft.plaf.WindowsDesktopProperty$1.run()V+0
J 14291 c2 java.awt.EventQueue.dispatchEvent(Ljava/awt/AWTEvent;)V java.desktop@17.0.7 (80 bytes) @ 0x00000181638bb0e8 [0x00000181638ba7e0+0x0000000000000908]
J 39124 c2 ui.frmwork.a.d.dispatchEvent(Ljava/awt/AWTEvent;)V (42 bytes) @ 0x000001816574e600 [0x000001816574e520+0x00000000000000e0]
J 34171 c2 java.awt.EventDispatchThread.pumpOneEventForFilters(I)V java.desktop@17.0.7 (113 bytes) @ 0x0000018164f6b8dc [0x0000018164f6b320+0x00000000000005bc]
J 22633% c2 java.awt.EventDispatchThread.pumpEventsForFilter(ILjava/awt/Conditional;Ljava/awt/EventFilter;)V java.desktop@17.0.7 (47 bytes) @ 0x00000181632965c4 [0x00000181632964c0+0x0000000000000104]
j  java.awt.EventDispatchThread.pumpEventsForHierarchy(ILjava/awt/Conditional;Ljava/awt/Component;)V+11 java.desktop@17.0.7
j  java.awt.EventDispatchThread.pumpEvents(ILjava/awt/Conditional;)V+4 java.desktop@17.0.7
j  java.awt.EventDispatchThread.pumpEvents(Ljava/awt/Conditional;)V+3 java.desktop@17.0.7
j  java.awt.EventDispatchThread.run()V+9 java.desktop@17.0.7
v  ~StubRoutines::call_stub

siginfo: EXCEPTION_ACCESS_VIOLATION (0xc0000005), reading address 0xffffffffffffffff


Register to memory mapping:

RIP=0x00007ffac686fbcf librdi_coregen.dll
RAX=0x20d04fe0501f0014 is an unknown value
RBX={method} {0x0000000800429028} 'equals' '(Ljava/lang/Object;)Z' in 'java/lang/String'
RCX=0x00000181b2279f30 points into unknown readable memory: 0x20d04fe0501f0014 | 14 00 1f 50 e0 4f d0 20
RDX=0x000000569b7fd530 is pointing into the stack for thread: 0x0000018149340fe0
RSP=0x000000569b7fd4d0 is pointing into the stack for thread: 0x0000018149340fe0
RBP=0x000000569b7fd610 is pointing into the stack for thread: 0x0000018149340fe0
RSI=0x0000000706826490 is an oop: ui.customizerjni.HACGCGuiParam 
{0x0000000706826490} - klass: 'ui/customizerjni/HACGCGuiParam'
 - ---- fields (total size 7 words):
 - protected transient 'swigCMemOwn' 'Z' @12  false
 - private transient 'swigCPtr' 'J' @16  1656551350072 (b2279f38 181)
 - private transient 'swigCPtr' 'J' @24  1656551350064 (b2279f30 181)
 - private transient 'swigCPtr' 'J' @32  1656551350064 (b2279f30 181)
 - private transient 'swigCPtr' 'J' @40  1656551350064 (b2279f30 181)
 - private transient 'swigCPtr' 'J' @48  1656551350064 (b2279f30 181)
RDI=0x0000018149341288 points into unknown readable memory: 0x00007ffad95617e0 | e0 17 56 d9 fa 7f 00 00
R8 =0x00000181b2279f30 points into unknown readable memory: 0x20d04fe0501f0014 | 14 00 1f 50 e0 4f d0 20
R9 =0x000000569b7fd5d8 is pointing into the stack for thread: 0x0000018149340fe0
R10=0x00007ffac686fb80 librdi_coregen.dll
R11=0x000000569b7fd5a8 is pointing into the stack for thread: 0x0000018149340fe0
R12=0x0 is NULL
R13=0x0000000801498440 is a pointer to class: 
ui.data.coregen.a.aC {0x0000000801498448}
 - instance size:     3
 - klass size:        76
 - access:            public synchronized 
 - state:             fully_initialized
 - name:              'ui/data/coregen/a/aC'
 - super:             'ui/utils/swing/e/d$d'
 - sub:               
 - arrays:            NULL
 - methods:           Array<T>(0x0000018124d0b980)
 - method ordering:   Array<T>(0x00000008008f15d8)
 - default_methods:   Array<T>(0x0000000000000000)
 - local interfaces:  Array<T>(0x00000008005cf880)
 - trans. interfaces: Array<T>(0x00000181796715e8)
 - constants:         constant pool [30] {0x0000018124d0b810} for 'ui/data/coregen/a/aC' cache=0x0000018124d0bb88
 - class loader data:  loader data: 0x0000018151ab4020 for instance a 'jdk/internal/loader/ClassLoaders$AppClassLoader'{0x0000000702226ee0}
 - source file:       'SourceFile'
 - class annotations:       Array<T>(0x0000000000000000)
 - class type annotations:  Array<T>(0x0000000000000000)
 - field annotations:       Array<T>(0x0000000000000000)
 - field type annotations:  Array<T>(0x0000000000000000)
 - inner classes:     Array<T>(0x0000018124d0bb70)
 - nest members:     Array<T>(0x00000008005cf810)
 - permitted subclasses:     Array<T>(0x00000008005cf810)
 - java mirror:       a 'java/lang/Class'{0x0000000703daa738} = 'ui/data/coregen/a/aC'
 - vtable length      11  (start addr: 0x0000000801498608)
 - itable length      7 (start addr: 0x0000000801498660)
 - ---- static fields (0 words):
 - ---- non-static fields (3 words):
 - 'pwW' 'Z' @12 
 - 'pwX' 'Z' @13 
 - 'pwV' 'Ljava/lang/Object;' @16 
 - 'ent' 'Lui/customizerjni/HACGCPairStrStr;' @20 
 - non-static oop maps: 16-20 
R14=0x000000569b7fd600 is pointing into the stack for thread: 0x0000018149340fe0
R15=0x0000018149340fe0 is a thread


Registers:
RAX=0x20d04fe0501f0014, RBX=0x0000000800429020, RCX=0x00000181b2279f30, RDX=0x000000569b7fd530
RSP=0x000000569b7fd4d0, RBP=0x000000569b7fd610, RSI=0x0000000706826490, RDI=0x0000018149341288
R8 =0x00000181b2279f30, R9 =0x000000569b7fd5d8, R10=0x00007ffac686fb80, R11=0x000000569b7fd5a8
R12=0x0000000000000000, R13=0x0000000801498440, R14=0x000000569b7fd600, R15=0x0000018149340fe0
RIP=0x00007ffac686fbcf, EFLAGS=0x0000000000010202

Top of Stack: (sp=0x000000569b7fd4d0)
0x000000569b7fd4d0:   00000000e0653dca 0000018163067ac4
0x000000569b7fd4e0:   000000070329ef38 0000018163a302c8
0x000000569b7fd4f0:   0000018149341288 fffffffffffffffe
0x000000569b7fd500:   0000000703502718 0000000738abc408
0x000000569b7fd510:   0000000702d80c40 0000000738abc4e8
0x000000569b7fd520:   0000003700000032 0000000702d80c50
0x000000569b7fd530:   000000070000003b 000000070329ef38
0x000000569b7fd540:   0000000138abc228 0000000000000000
0x000000569b7fd550:   0000000000000000 0000000738abbe88
0x000000569b7fd560:   0000000000000000 000000000000000f
0x000000569b7fd570:   00000000e0653dca 0000018163067ac4
0x000000569b7fd580:   0000000738abc798 00000007031a0b08
0x000000569b7fd590:   0000018162748660 00003efd74e669da
0x000000569b7fd5a0:   0000018124d234f0 0000018163c4529d
0x000000569b7fd5b0:   0000000000000000 0000000800429020
0x000000569b7fd5c0:   0000000000000001 00000007031a0b08 

Instructions: (pc=0x00007ffac686fbcf)
0x00007ffac686facf:   24 a8 00 00 00 48 33 cc e8 54 0a ea 00 48 81 c4
0x00007ffac686fadf:   b8 00 00 00 c3 32 c0 48 8b 8c 24 a8 00 00 00 48
0x00007ffac686faef:   33 cc e8 3a 0a ea 00 48 81 c4 b8 00 00 00 c3 eb
0x00007ffac686faff:   e4 eb e2 cc cc cc cc cc cc cc cc cc cc cc cc cc
0x00007ffac686fb0f:   cc 48 81 ec b8 00 00 00 48 c7 44 24 28 fe ff ff
0x00007ffac686fb1f:   ff 48 8b 05 09 c6 04 02 48 33 c4 48 89 84 24 a8
0x00007ffac686fb2f:   00 00 00 48 89 4c 24 20 41 0f b6 40 28 48 8b 8c
0x00007ffac686fb3f:   24 a8 00 00 00 48 33 cc e8 e4 09 ea 00 48 81 c4
0x00007ffac686fb4f:   b8 00 00 00 c3 32 c0 48 8b 8c 24 a8 00 00 00 48
0x00007ffac686fb5f:   33 cc e8 ca 09 ea 00 48 81 c4 b8 00 00 00 c3 eb
0x00007ffac686fb6f:   e4 eb e2 cc cc cc cc cc cc cc cc cc cc cc cc cc
0x00007ffac686fb7f:   cc 4c 8b dc 57 48 81 ec d0 00 00 00 48 c7 44 24
0x00007ffac686fb8f:   28 fe ff ff ff 49 89 5b 10 48 8b 05 91 c5 04 02
0x00007ffac686fb9f:   48 33 c4 48 89 84 24 c8 00 00 00 48 8b f9 48 89
0x00007ffac686fbaf:   4c 24 20 66 0f 6f 05 d6 14 6d 01 f3 41 0f 7f 43
0x00007ffac686fbbf:   b8 41 c6 43 a8 00 49 8b 00 49 8d 53 88 49 8b c8
0x00007ffac686fbcf:   ff 10 48 8b d8 48 8d 84 24 80 00 00 00 48 3b c3
0x00007ffac686fbdf:   74 37 48 8d 8c 24 80 00 00 00 e8 22 76 c2 ff 0f
0x00007ffac686fbef:   10 03 0f 11 84 24 80 00 00 00 0f 10 4b 10 0f 11
0x00007ffac686fbff:   8c 24 90 00 00 00 48 c7 43 10 00 00 00 00 48 c7
0x00007ffac686fc0f:   43 18 0f 00 00 00 c6 03 00 48 8b 54 24 78 48 83
0x00007ffac686fc1f:   fa 10 72 36 48 ff c2 48 8b 4c 24 60 48 8b c1 48
0x00007ffac686fc2f:   81 fa 00 10 00 00 72 1c 48 83 c2 27 48 8b 49 f8
0x00007ffac686fc3f:   48 2b c1 48 83 c0 f8 48 83 f8 1f 76 07 ff 15 9e
0x00007ffac686fc4f:   3c 6b 01 cc e8 a4 00 ea 00 90 48 8d 94 24 80 00
0x00007ffac686fc5f:   00 00 48 83 bc 24 98 00 00 00 10 48 0f 43 94 24
0x00007ffac686fc6f:   80 00 00 00 48 8b 07 48 8b cf ff 90 38 05 00 00
0x00007ffac686fc7f:   48 8b d8 48 8b 94 24 98 00 00 00 48 83 fa 10 72
0x00007ffac686fc8f:   35 48 ff c2 48 8b 8c 24 80 00 00 00 48 8b c1 48
0x00007ffac686fc9f:   81 fa 00 10 00 00 72 19 48 83 c2 27 48 8b 49 f8
0x00007ffac686fcaf:   48 2b c1 48 83 c0 f8 48 83 f8 1f 0f 87 a6 00 00
0x00007ffac686fcbf:   00 e8 37 00 ea 00 48 8b c3 eb 41 48 8b 94 24 98 


Stack slot to memory mapping:
stack at sp + 0 slots: 3764731338 is a compressed pointer to object: java.util.Vector 
{0x000000070329ee50} - klass: 'java/util/Vector'
 - ---- fields (total size 4 words):
 - protected transient 'modCount' 'I' @12  2
 - protected 'elementCount' 'I' @16  2
 - protected 'capacityIncrement' 'I' @20  0
 - protected 'elementData' '[Ljava/lang/Object;' @24  a 'java/lang/Object'[5] {0x000000070329ee70} (e0653dce)
stack at sp + 1 slots: 0x0000018163067ac4 is at entry_point+804 in (nmethod*)0x0000018163067590
stack at sp + 2 slots: 0x000000070329ef38 is an oop: javax.swing.UIDefaults$TextAndMnemonicHashMap 
{0x000000070329ef38} - klass: 'javax/swing/UIDefaults$TextAndMnemonicHashMap'
 - ---- fields (total size 6 words):
 - transient 'keySet' 'Ljava/util/Set;' @12  NULL (0)
 - transient 'values' 'Ljava/util/Collection;' @16  NULL (0)
 - transient 'size' 'I' @20  130 (82)
 - transient 'modCount' 'I' @24  130 (82)
 - 'threshold' 'I' @28  192 (c0)
 - final 'loadFactor' 'F' @32  0.750000 (3f400000)
 - transient 'table' '[Ljava/util/HashMap$Node;' @36  a 'java/util/HashMap$Node'[256] {0x000000070329ef68} (e0653ded)
 - transient 'entrySet' 'Ljava/util/Set;' @40  NULL (0)
stack at sp + 3 slots: 0x0000018163a302c8 is at entry_point+6920 in (nmethod*)0x0000018163a2e410
stack at sp + 4 slots: 0x0000018149341288 points into unknown readable memory: 0x00007ffad95617e0 | e0 17 56 d9 fa 7f 00 00
stack at sp + 5 slots: 0xfffffffffffffffe is an unknown value
stack at sp + 6 slots: 0x0000000703502718 is an oop: java.lang.String 
{0x0000000703502718} - klass: 'java/lang/String'
 - string: "Synthetica.cellRenderer.hoverSupport.enabled"
stack at sp + 7 slots: 0x0000000738abc408 is an oop: java.lang.String 
{0x0000000738abc408} - klass: 'java/lang/String'
 - string: "Synthetica.list.defaultCellRenderer.className.ComboBox.list"


---------------  P R O C E S S  ---------------

Threads class SMR info:
_java_thread_list=0x00000181b7647040, length=88, elements={
0x0000018152f11710, 0x00000181532082b0, 0x0000018153217fe0, 0x000001814933daf0,
0x000001814933e960, 0x0000018149340170, 0x000001814933dfc0, 0x0000018153240010,
0x000001815324a180, 0x00000181532516f0, 0x000001814933f7d0, 0x000001814933e490,
0x000001814933fca0, 0x0000018149340b10, 0x000001814933ee30, 0x000001814933f300,
0x0000018149340fe0, 0x000001817cee6760, 0x000001817cee40e0, 0x000001817cee4a80,
0x000001817cee7aa0, 0x0000018105afffc0, 0x0000018105b00490, 0x0000018104436ee0,
0x00000181044386f0, 0x0000018103f058e0, 0x0000018108160ee0, 0x00000181172ed000,
0x00000181172ed4d0, 0x00000181172ec190, 0x00000181172e9fe0, 0x00000181172ee340,
0x00000181172eb320, 0x00000181172ef680, 0x00000181172f04f0, 0x000001811ddefa40,
0x000001813fd6ef50, 0x000001813fd71f70, 0x00000181ba325a90, 0x00000181ba3272a0,
0x00000181ba328f80, 0x00000181ba329450, 0x00000181ba32fe30, 0x00000181ba330300,
0x00000181ba32e150, 0x00000181ba330ca0, 0x00000181ba32efc0, 0x00000181ba32eaf0,
0x00000181ba332e50, 0x00000181ba334190, 0x00000181ba33d1f0, 0x00000181ba30e330,
0x00000181ba303f90, 0x00000181ba309160, 0x00000181ba3057a0, 0x00000181ba3082f0,
0x00000181ba3087c0, 0x00000181ba306140, 0x00000181ba309b00, 0x00000181ba306610,
0x00000181ba306ae0, 0x00000181ba30c650, 0x00000181ba30a970, 0x00000181ba30e800,
0x000001813fd6b590, 0x000001813fd68570, 0x000001813fd74f90, 0x000001813fd62a00,
0x000001813fd616c0, 0x000001811ddf03e0, 0x000001811ddeca20, 0x000001811ddf2590,
0x000001811ddf08b0, 0x000001811ddf1bf0, 0x000001811ddf1250, 0x000001811ddf1720,
0x000001811ddf20c0, 0x00000181172f0020, 0x00000181172ee810, 0x00000181172eece0,
0x00000181172ef1b0, 0x00000181172ec660, 0x000001813fd67bd0, 0x000001813fd693e0,
0x000001813fd65ef0, 0x000001813fd6d270, 0x000001813fd6a720, 0x0000018143871340
}

Java Threads: ( => current thread )
  0x0000018152f11710 JavaThread "main" [_thread_blocked, id=24740, stack(0x0000005691800000,0x0000005691900000)]
  0x00000181532082b0 JavaThread "Reference Handler" daemon [_thread_blocked, id=5852, stack(0x0000005692000000,0x0000005692a00000)]
  0x0000018153217fe0 JavaThread "Finalizer" daemon [_thread_blocked, id=11756, stack(0x0000005692a00000,0x0000005693400000)]
  0x000001814933daf0 JavaThread "Signal Dispatcher" daemon [_thread_blocked, id=8276, stack(0x0000005693400000,0x0000005693e00000)]
  0x000001814933e960 JavaThread "Attach Listener" daemon [_thread_blocked, id=18248, stack(0x0000005693e00000,0x0000005694800000)]
  0x0000018149340170 JavaThread "Service Thread" daemon [_thread_blocked, id=23528, stack(0x0000005694800000,0x0000005695200000)]
  0x000001814933dfc0 JavaThread "Monitor Deflation Thread" daemon [_thread_blocked, id=21344, stack(0x0000005695200000,0x0000005695c00000)]
  0x0000018153240010 JavaThread "C2 CompilerThread0" daemon [_thread_blocked, id=6628, stack(0x0000005695c00000,0x0000005695d00000)]
  0x000001815324a180 JavaThread "C1 CompilerThread0" daemon [_thread_blocked, id=20908, stack(0x0000005695d00000,0x0000005695e00000)]
  0x00000181532516f0 JavaThread "Sweeper thread" daemon [_thread_blocked, id=15176, stack(0x0000005695e00000,0x0000005696800000)]
  0x000001814933f7d0 JavaThread "Common-Cleaner" daemon [_thread_blocked, id=2428, stack(0x0000005696c00000,0x0000005697600000)]
  0x000001814933e490 JavaThread "Notification Thread" daemon [_thread_blocked, id=4048, stack(0x0000005697600000,0x0000005698000000)]
  0x000001814933fca0 JavaThread "Java2D Disposer" daemon [_thread_blocked, id=11560, stack(0x0000005698100000,0x0000005698b00000)]
  0x0000018149340b10 JavaThread "AWT-Shutdown" [_thread_blocked, id=19912, stack(0x0000005698b00000,0x0000005699500000)]
  0x000001814933ee30 JavaThread "AWT-Windows" daemon [_thread_in_native, id=5936, stack(0x0000005699500000,0x0000005699f00000)]
  0x000001814933f300 JavaThread "TimerQueue" daemon [_thread_blocked, id=7876, stack(0x000000569a400000,0x000000569ae00000)]
=>0x0000018149340fe0 JavaThread "AWT-EventQueue-0" [_thread_in_native, id=20684, stack(0x000000569ae00000,0x000000569b800000)]
  0x000001817cee6760 JavaThread "Thread-1" [_thread_in_native, id=24156, stack(0x000000568fe00000,0x0000005691200000)]
  0x000001817cee40e0 JavaThread "Process Messages Thread" [_thread_blocked, id=20312, stack(0x000000569d900000,0x000000569e300000)]
  0x000001817cee4a80 JavaThread "Batik CleanerThread" daemon [_thread_blocked, id=3332, stack(0x000000569e300000,0x000000569ed00000)]
  0x000001817cee7aa0 JavaThread "SyntheticaCleanerThread" daemon [_thread_blocked, id=2164, stack(0x000000569f700000,0x00000056a0100000)]
  0x0000018105afffc0 JavaThread "Timer-0" [_thread_blocked, id=11512, stack(0x00000056a0b00000,0x00000056a1500000)]
  0x0000018105b00490 JavaThread "Monitor File Timestamp Swing Worker Thread" [_thread_blocked, id=5996, stack(0x00000056a1500000,0x00000056a1f00000)]
  0x0000018104436ee0 JavaThread "Monitor HEventQueue Thread" [_thread_blocked, id=15432, stack(0x00000056a1f00000,0x00000056a2900000)]
  0x00000181044386f0 JavaThread "SyntheticaAnimation 50" daemon [_thread_blocked, id=26020, stack(0x00000056a2900000,0x00000056a3300000)]
  0x0000018103f058e0 JavaThread "SyntheticaAnimation 25" daemon [_thread_blocked, id=24680, stack(0x00000056a3300000,0x00000056a3d00000)]
  0x0000018108160ee0 JavaThread "SyntheticaAnimation 70" daemon [_thread_blocked, id=25336, stack(0x00000056a4700000,0x00000056a5100000)]
  0x00000181172ed000 JavaThread "Refresh Filesets Swing Worker Thread" [_thread_blocked, id=26580, stack(0x000000569c400000,0x000000569ce00000)]
  0x00000181172ed4d0 JavaThread "hw_ila_monitor" [_thread_blocked, id=25640, stack(0x000000569ed00000,0x000000569f700000)]
  0x00000181172ec190 JavaThread "pool-2-thread-1" [_thread_blocked, id=13764, stack(0x00000056a5b00000,0x00000056a6500000)]
  0x00000181172e9fe0 JavaThread "pool-3-thread-1" [_thread_blocked, id=1924, stack(0x00000056a6f00000,0x00000056a7900000)]
  0x00000181172ee340 JavaThread "pool-4-thread-1" [_thread_blocked, id=25520, stack(0x00000056a8300000,0x00000056a8d00000)]
  0x00000181172eb320 JavaThread "pool-5-thread-1" [_thread_blocked, id=26316, stack(0x00000056a9700000,0x00000056aa100000)]
  0x00000181172ef680 JavaThread "pool-6-thread-1" [_thread_blocked, id=3752, stack(0x00000056aab00000,0x00000056ab500000)]
  0x00000181172f04f0 JavaThread "pool-7-thread-1" [_thread_blocked, id=8396, stack(0x00000056abf00000,0x00000056ac900000)]
  0x000001811ddefa40 JavaThread "SyntheticaAnimation 50" daemon [_thread_blocked, id=2672, stack(0x00000056a0100000,0x00000056a0b00000)]
  0x000001813fd6ef50 JavaThread "Timer-7" [_thread_blocked, id=22240, stack(0x00000056ad300000,0x00000056add00000)]
  0x000001813fd71f70 JavaThread "Swing-Shell" daemon [_thread_blocked, id=30772, stack(0x00000056af900000,0x00000056b0300000)]
  0x00000181ba325a90 JavaThread "pool-10-thread-1" [_thread_blocked, id=28924, stack(0x00000056b0d00000,0x00000056b1700000)]
  0x00000181ba3272a0 JavaThread "pool-11-thread-1" [_thread_blocked, id=23668, stack(0x00000056b2100000,0x00000056b2b00000)]
  0x00000181ba328f80 JavaThread "pool-12-thread-1" [_thread_blocked, id=33680, stack(0x00000056b3500000,0x00000056b3f00000)]
  0x00000181ba329450 JavaThread "pool-13-thread-1" [_thread_blocked, id=17856, stack(0x00000056b4900000,0x00000056b5300000)]
  0x00000181ba32fe30 JavaThread "pool-14-thread-1" [_thread_blocked, id=27180, stack(0x00000056b5d00000,0x00000056b6700000)]
  0x00000181ba330300 JavaThread "pool-15-thread-1" [_thread_blocked, id=32224, stack(0x00000056b7100000,0x00000056b7b00000)]
  0x00000181ba32e150 JavaThread "pool-16-thread-1" [_thread_blocked, id=32068, stack(0x00000056b8500000,0x00000056b8f00000)]
  0x00000181ba330ca0 JavaThread "pool-17-thread-1" [_thread_blocked, id=28804, stack(0x00000056b9900000,0x00000056ba300000)]
  0x00000181ba32efc0 JavaThread "pool-18-thread-1" [_thread_blocked, id=30692, stack(0x00000056bad00000,0x00000056bb700000)]
  0x00000181ba32eaf0 JavaThread "SyntheticaAnimation 50" daemon [_thread_blocked, id=30724, stack(0x00000056a3d00000,0x00000056a4700000)]
  0x00000181ba332e50 JavaThread "Timer-18" [_thread_blocked, id=27584, stack(0x00000056a7900000,0x00000056a8300000)]
  0x00000181ba334190 JavaThread "Image Animator 3" daemon [_thread_blocked, id=10000, stack(0x00000056ac900000,0x00000056ad300000)]
  0x00000181ba33d1f0 JavaThread "Thread-9481" [_thread_in_native, id=33164, stack(0x0000005691400000,0x0000005691500000)]
  0x00000181ba30e330 JavaThread "pool-20-thread-1" [_thread_blocked, id=1568, stack(0x00000056b5300000,0x00000056b5d00000)]
  0x00000181ba303f90 JavaThread "pool-21-thread-1" [_thread_blocked, id=6136, stack(0x00000056a6500000,0x00000056a6f00000)]
  0x00000181ba309160 JavaThread "pool-22-thread-1" [_thread_blocked, id=3292, stack(0x00000056add00000,0x00000056ae700000)]
  0x00000181ba3057a0 JavaThread "pool-23-thread-1" [_thread_blocked, id=34120, stack(0x00000056b1700000,0x00000056b2100000)]
  0x00000181ba3082f0 JavaThread "pool-24-thread-1" [_thread_blocked, id=27176, stack(0x00000056b3f00000,0x00000056b4900000)]
  0x00000181ba3087c0 JavaThread "pool-25-thread-1" [_thread_blocked, id=17780, stack(0x00000056bcb00000,0x00000056bd500000)]
  0x00000181ba306140 JavaThread "pool-26-thread-1" [_thread_blocked, id=33960, stack(0x00000056bdf00000,0x00000056be900000)]
  0x00000181ba309b00 JavaThread "pool-27-thread-1" [_thread_blocked, id=33868, stack(0x00000056bf300000,0x00000056bfd00000)]
  0x00000181ba306610 JavaThread "pool-28-thread-1" [_thread_blocked, id=2984, stack(0x00000056c0700000,0x00000056c1100000)]
  0x00000181ba306ae0 JavaThread "pool-29-thread-1" [_thread_blocked, id=34088, stack(0x00000056c1b00000,0x00000056c2500000)]
  0x00000181ba30c650 JavaThread "pool-30-thread-1" [_thread_blocked, id=22636, stack(0x00000056c2f00000,0x00000056c3900000)]
  0x00000181ba30a970 JavaThread "pool-31-thread-1" [_thread_blocked, id=32216, stack(0x00000056c4300000,0x00000056c4d00000)]
  0x00000181ba30e800 JavaThread "pool-32-thread-1" [_thread_blocked, id=24108, stack(0x00000056c5700000,0x00000056c6100000)]
  0x000001813fd6b590 JavaThread "Update Runs Swing Worker Thread" [_thread_blocked, id=33128, stack(0x00000056ab500000,0x00000056abf00000)]
  0x000001813fd68570 JavaThread "pool-33-thread-1" [_thread_blocked, id=32652, stack(0x00000056b0300000,0x00000056b0d00000)]
  0x000001813fd74f90 JavaThread "pool-34-thread-1" [_thread_blocked, id=24776, stack(0x00000056b6700000,0x00000056b7100000)]
  0x000001813fd62a00 JavaThread "pool-35-thread-1" [_thread_blocked, id=26720, stack(0x00000056b8f00000,0x00000056b9900000)]
  0x000001813fd616c0 JavaThread "pool-36-thread-1" [_thread_blocked, id=31676, stack(0x00000056bb700000,0x00000056bc100000)]
  0x000001811ddf03e0 JavaThread "pool-37-thread-1" [_thread_blocked, id=32636, stack(0x00000056bd500000,0x00000056bdf00000)]
  0x000001811ddeca20 JavaThread "pool-38-thread-1" [_thread_blocked, id=31372, stack(0x00000056c6b00000,0x00000056c7500000)]
  0x000001811ddf2590 JavaThread "Timer-38" [_thread_blocked, id=25064, stack(0x00000056c7500000,0x00000056c7f00000)]
  0x000001811ddf08b0 JavaThread "pool-39-thread-1" [_thread_blocked, id=33768, stack(0x00000056c7f00000,0x00000056c8900000)]
  0x000001811ddf1bf0 JavaThread "Timer-39" [_thread_blocked, id=31512, stack(0x00000056c8900000,0x00000056c9300000)]
  0x000001811ddf1250 JavaThread "pool-40-thread-1" [_thread_blocked, id=24324, stack(0x00000056c9300000,0x00000056c9d00000)]
  0x000001811ddf1720 JavaThread "Timer-40" [_thread_blocked, id=31560, stack(0x00000056c9d00000,0x00000056ca700000)]
  0x000001811ddf20c0 JavaThread "pool-41-thread-1" [_thread_blocked, id=27812, stack(0x00000056ca700000,0x00000056cb100000)]
  0x00000181172f0020 JavaThread "Timer-41" [_thread_blocked, id=9568, stack(0x00000056cb100000,0x00000056cbb00000)]
  0x00000181172ee810 JavaThread "pool-42-thread-1" [_thread_blocked, id=25920, stack(0x00000056cbb00000,0x00000056cc500000)]
  0x00000181172eece0 JavaThread "Timer-42" [_thread_blocked, id=33616, stack(0x00000056cc500000,0x00000056ccf00000)]
  0x00000181172ef1b0 JavaThread "pool-43-thread-1" [_thread_blocked, id=23544, stack(0x00000056ccf00000,0x00000056cd900000)]
  0x00000181172ec660 JavaThread "Timer-43" [_thread_blocked, id=27088, stack(0x00000056cd900000,0x00000056ce300000)]
  0x000001813fd67bd0 JavaThread "pool-44-thread-1" [_thread_blocked, id=30468, stack(0x00000056b2b00000,0x00000056b3500000)]
  0x000001813fd693e0 JavaThread "Timer-44" [_thread_blocked, id=24076, stack(0x00000056b7b00000,0x00000056b8500000)]
  0x000001813fd65ef0 JavaThread "Thread-19821" [_thread_in_native, id=34808, stack(0x00000056a5300000,0x00000056a5400000)]
  0x000001813fd6d270 JavaThread "Thread-19822" [_thread_in_native, id=8444, stack(0x000000569a200000,0x000000569a300000)]
  0x000001813fd6a720 JavaThread "Thread-19828" [_thread_in_native, id=13712, stack(0x000000569d800000,0x000000569d900000)]
  0x0000018143871340 JavaThread "C2 CompilerThread1" daemon [_thread_blocked, id=38200, stack(0x00000056a5300000,0x00000056a5400000)]

Other Threads:
  0x0000018151709770 VMThread "VM Thread" [stack: 0x0000005691f00000,0x0000005692000000] [id=1536]
  0x0000018153576f30 WatcherThread [stack: 0x0000005698000000,0x0000005698100000] [id=11284]
  0x0000018151272d20 GCTaskThread "GC Thread#0" [stack: 0x0000005691900000,0x0000005691a00000] [id=11360]
  0x00000181512762e0 GCTaskThread "GC Thread#1" [stack: 0x000000569b800000,0x000000569b900000] [id=10476]
  0x0000018151273ff0 GCTaskThread "GC Thread#2" [stack: 0x000000569b900000,0x000000569ba00000] [id=22252]
  0x0000018151275010 GCTaskThread "GC Thread#3" [stack: 0x000000569ba00000,0x000000569bb00000] [id=14164]
  0x0000018151277050 GCTaskThread "GC Thread#4" [stack: 0x000000569bb00000,0x000000569bc00000] [id=11440]
  0x0000018151273280 GCTaskThread "GC Thread#5" [stack: 0x000000569bc00000,0x000000569bd00000] [id=25516]
  0x0000018151277300 GCTaskThread "GC Thread#6" [stack: 0x000000569bd00000,0x000000569be00000] [id=3776]
  0x0000018151273530 GCTaskThread "GC Thread#7" [stack: 0x000000569be00000,0x000000569bf00000] [id=13564]
  0x0000018151274d60 GCTaskThread "GC Thread#8" [stack: 0x000000569bf00000,0x000000569c000000] [id=25352]
  0x00000181512775b0 GCTaskThread "GC Thread#9" [stack: 0x000000569c000000,0x000000569c100000] [id=3448]
  0x00000181512737e0 GCTaskThread "GC Thread#10" [stack: 0x000000569c100000,0x000000569c200000] [id=3232]
  0x0000018151277860 GCTaskThread "GC Thread#11" [stack: 0x000000569c200000,0x000000569c300000] [id=23892]
  0x0000018151273a90 GCTaskThread "GC Thread#12" [stack: 0x000000569c300000,0x000000569c400000] [id=24148]
  0x0000018152f27ce0 ConcurrentGCThread "G1 Main Marker" [stack: 0x0000005691a00000,0x0000005691b00000] [id=20336]
  0x0000018151276af0 ConcurrentGCThread "G1 Conc#0" [stack: 0x0000005691b00000,0x0000005691c00000] [id=26476]
  0x0000018151278320 ConcurrentGCThread "G1 Conc#1" [stack: 0x000000569cf00000,0x000000569d000000] [id=16804]
  0x0000018151274550 ConcurrentGCThread "G1 Conc#2" [stack: 0x000000569d000000,0x000000569d100000] [id=20940]
  0x0000018151abac60 ConcurrentGCThread "G1 Refine#0" [stack: 0x0000005691c00000,0x0000005691d00000] [id=4120]
  0x000001814981b200 ConcurrentGCThread "G1 Refine#1" [stack: 0x000000569a300000,0x000000569a400000] [id=25980]
  0x000001814981c060 ConcurrentGCThread "G1 Refine#2" [stack: 0x000000569ce00000,0x000000569cf00000] [id=32416]
  0x000001815159b400 ConcurrentGCThread "G1 Service" [stack: 0x0000005691d00000,0x0000005691e00000] [id=952]
  0x0000018151276840 ConcurrentGCThread "StringDedupProcessor" [stack: 0x0000005691e00000,0x0000005691f00000] [id=7452]

Threads with active compile tasks:

VM state: not at safepoint (normal execution)

VM Mutex/Monitor currently owned by a thread: None

Heap address: 0x0000000701800000, size: 4072 MB, Compressed Oops mode: Zero based, Oop shift amount: 3

CDS archive(s) mapped at: [0x0000000800000000-0x0000000800bc0000-0x0000000800bc0000), size 12320768, SharedBaseAddress: 0x0000000800000000, ArchiveRelocationMode: 0.
Compressed class space mapped at: 0x0000000801000000-0x0000000841000000, reserved size: 1073741824
Narrow klass base: 0x0000000800000000, Narrow klass shift: 0, Narrow klass range: 0x100000000

GC Precious Log:
 CPUs: 16 total, 16 available
 Memory: 16069M
 Large Page Support: Disabled
 NUMA Support: Disabled
 Compressed Oops: Enabled (Zero based)
 Heap Region Size: 2M
 Heap Min Capacity: 512M
 Heap Initial Capacity: 512M
 Heap Max Capacity: 4072M
 Pre-touch: Disabled
 Parallel Workers: 13
 Concurrent Workers: 3
 Concurrent Refinement Workers: 13
 Periodic GC: Disabled
 String Deduplication is enabled

Heap:
 garbage-first heap   total 929792K, used 309491K [0x0000000701800000, 0x0000000800000000)
  region size 2048K, 15 young (30720K), 2 survivors (4096K)
 Metaspace       used 118778K, committed 119296K, reserved 1179648K
  class space    used 16930K, committed 17216K, reserved 1048576K

Heap Regions: E=young(eden), S=young(survivor), O=old, HS=humongous(starts), HC=humongous(continues), CS=collection set, F=free, OA=open archive, CA=closed archive, TAMS=top-at-mark-start (previous, next)
|   0|0x0000000701800000, 0x0000000701a00000, 0x0000000701a00000|100%|HS|  |TAMS 0x0000000701a00000, 0x0000000701800000| Untracked 
|   1|0x0000000701a00000, 0x0000000701c00000, 0x0000000701c00000|100%| O|  |TAMS 0x0000000701c00000, 0x0000000701a00000| Untracked 
|   2|0x0000000701c00000, 0x0000000701e00000, 0x0000000701e00000|100%| O|  |TAMS 0x0000000701e00000, 0x0000000701c00000| Untracked 
|   3|0x0000000701e00000, 0x0000000702000000, 0x0000000702000000|100%| O|  |TAMS 0x0000000702000000, 0x0000000701e00000| Untracked 
|   4|0x0000000702000000, 0x0000000702200000, 0x0000000702200000|100%| O|  |TAMS 0x0000000702200000, 0x0000000702000000| Untracked 
|   5|0x0000000702200000, 0x00000007023da088, 0x0000000702400000| 92%| O|  |TAMS 0x0000000702200000, 0x0000000702200000| Untracked 
|   6|0x0000000702400000, 0x0000000702600000, 0x0000000702600000|100%| O|  |TAMS 0x0000000702600000, 0x0000000702400000| Untracked 
|   7|0x0000000702600000, 0x00000007027fd018, 0x0000000702800000| 99%| O|  |TAMS 0x00000007027fd018, 0x0000000702600000| Untracked 
|   8|0x0000000702800000, 0x0000000702a00000, 0x0000000702a00000|100%| O|  |TAMS 0x0000000702a00000, 0x0000000702800000| Untracked 
|   9|0x0000000702a00000, 0x0000000702bfffb8, 0x0000000702c00000| 99%| O|  |TAMS 0x0000000702bfffb8, 0x0000000702a00000| Untracked 
|  10|0x0000000702c00000, 0x0000000702dfffe0, 0x0000000702e00000| 99%| O|  |TAMS 0x0000000702dfffe0, 0x0000000702c00000| Untracked 
|  11|0x0000000702e00000, 0x0000000703000000, 0x0000000703000000|100%| O|  |TAMS 0x0000000703000000, 0x0000000702e00000| Untracked 
|  12|0x0000000703000000, 0x00000007031fffe8, 0x0000000703200000| 99%| O|  |TAMS 0x00000007031fffe8, 0x0000000703000000| Untracked 
|  13|0x0000000703200000, 0x0000000703400000, 0x0000000703400000|100%| O|  |TAMS 0x0000000703400000, 0x0000000703200000| Untracked 
|  14|0x0000000703400000, 0x00000007035ffed8, 0x0000000703600000| 99%| O|  |TAMS 0x00000007035ffed8, 0x0000000703400000| Untracked 
|  15|0x0000000703600000, 0x00000007037ffea0, 0x0000000703800000| 99%| O|  |TAMS 0x00000007037ffea0, 0x0000000703600000| Untracked 
|  16|0x0000000703800000, 0x00000007039fc348, 0x0000000703a00000| 99%| O|  |TAMS 0x0000000703800000, 0x0000000703800000| Untracked 
|  17|0x0000000703a00000, 0x0000000703bdc7f0, 0x0000000703c00000| 93%| O|  |TAMS 0x0000000703a00000, 0x0000000703a00000| Untracked 
|  18|0x0000000703c00000, 0x0000000703dfffc0, 0x0000000703e00000| 99%| O|  |TAMS 0x0000000703dfffc0, 0x0000000703c00000| Untracked 
|  19|0x0000000703e00000, 0x0000000703ffffe8, 0x0000000704000000| 99%| O|  |TAMS 0x0000000703ffffe8, 0x0000000703e00000| Untracked 
|  20|0x0000000704000000, 0x0000000704200000, 0x0000000704200000|100%| O|  |TAMS 0x0000000704200000, 0x0000000704000000| Untracked 
|  21|0x0000000704200000, 0x00000007043ffff8, 0x0000000704400000| 99%| O|  |TAMS 0x00000007043ffff8, 0x0000000704200000| Untracked 
|  22|0x0000000704400000, 0x0000000704600000, 0x0000000704600000|100%|HS|  |TAMS 0x0000000704600000, 0x0000000704400000| Untracked 
|  23|0x0000000704600000, 0x0000000704800000, 0x0000000704800000|100%|HC|  |TAMS 0x0000000704800000, 0x0000000704600000| Untracked 
|  24|0x0000000704800000, 0x0000000704a00000, 0x0000000704a00000|100%|HC|  |TAMS 0x0000000704a00000, 0x0000000704800000| Untracked 
|  25|0x0000000704a00000, 0x0000000704c00000, 0x0000000704c00000|100%|HC|  |TAMS 0x0000000704c00000, 0x0000000704a00000| Untracked 
|  26|0x0000000704c00000, 0x0000000704dfe100, 0x0000000704e00000| 99%| O|  |TAMS 0x0000000704dfe100, 0x0000000704c00000| Untracked 
|  27|0x0000000704e00000, 0x0000000704fffe88, 0x0000000705000000| 99%| O|  |TAMS 0x0000000704fffe88, 0x0000000704e00000| Untracked 
|  28|0x0000000705000000, 0x00000007051ffff8, 0x0000000705200000| 99%| O|  |TAMS 0x00000007051ffff8, 0x0000000705000000| Untracked 
|  29|0x0000000705200000, 0x0000000705400000, 0x0000000705400000|100%| O|  |TAMS 0x0000000705400000, 0x0000000705200000| Untracked 
|  30|0x0000000705400000, 0x00000007055ffff8, 0x0000000705600000| 99%| O|  |TAMS 0x00000007055ffff8, 0x0000000705400000| Untracked 
|  31|0x0000000705600000, 0x00000007057ffff0, 0x0000000705800000| 99%| O|  |TAMS 0x00000007057ffff0, 0x0000000705600000| Untracked 
|  32|0x0000000705800000, 0x00000007059ffff8, 0x0000000705a00000| 99%| O|  |TAMS 0x00000007059ffff8, 0x0000000705800000| Untracked 
|  33|0x0000000705a00000, 0x0000000705c00000, 0x0000000705c00000|100%| O|  |TAMS 0x0000000705c00000, 0x0000000705a00000| Untracked 
|  34|0x0000000705c00000, 0x0000000705dffff8, 0x0000000705e00000| 99%| O|  |TAMS 0x0000000705dffff8, 0x0000000705c00000| Untracked 
|  35|0x0000000705e00000, 0x0000000705fffff8, 0x0000000706000000| 99%| O|  |TAMS 0x0000000705fffff8, 0x0000000705e00000| Untracked 
|  36|0x0000000706000000, 0x00000007061fffd0, 0x0000000706200000| 99%| O|  |TAMS 0x00000007061fffd0, 0x0000000706000000| Untracked 
|  37|0x0000000706200000, 0x00000007063fffd8, 0x0000000706400000| 99%| O|  |TAMS 0x00000007063fffd8, 0x0000000706200000| Untracked 
|  38|0x0000000706400000, 0x00000007065fec90, 0x0000000706600000| 99%| O|  |TAMS 0x00000007065fec90, 0x0000000706400000| Untracked 
|  39|0x0000000706600000, 0x00000007067dc1a8, 0x0000000706800000| 92%| O|  |TAMS 0x0000000706600000, 0x0000000706600000| Untracked 
|  40|0x0000000706800000, 0x0000000706a00000, 0x0000000706a00000|100%| O|  |TAMS 0x0000000706a00000, 0x0000000706800000| Untracked 
|  41|0x0000000706a00000, 0x0000000706bffff8, 0x0000000706c00000| 99%| O|  |TAMS 0x0000000706bffff8, 0x0000000706a00000| Untracked 
|  42|0x0000000706c00000, 0x0000000706dfdeb0, 0x0000000706e00000| 99%| O|  |TAMS 0x0000000706dfdeb0, 0x0000000706c00000| Untracked 
|  43|0x0000000706e00000, 0x0000000706fffff0, 0x0000000707000000| 99%| O|  |TAMS 0x0000000706fffff0, 0x0000000706e00000| Untracked 
|  44|0x0000000707000000, 0x00000007071ffff0, 0x0000000707200000| 99%| O|  |TAMS 0x00000007071ffff0, 0x0000000707000000| Untracked 
|  45|0x0000000707200000, 0x00000007073ffe68, 0x0000000707400000| 99%| O|  |TAMS 0x00000007073ffe68, 0x0000000707200000| Untracked 
|  46|0x0000000707400000, 0x00000007075fffd0, 0x0000000707600000| 99%| O|  |TAMS 0x00000007075fffd0, 0x0000000707400000| Untracked 
|  47|0x0000000707600000, 0x00000007077ffff0, 0x0000000707800000| 99%| O|  |TAMS 0x00000007077ffff0, 0x0000000707600000| Untracked 
|  48|0x0000000707800000, 0x00000007079fffc8, 0x0000000707a00000| 99%| O|  |TAMS 0x00000007079fffc8, 0x0000000707800000| Untracked 
|  49|0x0000000707a00000, 0x0000000707bffff0, 0x0000000707c00000| 99%| O|  |TAMS 0x0000000707bffff0, 0x0000000707a00000| Untracked 
|  50|0x0000000707c00000, 0x0000000707dfffc8, 0x0000000707e00000| 99%| O|  |TAMS 0x0000000707dfffc8, 0x0000000707c00000| Untracked 
|  51|0x0000000707e00000, 0x0000000707fff420, 0x0000000708000000| 99%| O|  |TAMS 0x0000000707fff420, 0x0000000707e00000| Untracked 
|  52|0x0000000708000000, 0x00000007081fff20, 0x0000000708200000| 99%| O|  |TAMS 0x00000007081fff20, 0x0000000708000000| Untracked 
|  53|0x0000000708200000, 0x00000007083fffe8, 0x0000000708400000| 99%| O|  |TAMS 0x00000007083fffe8, 0x0000000708200000| Untracked 
|  54|0x0000000708400000, 0x00000007085fffe0, 0x0000000708600000| 99%| O|  |TAMS 0x00000007085fffe0, 0x0000000708400000| Untracked 
|  55|0x0000000708600000, 0x00000007087fff30, 0x0000000708800000| 99%| O|  |TAMS 0x00000007087fff30, 0x0000000708600000| Untracked 
|  56|0x0000000708800000, 0x00000007089fffe8, 0x0000000708a00000| 99%| O|  |TAMS 0x00000007089fffe8, 0x0000000708800000| Untracked 
|  57|0x0000000708a00000, 0x0000000708c00000, 0x0000000708c00000|100%| O|  |TAMS 0x0000000708c00000, 0x0000000708a00000| Untracked 
|  58|0x0000000708c00000, 0x0000000708dffff0, 0x0000000708e00000| 99%| O|  |TAMS 0x0000000708dffff0, 0x0000000708c00000| Untracked 
|  59|0x0000000708e00000, 0x0000000708ffffd0, 0x0000000709000000| 99%| O|  |TAMS 0x0000000708ffffd0, 0x0000000708e00000| Untracked 
|  60|0x0000000709000000, 0x00000007091fffa8, 0x0000000709200000| 99%| O|  |TAMS 0x00000007091fffa8, 0x0000000709000000| Untracked 
|  61|0x0000000709200000, 0x00000007093fff00, 0x0000000709400000| 99%| O|  |TAMS 0x00000007093fff00, 0x0000000709200000| Untracked 
|  62|0x0000000709400000, 0x00000007095fff50, 0x0000000709600000| 99%| O|  |TAMS 0x00000007095fff50, 0x0000000709400000| Untracked 
|  63|0x0000000709600000, 0x00000007097ffff0, 0x0000000709800000| 99%| O|  |TAMS 0x00000007097ffff0, 0x0000000709600000| Untracked 
|  64|0x0000000709800000, 0x00000007099fff10, 0x0000000709a00000| 99%| O|  |TAMS 0x00000007099fff10, 0x0000000709800000| Untracked 
|  65|0x0000000709a00000, 0x0000000709bffe88, 0x0000000709c00000| 99%| O|  |TAMS 0x0000000709bffe88, 0x0000000709a00000| Untracked 
|  66|0x0000000709c00000, 0x0000000709dffff8, 0x0000000709e00000| 99%| O|  |TAMS 0x0000000709dffff8, 0x0000000709c00000| Untracked 
|  67|0x0000000709e00000, 0x0000000709ffffe0, 0x000000070a000000| 99%| O|  |TAMS 0x0000000709ffffe0, 0x0000000709e00000| Untracked 
|  68|0x000000070a000000, 0x000000070a1ff850, 0x000000070a200000| 99%| O|  |TAMS 0x000000070a1ff850, 0x000000070a000000| Untracked 
|  69|0x000000070a200000, 0x000000070a3ff6a8, 0x000000070a400000| 99%| O|  |TAMS 0x000000070a3ff6a8, 0x000000070a200000| Untracked 
|  70|0x000000070a400000, 0x000000070a5fffe0, 0x000000070a600000| 99%| O|  |TAMS 0x000000070a5fffe0, 0x000000070a400000| Untracked 
|  71|0x000000070a600000, 0x000000070a7fffd8, 0x000000070a800000| 99%| O|  |TAMS 0x000000070a7fffd8, 0x000000070a600000| Untracked 
|  72|0x000000070a800000, 0x000000070aa00000, 0x000000070aa00000|100%| O|  |TAMS 0x000000070aa00000, 0x000000070a800000| Untracked 
|  73|0x000000070aa00000, 0x000000070abfffc0, 0x000000070ac00000| 99%| O|  |TAMS 0x000000070abfffc0, 0x000000070aa00000| Untracked 
|  74|0x000000070ac00000, 0x000000070adfffe8, 0x000000070ae00000| 99%| O|  |TAMS 0x000000070adfffe8, 0x000000070ac00000| Untracked 
|  75|0x000000070ae00000, 0x000000070afffff8, 0x000000070b000000| 99%| O|  |TAMS 0x000000070afffff8, 0x000000070ae00000| Untracked 
|  76|0x000000070b000000, 0x000000070b200000, 0x000000070b200000|100%| O|  |TAMS 0x000000070b200000, 0x000000070b000000| Untracked 
|  77|0x000000070b200000, 0x000000070b3fffe8, 0x000000070b400000| 99%| O|  |TAMS 0x000000070b3fffe8, 0x000000070b200000| Untracked 
|  78|0x000000070b400000, 0x000000070b5ffff8, 0x000000070b600000| 99%| O|  |TAMS 0x000000070b5ffff8, 0x000000070b400000| Untracked 
|  79|0x000000070b600000, 0x000000070b7fe360, 0x000000070b800000| 99%| O|  |TAMS 0x000000070b7fe360, 0x000000070b600000| Untracked 
|  80|0x000000070b800000, 0x000000070b9ffff0, 0x000000070ba00000| 99%| O|  |TAMS 0x000000070b9ffff0, 0x000000070b800000| Untracked 
|  81|0x000000070ba00000, 0x000000070bbfffe0, 0x000000070bc00000| 99%| O|  |TAMS 0x000000070ba00000, 0x000000070ba00000| Untracked 
|  82|0x000000070bc00000, 0x000000070bdffff0, 0x000000070be00000| 99%| O|  |TAMS 0x000000070bdffff0, 0x000000070bc00000| Untracked 
|  83|0x000000070be00000, 0x000000070bffffe8, 0x000000070c000000| 99%| O|  |TAMS 0x000000070bffffe8, 0x000000070be00000| Untracked 
|  84|0x000000070c000000, 0x000000070c1fff00, 0x000000070c200000| 99%| O|  |TAMS 0x000000070c1fff00, 0x000000070c000000| Untracked 
|  85|0x000000070c200000, 0x000000070c3ff4f0, 0x000000070c400000| 99%| O|  |TAMS 0x000000070c3ff4f0, 0x000000070c200000| Untracked 
|  86|0x000000070c400000, 0x000000070c5fffc0, 0x000000070c600000| 99%| O|  |TAMS 0x000000070c5fffc0, 0x000000070c400000| Untracked 
|  87|0x000000070c600000, 0x000000070c800000, 0x000000070c800000|100%|HS|  |TAMS 0x000000070c800000, 0x000000070c600000| Untracked 
|  88|0x000000070c800000, 0x000000070c9fff78, 0x000000070ca00000| 99%| O|  |TAMS 0x000000070c9fff78, 0x000000070c800000| Untracked 
|  89|0x000000070ca00000, 0x000000070cbffeb0, 0x000000070cc00000| 99%| O|  |TAMS 0x000000070cbffeb0, 0x000000070ca00000| Untracked 
|  90|0x000000070cc00000, 0x000000070cdffe58, 0x000000070ce00000| 99%| O|  |TAMS 0x000000070cdffe58, 0x000000070cc00000| Untracked 
|  91|0x000000070ce00000, 0x000000070cffffe8, 0x000000070d000000| 99%| O|  |TAMS 0x000000070cffffe8, 0x000000070ce00000| Untracked 
|  92|0x000000070d000000, 0x000000070d1fffc8, 0x000000070d200000| 99%| O|  |TAMS 0x000000070d1fffc8, 0x000000070d000000| Untracked 
|  93|0x000000070d200000, 0x000000070d3fff08, 0x000000070d400000| 99%| O|  |TAMS 0x000000070d3fff08, 0x000000070d200000| Untracked 
|  94|0x000000070d400000, 0x000000070d600000, 0x000000070d600000|100%| O|  |TAMS 0x000000070d600000, 0x000000070d400000| Untracked 
|  95|0x000000070d600000, 0x000000070d7cbf68, 0x000000070d800000| 89%| O|  |TAMS 0x000000070d600000, 0x000000070d600000| Untracked 
|  96|0x000000070d800000, 0x000000070d9c2440, 0x000000070da00000| 87%| O|  |TAMS 0x000000070d800000, 0x000000070d800000| Untracked 
|  97|0x000000070da00000, 0x000000070dbfffb0, 0x000000070dc00000| 99%| O|  |TAMS 0x000000070dbfffb0, 0x000000070da00000| Untracked 
|  98|0x000000070dc00000, 0x000000070ddfff68, 0x000000070de00000| 99%| O|  |TAMS 0x000000070ddfff68, 0x000000070dc00000| Untracked 
|  99|0x000000070de00000, 0x000000070dffffe8, 0x000000070e000000| 99%| O|  |TAMS 0x000000070dffffe8, 0x000000070de00000| Untracked 
| 100|0x000000070e000000, 0x000000070e1ffff8, 0x000000070e200000| 99%| O|  |TAMS 0x000000070e1ffff8, 0x000000070e000000| Untracked 
| 101|0x000000070e200000, 0x000000070e400000, 0x000000070e400000|100%| O|  |TAMS 0x000000070e400000, 0x000000070e200000| Untracked 
| 102|0x000000070e400000, 0x000000070e5bf998, 0x000000070e600000| 87%| O|  |TAMS 0x000000070e400000, 0x000000070e400000| Untracked 
| 103|0x000000070e600000, 0x000000070e7fffe8, 0x000000070e800000| 99%| O|  |TAMS 0x000000070e7fffe8, 0x000000070e600000| Untracked 
| 104|0x000000070e800000, 0x000000070e9fff88, 0x000000070ea00000| 99%| O|  |TAMS 0x000000070e9fff88, 0x000000070e800000| Untracked 
| 105|0x000000070ea00000, 0x000000070ec00000, 0x000000070ec00000|100%| O|  |TAMS 0x000000070ec00000, 0x000000070ea00000| Untracked 
| 106|0x000000070ec00000, 0x000000070ee00000, 0x000000070ee00000|100%| O|  |TAMS 0x000000070ee00000, 0x000000070ec00000| Untracked 
| 107|0x000000070ee00000, 0x000000070f000000, 0x000000070f000000|100%| O|  |TAMS 0x000000070f000000, 0x000000070ee00000| Untracked 
| 108|0x000000070f000000, 0x000000070f200000, 0x000000070f200000|100%| O|  |TAMS 0x000000070f200000, 0x000000070f000000| Untracked 
| 109|0x000000070f200000, 0x000000070f400000, 0x000000070f400000|100%| O|  |TAMS 0x000000070f400000, 0x000000070f200000| Untracked 
| 110|0x000000070f400000, 0x000000070f600000, 0x000000070f600000|100%| O|  |TAMS 0x000000070f600000, 0x000000070f400000| Untracked 
| 111|0x000000070f600000, 0x000000070f7fffe8, 0x000000070f800000| 99%| O|  |TAMS 0x000000070f7fffe8, 0x000000070f600000| Untracked 
| 112|0x000000070f800000, 0x000000070fa00000, 0x000000070fa00000|100%| O|  |TAMS 0x000000070fa00000, 0x000000070f800000| Untracked 
| 113|0x000000070fa00000, 0x000000070fbfff68, 0x000000070fc00000| 99%| O|  |TAMS 0x000000070fbfff68, 0x000000070fa00000| Untracked 
| 114|0x000000070fc00000, 0x000000070fe00000, 0x000000070fe00000|100%| O|  |TAMS 0x000000070fe00000, 0x000000070fc00000| Untracked 
| 115|0x000000070fe00000, 0x0000000710000000, 0x0000000710000000|100%|HS|  |TAMS 0x0000000710000000, 0x000000070fe00000| Untracked 
| 116|0x0000000710000000, 0x0000000710200000, 0x0000000710200000|100%| O|  |TAMS 0x0000000710200000, 0x0000000710000000| Untracked 
| 117|0x0000000710200000, 0x0000000710400000, 0x0000000710400000|100%| O|  |TAMS 0x0000000710400000, 0x0000000710200000| Untracked 
| 118|0x0000000710400000, 0x0000000710600000, 0x0000000710600000|100%| O|  |TAMS 0x0000000710600000, 0x0000000710400000| Untracked 
| 119|0x0000000710600000, 0x00000007107fffe0, 0x0000000710800000| 99%| O|  |TAMS 0x00000007107fffe0, 0x0000000710600000| Untracked 
| 120|0x0000000710800000, 0x0000000710a00000, 0x0000000710a00000|100%| O|  |TAMS 0x0000000710a00000, 0x0000000710800000| Untracked 
| 121|0x0000000710a00000, 0x0000000710c00000, 0x0000000710c00000|100%| O|  |TAMS 0x0000000710c00000, 0x0000000710a00000| Untracked 
| 122|0x0000000710c00000, 0x0000000710e00000, 0x0000000710e00000|100%| O|  |TAMS 0x0000000710e00000, 0x0000000710c00000| Untracked 
| 123|0x0000000710e00000, 0x0000000710fffff0, 0x0000000711000000| 99%| O|  |TAMS 0x0000000710fffff0, 0x0000000710e00000| Untracked 
| 124|0x0000000711000000, 0x00000007111ffff8, 0x0000000711200000| 99%| O|  |TAMS 0x00000007111ffff8, 0x0000000711000000| Untracked 
| 125|0x0000000711200000, 0x00000007113fffe8, 0x0000000711400000| 99%| O|  |TAMS 0x0000000711200000, 0x0000000711200000| Untracked 
| 126|0x0000000711400000, 0x0000000711590e50, 0x0000000711600000| 78%| O|  |TAMS 0x0000000711400000, 0x0000000711400000| Untracked 
| 127|0x0000000711600000, 0x00000007117ffd88, 0x0000000711800000| 99%| O|  |TAMS 0x00000007117ffd88, 0x0000000711600000| Untracked 
| 128|0x0000000711800000, 0x00000007119c12c0, 0x0000000711a00000| 87%| O|  |TAMS 0x0000000711800000, 0x0000000711800000| Untracked 
| 129|0x0000000711a00000, 0x0000000711bfff00, 0x0000000711c00000| 99%| O|  |TAMS 0x0000000711bfff00, 0x0000000711a00000| Untracked 
| 130|0x0000000711c00000, 0x0000000711e00000, 0x0000000711e00000|100%|HS|  |TAMS 0x0000000711e00000, 0x0000000711c00000| Untracked 
| 131|0x0000000711e00000, 0x0000000711fe6360, 0x0000000712000000| 94%| O|  |TAMS 0x0000000711e00000, 0x0000000711e00000| Untracked 
| 132|0x0000000712000000, 0x00000007121775a0, 0x0000000712200000| 73%| O|  |TAMS 0x0000000712000000, 0x0000000712000000| Untracked 
| 133|0x0000000712200000, 0x00000007123df198, 0x0000000712400000| 93%| O|  |TAMS 0x0000000712200000, 0x0000000712200000| Untracked 
| 134|0x0000000712400000, 0x00000007125fffe8, 0x0000000712600000| 99%| O|  |TAMS 0x00000007125fffe8, 0x0000000712400000| Untracked 
| 135|0x0000000712600000, 0x00000007126a73c8, 0x0000000712800000| 32%| O|  |TAMS 0x0000000712600000, 0x0000000712600000| Untracked 
| 136|0x0000000712800000, 0x0000000712800000, 0x0000000712a00000|  0%| F|  |TAMS 0x0000000712800000, 0x0000000712800000| Untracked 
| 137|0x0000000712a00000, 0x0000000712a00000, 0x0000000712c00000|  0%| F|  |TAMS 0x0000000712a00000, 0x0000000712a00000| Untracked 
| 138|0x0000000712c00000, 0x0000000712c00000, 0x0000000712e00000|  0%| F|  |TAMS 0x0000000712c00000, 0x0000000712c00000| Untracked 
| 139|0x0000000712e00000, 0x0000000712e00000, 0x0000000713000000|  0%| F|  |TAMS 0x0000000712e00000, 0x0000000712e00000| Untracked 
| 140|0x0000000713000000, 0x0000000713000000, 0x0000000713200000|  0%| F|  |TAMS 0x0000000713000000, 0x0000000713000000| Untracked 
| 141|0x0000000713200000, 0x0000000713200000, 0x0000000713400000|  0%| F|  |TAMS 0x0000000713200000, 0x0000000713200000| Untracked 
| 142|0x0000000713400000, 0x0000000713400000, 0x0000000713600000|  0%| F|  |TAMS 0x0000000713400000, 0x0000000713400000| Untracked 
| 143|0x0000000713600000, 0x0000000713600000, 0x0000000713800000|  0%| F|  |TAMS 0x0000000713600000, 0x0000000713600000| Untracked 
| 144|0x0000000713800000, 0x0000000713800000, 0x0000000713a00000|  0%| F|  |TAMS 0x0000000713800000, 0x0000000713800000| Untracked 
| 145|0x0000000713a00000, 0x0000000713a00000, 0x0000000713c00000|  0%| F|  |TAMS 0x0000000713a00000, 0x0000000713a00000| Untracked 
| 146|0x0000000713c00000, 0x0000000713e00000, 0x0000000713e00000|100%|HS|  |TAMS 0x0000000713e00000, 0x0000000713c00000| Untracked 
| 147|0x0000000713e00000, 0x0000000714000000, 0x0000000714000000|100%|HC|  |TAMS 0x0000000714000000, 0x0000000713e00000| Untracked 
| 148|0x0000000714000000, 0x0000000714200000, 0x0000000714200000|100%|HC|  |TAMS 0x0000000714200000, 0x0000000714000000| Untracked 
| 149|0x0000000714200000, 0x0000000714400000, 0x0000000714400000|100%|HC|  |TAMS 0x0000000714400000, 0x0000000714200000| Untracked 
| 150|0x0000000714400000, 0x0000000714400000, 0x0000000714600000|  0%| F|  |TAMS 0x0000000714400000, 0x0000000714400000| Untracked 
| 151|0x0000000714600000, 0x0000000714600000, 0x0000000714800000|  0%| F|  |TAMS 0x0000000714600000, 0x0000000714600000| Untracked 
| 152|0x0000000714800000, 0x0000000714800000, 0x0000000714a00000|  0%| F|  |TAMS 0x0000000714800000, 0x0000000714800000| Untracked 
| 153|0x0000000714a00000, 0x0000000714a00000, 0x0000000714c00000|  0%| F|  |TAMS 0x0000000714a00000, 0x0000000714a00000| Untracked 
| 154|0x0000000714c00000, 0x0000000714c00000, 0x0000000714e00000|  0%| F|  |TAMS 0x0000000714c00000, 0x0000000714c00000| Untracked 
| 155|0x0000000714e00000, 0x0000000714e00000, 0x0000000715000000|  0%| F|  |TAMS 0x0000000714e00000, 0x0000000714e00000| Untracked 
| 156|0x0000000715000000, 0x0000000715000000, 0x0000000715200000|  0%| F|  |TAMS 0x0000000715000000, 0x0000000715000000| Untracked 
| 157|0x0000000715200000, 0x0000000715200000, 0x0000000715400000|  0%| F|  |TAMS 0x0000000715200000, 0x0000000715200000| Untracked 
| 158|0x0000000715400000, 0x0000000715400000, 0x0000000715600000|  0%| F|  |TAMS 0x0000000715400000, 0x0000000715400000| Untracked 
| 159|0x0000000715600000, 0x0000000715600000, 0x0000000715800000|  0%| F|  |TAMS 0x0000000715600000, 0x0000000715600000| Untracked 
| 160|0x0000000715800000, 0x0000000715800000, 0x0000000715a00000|  0%| F|  |TAMS 0x0000000715800000, 0x0000000715800000| Untracked 
| 161|0x0000000715a00000, 0x0000000715a00000, 0x0000000715c00000|  0%| F|  |TAMS 0x0000000715a00000, 0x0000000715a00000| Untracked 
| 162|0x0000000715c00000, 0x0000000715c00000, 0x0000000715e00000|  0%| F|  |TAMS 0x0000000715c00000, 0x0000000715c00000| Untracked 
| 163|0x0000000715e00000, 0x0000000715e00000, 0x0000000716000000|  0%| F|  |TAMS 0x0000000715e00000, 0x0000000715e00000| Untracked 
| 164|0x0000000716000000, 0x0000000716000000, 0x0000000716200000|  0%| F|  |TAMS 0x0000000716000000, 0x0000000716000000| Untracked 
| 165|0x0000000716200000, 0x0000000716200000, 0x0000000716400000|  0%| F|  |TAMS 0x0000000716200000, 0x0000000716200000| Untracked 
| 166|0x0000000716400000, 0x0000000716400000, 0x0000000716600000|  0%| F|  |TAMS 0x0000000716400000, 0x0000000716400000| Untracked 
| 167|0x0000000716600000, 0x0000000716600000, 0x0000000716800000|  0%| F|  |TAMS 0x0000000716600000, 0x0000000716600000| Untracked 
| 168|0x0000000716800000, 0x0000000716800000, 0x0000000716a00000|  0%| F|  |TAMS 0x0000000716800000, 0x0000000716800000| Untracked 
| 169|0x0000000716a00000, 0x0000000716a00000, 0x0000000716c00000|  0%| F|  |TAMS 0x0000000716a00000, 0x0000000716a00000| Untracked 
| 170|0x0000000716c00000, 0x0000000716c00000, 0x0000000716e00000|  0%| F|  |TAMS 0x0000000716c00000, 0x0000000716c00000| Untracked 
| 171|0x0000000716e00000, 0x0000000716e00000, 0x0000000717000000|  0%| F|  |TAMS 0x0000000716e00000, 0x0000000716e00000| Untracked 
| 172|0x0000000717000000, 0x0000000717000000, 0x0000000717200000|  0%| F|  |TAMS 0x0000000717000000, 0x0000000717000000| Untracked 
| 173|0x0000000717200000, 0x0000000717200000, 0x0000000717400000|  0%| F|  |TAMS 0x0000000717200000, 0x0000000717200000| Untracked 
| 174|0x0000000717400000, 0x0000000717400000, 0x0000000717600000|  0%| F|  |TAMS 0x0000000717400000, 0x0000000717400000| Untracked 
| 175|0x0000000717600000, 0x0000000717600000, 0x0000000717800000|  0%| F|  |TAMS 0x0000000717600000, 0x0000000717600000| Untracked 
| 176|0x0000000717800000, 0x0000000717800000, 0x0000000717a00000|  0%| F|  |TAMS 0x0000000717800000, 0x0000000717800000| Untracked 
| 177|0x0000000717a00000, 0x0000000717a00000, 0x0000000717c00000|  0%| F|  |TAMS 0x0000000717a00000, 0x0000000717a00000| Untracked 
| 178|0x0000000717c00000, 0x0000000717c00000, 0x0000000717e00000|  0%| F|  |TAMS 0x0000000717c00000, 0x0000000717c00000| Untracked 
| 179|0x0000000717e00000, 0x0000000717e00000, 0x0000000718000000|  0%| F|  |TAMS 0x0000000717e00000, 0x0000000717e00000| Untracked 
| 180|0x0000000718000000, 0x0000000718000000, 0x0000000718200000|  0%| F|  |TAMS 0x0000000718000000, 0x0000000718000000| Untracked 
| 181|0x0000000718200000, 0x0000000718200000, 0x0000000718400000|  0%| F|  |TAMS 0x0000000718200000, 0x0000000718200000| Untracked 
| 182|0x0000000718400000, 0x0000000718400000, 0x0000000718600000|  0%| F|  |TAMS 0x0000000718400000, 0x0000000718400000| Untracked 
| 183|0x0000000718600000, 0x0000000718600000, 0x0000000718800000|  0%| F|  |TAMS 0x0000000718600000, 0x0000000718600000| Untracked 
| 184|0x0000000718800000, 0x0000000718800000, 0x0000000718a00000|  0%| F|  |TAMS 0x0000000718800000, 0x0000000718800000| Untracked 
| 185|0x0000000718a00000, 0x0000000718a00000, 0x0000000718c00000|  0%| F|  |TAMS 0x0000000718a00000, 0x0000000718a00000| Untracked 
| 186|0x0000000718c00000, 0x0000000718c00000, 0x0000000718e00000|  0%| F|  |TAMS 0x0000000718c00000, 0x0000000718c00000| Untracked 
| 187|0x0000000718e00000, 0x0000000718e00000, 0x0000000719000000|  0%| F|  |TAMS 0x0000000718e00000, 0x0000000718e00000| Untracked 
| 188|0x0000000719000000, 0x0000000719000000, 0x0000000719200000|  0%| F|  |TAMS 0x0000000719000000, 0x0000000719000000| Untracked 
| 189|0x0000000719200000, 0x0000000719200000, 0x0000000719400000|  0%| F|  |TAMS 0x0000000719200000, 0x0000000719200000| Untracked 
| 190|0x0000000719400000, 0x0000000719400000, 0x0000000719600000|  0%| F|  |TAMS 0x0000000719400000, 0x0000000719400000| Untracked 
| 191|0x0000000719600000, 0x0000000719600000, 0x0000000719800000|  0%| F|  |TAMS 0x0000000719600000, 0x0000000719600000| Untracked 
| 192|0x0000000719800000, 0x0000000719800000, 0x0000000719a00000|  0%| F|  |TAMS 0x0000000719800000, 0x0000000719800000| Untracked 
| 193|0x0000000719a00000, 0x0000000719a00000, 0x0000000719c00000|  0%| F|  |TAMS 0x0000000719a00000, 0x0000000719a00000| Untracked 
| 194|0x0000000719c00000, 0x0000000719c00000, 0x0000000719e00000|  0%| F|  |TAMS 0x0000000719c00000, 0x0000000719c00000| Untracked 
| 195|0x0000000719e00000, 0x0000000719e00000, 0x000000071a000000|  0%| F|  |TAMS 0x0000000719e00000, 0x0000000719e00000| Untracked 
| 196|0x000000071a000000, 0x000000071a000000, 0x000000071a200000|  0%| F|  |TAMS 0x000000071a000000, 0x000000071a000000| Untracked 
| 197|0x000000071a200000, 0x000000071a200000, 0x000000071a400000|  0%| F|  |TAMS 0x000000071a200000, 0x000000071a200000| Untracked 
| 198|0x000000071a400000, 0x000000071a400000, 0x000000071a600000|  0%| F|  |TAMS 0x000000071a400000, 0x000000071a400000| Untracked 
| 199|0x000000071a600000, 0x000000071a600000, 0x000000071a800000|  0%| F|  |TAMS 0x000000071a600000, 0x000000071a600000| Untracked 
| 200|0x000000071a800000, 0x000000071a800000, 0x000000071aa00000|  0%| F|  |TAMS 0x000000071a800000, 0x000000071a800000| Untracked 
| 201|0x000000071aa00000, 0x000000071aa00000, 0x000000071ac00000|  0%| F|  |TAMS 0x000000071aa00000, 0x000000071aa00000| Untracked 
| 202|0x000000071ac00000, 0x000000071ac00000, 0x000000071ae00000|  0%| F|  |TAMS 0x000000071ac00000, 0x000000071ac00000| Untracked 
| 203|0x000000071ae00000, 0x000000071ae00000, 0x000000071b000000|  0%| F|  |TAMS 0x000000071ae00000, 0x000000071ae00000| Untracked 
| 204|0x000000071b000000, 0x000000071b000000, 0x000000071b200000|  0%| F|  |TAMS 0x000000071b000000, 0x000000071b000000| Untracked 
| 205|0x000000071b200000, 0x000000071b200000, 0x000000071b400000|  0%| F|  |TAMS 0x000000071b200000, 0x000000071b200000| Untracked 
| 206|0x000000071b400000, 0x000000071b400000, 0x000000071b600000|  0%| F|  |TAMS 0x000000071b400000, 0x000000071b400000| Untracked 
| 207|0x000000071b600000, 0x000000071b600000, 0x000000071b800000|  0%| F|  |TAMS 0x000000071b600000, 0x000000071b600000| Untracked 
| 208|0x000000071b800000, 0x000000071b800000, 0x000000071ba00000|  0%| F|  |TAMS 0x000000071b800000, 0x000000071b800000| Untracked 
| 209|0x000000071ba00000, 0x000000071ba00000, 0x000000071bc00000|  0%| F|  |TAMS 0x000000071ba00000, 0x000000071ba00000| Untracked 
| 210|0x000000071bc00000, 0x000000071bc00000, 0x000000071be00000|  0%| F|  |TAMS 0x000000071bc00000, 0x000000071bc00000| Untracked 
| 211|0x000000071be00000, 0x000000071be00000, 0x000000071c000000|  0%| F|  |TAMS 0x000000071be00000, 0x000000071be00000| Untracked 
| 212|0x000000071c000000, 0x000000071c000000, 0x000000071c200000|  0%| F|  |TAMS 0x000000071c000000, 0x000000071c000000| Untracked 
| 213|0x000000071c200000, 0x000000071c200000, 0x000000071c400000|  0%| F|  |TAMS 0x000000071c200000, 0x000000071c200000| Untracked 
| 214|0x000000071c400000, 0x000000071c400000, 0x000000071c600000|  0%| F|  |TAMS 0x000000071c400000, 0x000000071c400000| Untracked 
| 215|0x000000071c600000, 0x000000071c600000, 0x000000071c800000|  0%| F|  |TAMS 0x000000071c600000, 0x000000071c600000| Untracked 
| 216|0x000000071c800000, 0x000000071c800000, 0x000000071ca00000|  0%| F|  |TAMS 0x000000071c800000, 0x000000071c800000| Untracked 
| 217|0x000000071ca00000, 0x000000071ca00000, 0x000000071cc00000|  0%| F|  |TAMS 0x000000071ca00000, 0x000000071ca00000| Untracked 
| 218|0x000000071cc00000, 0x000000071cc00000, 0x000000071ce00000|  0%| F|  |TAMS 0x000000071cc00000, 0x000000071cc00000| Untracked 
| 219|0x000000071ce00000, 0x000000071ce00000, 0x000000071d000000|  0%| F|  |TAMS 0x000000071ce00000, 0x000000071ce00000| Untracked 
| 220|0x000000071d000000, 0x000000071d000000, 0x000000071d200000|  0%| F|  |TAMS 0x000000071d000000, 0x000000071d000000| Untracked 
| 221|0x000000071d200000, 0x000000071d200000, 0x000000071d400000|  0%| F|  |TAMS 0x000000071d200000, 0x000000071d200000| Untracked 
| 222|0x000000071d400000, 0x000000071d400000, 0x000000071d600000|  0%| F|  |TAMS 0x000000071d400000, 0x000000071d400000| Untracked 
| 223|0x000000071d600000, 0x000000071d600000, 0x000000071d800000|  0%| F|  |TAMS 0x000000071d600000, 0x000000071d600000| Untracked 
| 224|0x000000071d800000, 0x000000071d800000, 0x000000071da00000|  0%| F|  |TAMS 0x000000071d800000, 0x000000071d800000| Untracked 
| 225|0x000000071da00000, 0x000000071da00000, 0x000000071dc00000|  0%| F|  |TAMS 0x000000071da00000, 0x000000071da00000| Untracked 
| 226|0x000000071dc00000, 0x000000071dc00000, 0x000000071de00000|  0%| F|  |TAMS 0x000000071dc00000, 0x000000071dc00000| Untracked 
| 227|0x000000071de00000, 0x000000071de00000, 0x000000071e000000|  0%| F|  |TAMS 0x000000071de00000, 0x000000071de00000| Untracked 
| 228|0x000000071e000000, 0x000000071e000000, 0x000000071e200000|  0%| F|  |TAMS 0x000000071e000000, 0x000000071e000000| Untracked 
| 229|0x000000071e200000, 0x000000071e200000, 0x000000071e400000|  0%| F|  |TAMS 0x000000071e200000, 0x000000071e200000| Untracked 
| 230|0x000000071e400000, 0x000000071e400000, 0x000000071e600000|  0%| F|  |TAMS 0x000000071e400000, 0x000000071e400000| Untracked 
| 231|0x000000071e600000, 0x000000071e600000, 0x000000071e800000|  0%| F|  |TAMS 0x000000071e600000, 0x000000071e600000| Untracked 
| 232|0x000000071e800000, 0x000000071e800000, 0x000000071ea00000|  0%| F|  |TAMS 0x000000071e800000, 0x000000071e800000| Untracked 
| 233|0x000000071ea00000, 0x000000071ea00000, 0x000000071ec00000|  0%| F|  |TAMS 0x000000071ea00000, 0x000000071ea00000| Untracked 
| 234|0x000000071ec00000, 0x000000071ec00000, 0x000000071ee00000|  0%| F|  |TAMS 0x000000071ec00000, 0x000000071ec00000| Untracked 
| 235|0x000000071ee00000, 0x000000071ee00000, 0x000000071f000000|  0%| F|  |TAMS 0x000000071ee00000, 0x000000071ee00000| Untracked 
| 236|0x000000071f000000, 0x000000071f000000, 0x000000071f200000|  0%| F|  |TAMS 0x000000071f000000, 0x000000071f000000| Untracked 
| 237|0x000000071f200000, 0x000000071f200000, 0x000000071f400000|  0%| F|  |TAMS 0x000000071f200000, 0x000000071f200000| Untracked 
| 238|0x000000071f400000, 0x000000071f400000, 0x000000071f600000|  0%| F|  |TAMS 0x000000071f400000, 0x000000071f400000| Untracked 
| 239|0x000000071f600000, 0x000000071f600000, 0x000000071f800000|  0%| F|  |TAMS 0x000000071f600000, 0x000000071f600000| Untracked 
| 240|0x000000071f800000, 0x000000071f800000, 0x000000071fa00000|  0%| F|  |TAMS 0x000000071f800000, 0x000000071f800000| Untracked 
| 241|0x000000071fa00000, 0x000000071fa00000, 0x000000071fc00000|  0%| F|  |TAMS 0x000000071fa00000, 0x000000071fa00000| Untracked 
| 242|0x000000071fc00000, 0x000000071fc00000, 0x000000071fe00000|  0%| F|  |TAMS 0x000000071fc00000, 0x000000071fc00000| Untracked 
| 243|0x000000071fe00000, 0x000000071fe00000, 0x0000000720000000|  0%| F|  |TAMS 0x000000071fe00000, 0x000000071fe00000| Untracked 
| 244|0x0000000720000000, 0x0000000720000000, 0x0000000720200000|  0%| F|  |TAMS 0x0000000720000000, 0x0000000720000000| Untracked 
| 245|0x0000000720200000, 0x0000000720200000, 0x0000000720400000|  0%| F|  |TAMS 0x0000000720200000, 0x0000000720200000| Untracked 
| 246|0x0000000720400000, 0x0000000720400000, 0x0000000720600000|  0%| F|  |TAMS 0x0000000720400000, 0x0000000720400000| Untracked 
| 247|0x0000000720600000, 0x0000000720600000, 0x0000000720800000|  0%| F|  |TAMS 0x0000000720600000, 0x0000000720600000| Untracked 
| 248|0x0000000720800000, 0x0000000720800000, 0x0000000720a00000|  0%| F|  |TAMS 0x0000000720800000, 0x0000000720800000| Untracked 
| 249|0x0000000720a00000, 0x0000000720a00000, 0x0000000720c00000|  0%| F|  |TAMS 0x0000000720a00000, 0x0000000720a00000| Untracked 
| 250|0x0000000720c00000, 0x0000000720c00000, 0x0000000720e00000|  0%| F|  |TAMS 0x0000000720c00000, 0x0000000720c00000| Untracked 
| 251|0x0000000720e00000, 0x0000000720e00000, 0x0000000721000000|  0%| F|  |TAMS 0x0000000720e00000, 0x0000000720e00000| Untracked 
| 252|0x0000000721000000, 0x0000000721000000, 0x0000000721200000|  0%| F|  |TAMS 0x0000000721000000, 0x0000000721000000| Untracked 
| 253|0x0000000721200000, 0x0000000721200000, 0x0000000721400000|  0%| F|  |TAMS 0x0000000721200000, 0x0000000721200000| Untracked 
| 254|0x0000000721400000, 0x0000000721400000, 0x0000000721600000|  0%| F|  |TAMS 0x0000000721400000, 0x0000000721400000| Untracked 
| 255|0x0000000721600000, 0x0000000721600000, 0x0000000721800000|  0%| F|  |TAMS 0x0000000721600000, 0x0000000721600000| Untracked 
| 256|0x0000000721800000, 0x0000000721800000, 0x0000000721a00000|  0%| F|  |TAMS 0x0000000721800000, 0x0000000721800000| Untracked 
| 257|0x0000000721a00000, 0x0000000721a00000, 0x0000000721c00000|  0%| F|  |TAMS 0x0000000721a00000, 0x0000000721a00000| Untracked 
| 258|0x0000000721c00000, 0x0000000721c00000, 0x0000000721e00000|  0%| F|  |TAMS 0x0000000721c00000, 0x0000000721c00000| Untracked 
| 259|0x0000000721e00000, 0x0000000721e00000, 0x0000000722000000|  0%| F|  |TAMS 0x0000000721e00000, 0x0000000721e00000| Untracked 
| 260|0x0000000722000000, 0x0000000722000000, 0x0000000722200000|  0%| F|  |TAMS 0x0000000722000000, 0x0000000722000000| Untracked 
| 261|0x0000000722200000, 0x0000000722200000, 0x0000000722400000|  0%| F|  |TAMS 0x0000000722200000, 0x0000000722200000| Untracked 
| 262|0x0000000722400000, 0x0000000722400000, 0x0000000722600000|  0%| F|  |TAMS 0x0000000722400000, 0x0000000722400000| Untracked 
| 263|0x0000000722600000, 0x0000000722600000, 0x0000000722800000|  0%| F|  |TAMS 0x0000000722600000, 0x0000000722600000| Untracked 
| 264|0x0000000722800000, 0x0000000722800000, 0x0000000722a00000|  0%| F|  |TAMS 0x0000000722800000, 0x0000000722800000| Untracked 
| 265|0x0000000722a00000, 0x0000000722a00000, 0x0000000722c00000|  0%| F|  |TAMS 0x0000000722a00000, 0x0000000722a00000| Untracked 
| 266|0x0000000722c00000, 0x0000000722c00000, 0x0000000722e00000|  0%| F|  |TAMS 0x0000000722c00000, 0x0000000722c00000| Untracked 
| 267|0x0000000722e00000, 0x0000000722e00000, 0x0000000723000000|  0%| F|  |TAMS 0x0000000722e00000, 0x0000000722e00000| Untracked 
| 268|0x0000000723000000, 0x0000000723000000, 0x0000000723200000|  0%| F|  |TAMS 0x0000000723000000, 0x0000000723000000| Untracked 
| 269|0x0000000723200000, 0x0000000723200000, 0x0000000723400000|  0%| F|  |TAMS 0x0000000723200000, 0x0000000723200000| Untracked 
| 270|0x0000000723400000, 0x0000000723400000, 0x0000000723600000|  0%| F|  |TAMS 0x0000000723400000, 0x0000000723400000| Untracked 
| 271|0x0000000723600000, 0x0000000723600000, 0x0000000723800000|  0%| F|  |TAMS 0x0000000723600000, 0x0000000723600000| Untracked 
| 272|0x0000000723800000, 0x0000000723800000, 0x0000000723a00000|  0%| F|  |TAMS 0x0000000723800000, 0x0000000723800000| Untracked 
| 273|0x0000000723a00000, 0x0000000723a00000, 0x0000000723c00000|  0%| F|  |TAMS 0x0000000723a00000, 0x0000000723a00000| Untracked 
| 274|0x0000000723c00000, 0x0000000723c00000, 0x0000000723e00000|  0%| F|  |TAMS 0x0000000723c00000, 0x0000000723c00000| Untracked 
| 275|0x0000000723e00000, 0x0000000723e00000, 0x0000000724000000|  0%| F|  |TAMS 0x0000000723e00000, 0x0000000723e00000| Untracked 
| 276|0x0000000724000000, 0x0000000724000000, 0x0000000724200000|  0%| F|  |TAMS 0x0000000724000000, 0x0000000724000000| Untracked 
| 277|0x0000000724200000, 0x0000000724200000, 0x0000000724400000|  0%| F|  |TAMS 0x0000000724200000, 0x0000000724200000| Untracked 
| 278|0x0000000724400000, 0x0000000724400000, 0x0000000724600000|  0%| F|  |TAMS 0x0000000724400000, 0x0000000724400000| Untracked 
| 279|0x0000000724600000, 0x0000000724600000, 0x0000000724800000|  0%| F|  |TAMS 0x0000000724600000, 0x0000000724600000| Untracked 
| 280|0x0000000724800000, 0x0000000724800000, 0x0000000724a00000|  0%| F|  |TAMS 0x0000000724800000, 0x0000000724800000| Untracked 
| 281|0x0000000724a00000, 0x0000000724a00000, 0x0000000724c00000|  0%| F|  |TAMS 0x0000000724a00000, 0x0000000724a00000| Untracked 
| 282|0x0000000724c00000, 0x0000000724c00000, 0x0000000724e00000|  0%| F|  |TAMS 0x0000000724c00000, 0x0000000724c00000| Untracked 
| 283|0x0000000724e00000, 0x0000000724e00000, 0x0000000725000000|  0%| F|  |TAMS 0x0000000724e00000, 0x0000000724e00000| Untracked 
| 284|0x0000000725000000, 0x0000000725000000, 0x0000000725200000|  0%| F|  |TAMS 0x0000000725000000, 0x0000000725000000| Untracked 
| 285|0x0000000725200000, 0x0000000725200000, 0x0000000725400000|  0%| F|  |TAMS 0x0000000725200000, 0x0000000725200000| Untracked 
| 286|0x0000000725400000, 0x0000000725400000, 0x0000000725600000|  0%| F|  |TAMS 0x0000000725400000, 0x0000000725400000| Untracked 
| 287|0x0000000725600000, 0x0000000725600000, 0x0000000725800000|  0%| F|  |TAMS 0x0000000725600000, 0x0000000725600000| Untracked 
| 288|0x0000000725800000, 0x0000000725800000, 0x0000000725a00000|  0%| F|  |TAMS 0x0000000725800000, 0x0000000725800000| Untracked 
| 289|0x0000000725a00000, 0x0000000725a00000, 0x0000000725c00000|  0%| F|  |TAMS 0x0000000725a00000, 0x0000000725a00000| Untracked 
| 290|0x0000000725c00000, 0x0000000725c00000, 0x0000000725e00000|  0%| F|  |TAMS 0x0000000725c00000, 0x0000000725c00000| Untracked 
| 291|0x0000000725e00000, 0x0000000725e00000, 0x0000000726000000|  0%| F|  |TAMS 0x0000000725e00000, 0x0000000725e00000| Untracked 
| 292|0x0000000726000000, 0x0000000726000000, 0x0000000726200000|  0%| F|  |TAMS 0x0000000726000000, 0x0000000726000000| Untracked 
| 293|0x0000000726200000, 0x0000000726200000, 0x0000000726400000|  0%| F|  |TAMS 0x0000000726200000, 0x0000000726200000| Untracked 
| 294|0x0000000726400000, 0x0000000726400000, 0x0000000726600000|  0%| F|  |TAMS 0x0000000726400000, 0x0000000726400000| Untracked 
| 295|0x0000000726600000, 0x0000000726600000, 0x0000000726800000|  0%| F|  |TAMS 0x0000000726600000, 0x0000000726600000| Untracked 
| 296|0x0000000726800000, 0x0000000726800000, 0x0000000726a00000|  0%| F|  |TAMS 0x0000000726800000, 0x0000000726800000| Untracked 
| 297|0x0000000726a00000, 0x0000000726a00000, 0x0000000726c00000|  0%| F|  |TAMS 0x0000000726a00000, 0x0000000726a00000| Untracked 
| 298|0x0000000726c00000, 0x0000000726c00000, 0x0000000726e00000|  0%| F|  |TAMS 0x0000000726c00000, 0x0000000726c00000| Untracked 
| 299|0x0000000726e00000, 0x0000000726e00000, 0x0000000727000000|  0%| F|  |TAMS 0x0000000726e00000, 0x0000000726e00000| Untracked 
| 300|0x0000000727000000, 0x0000000727000000, 0x0000000727200000|  0%| F|  |TAMS 0x0000000727000000, 0x0000000727000000| Untracked 
| 301|0x0000000727200000, 0x0000000727200000, 0x0000000727400000|  0%| F|  |TAMS 0x0000000727200000, 0x0000000727200000| Untracked 
| 302|0x0000000727400000, 0x0000000727400000, 0x0000000727600000|  0%| F|  |TAMS 0x0000000727400000, 0x0000000727400000| Untracked 
| 303|0x0000000727600000, 0x0000000727600000, 0x0000000727800000|  0%| F|  |TAMS 0x0000000727600000, 0x0000000727600000| Untracked 
| 304|0x0000000727800000, 0x0000000727800000, 0x0000000727a00000|  0%| F|  |TAMS 0x0000000727800000, 0x0000000727800000| Untracked 
| 305|0x0000000727a00000, 0x0000000727a00000, 0x0000000727c00000|  0%| F|  |TAMS 0x0000000727a00000, 0x0000000727a00000| Untracked 
| 306|0x0000000727c00000, 0x0000000727c00000, 0x0000000727e00000|  0%| F|  |TAMS 0x0000000727c00000, 0x0000000727c00000| Untracked 
| 307|0x0000000727e00000, 0x0000000727e00000, 0x0000000728000000|  0%| F|  |TAMS 0x0000000727e00000, 0x0000000727e00000| Untracked 
| 308|0x0000000728000000, 0x0000000728000000, 0x0000000728200000|  0%| F|  |TAMS 0x0000000728000000, 0x0000000728000000| Untracked 
| 309|0x0000000728200000, 0x0000000728200000, 0x0000000728400000|  0%| F|  |TAMS 0x0000000728200000, 0x0000000728200000| Untracked 
| 310|0x0000000728400000, 0x0000000728400000, 0x0000000728600000|  0%| F|  |TAMS 0x0000000728400000, 0x0000000728400000| Untracked 
| 311|0x0000000728600000, 0x0000000728600000, 0x0000000728800000|  0%| F|  |TAMS 0x0000000728600000, 0x0000000728600000| Untracked 
| 312|0x0000000728800000, 0x0000000728800000, 0x0000000728a00000|  0%| F|  |TAMS 0x0000000728800000, 0x0000000728800000| Untracked 
| 313|0x0000000728a00000, 0x0000000728a00000, 0x0000000728c00000|  0%| F|  |TAMS 0x0000000728a00000, 0x0000000728a00000| Untracked 
| 314|0x0000000728c00000, 0x0000000728c00000, 0x0000000728e00000|  0%| F|  |TAMS 0x0000000728c00000, 0x0000000728c00000| Untracked 
| 315|0x0000000728e00000, 0x0000000728e00000, 0x0000000729000000|  0%| F|  |TAMS 0x0000000728e00000, 0x0000000728e00000| Untracked 
| 316|0x0000000729000000, 0x0000000729000000, 0x0000000729200000|  0%| F|  |TAMS 0x0000000729000000, 0x0000000729000000| Untracked 
| 317|0x0000000729200000, 0x0000000729200000, 0x0000000729400000|  0%| F|  |TAMS 0x0000000729200000, 0x0000000729200000| Untracked 
| 318|0x0000000729400000, 0x0000000729400000, 0x0000000729600000|  0%| F|  |TAMS 0x0000000729400000, 0x0000000729400000| Untracked 
| 319|0x0000000729600000, 0x0000000729600000, 0x0000000729800000|  0%| F|  |TAMS 0x0000000729600000, 0x0000000729600000| Untracked 
| 320|0x0000000729800000, 0x0000000729800000, 0x0000000729a00000|  0%| F|  |TAMS 0x0000000729800000, 0x0000000729800000| Untracked 
| 321|0x0000000729a00000, 0x0000000729a00000, 0x0000000729c00000|  0%| F|  |TAMS 0x0000000729a00000, 0x0000000729a00000| Untracked 
| 322|0x0000000729c00000, 0x0000000729c00000, 0x0000000729e00000|  0%| F|  |TAMS 0x0000000729c00000, 0x0000000729c00000| Untracked 
| 323|0x0000000729e00000, 0x0000000729e00000, 0x000000072a000000|  0%| F|  |TAMS 0x0000000729e00000, 0x0000000729e00000| Untracked 
| 324|0x000000072a000000, 0x000000072a000000, 0x000000072a200000|  0%| F|  |TAMS 0x000000072a000000, 0x000000072a000000| Untracked 
| 325|0x000000072a200000, 0x000000072a200000, 0x000000072a400000|  0%| F|  |TAMS 0x000000072a200000, 0x000000072a200000| Untracked 
| 326|0x000000072a400000, 0x000000072a400000, 0x000000072a600000|  0%| F|  |TAMS 0x000000072a400000, 0x000000072a400000| Untracked 
| 327|0x000000072a600000, 0x000000072a600000, 0x000000072a800000|  0%| F|  |TAMS 0x000000072a600000, 0x000000072a600000| Untracked 
| 328|0x000000072a800000, 0x000000072a800000, 0x000000072aa00000|  0%| F|  |TAMS 0x000000072a800000, 0x000000072a800000| Untracked 
| 329|0x000000072aa00000, 0x000000072aa00000, 0x000000072ac00000|  0%| F|  |TAMS 0x000000072aa00000, 0x000000072aa00000| Untracked 
| 330|0x000000072ac00000, 0x000000072ac00000, 0x000000072ae00000|  0%| F|  |TAMS 0x000000072ac00000, 0x000000072ac00000| Untracked 
| 331|0x000000072ae00000, 0x000000072ae00000, 0x000000072b000000|  0%| F|  |TAMS 0x000000072ae00000, 0x000000072ae00000| Untracked 
| 332|0x000000072b000000, 0x000000072b000000, 0x000000072b200000|  0%| F|  |TAMS 0x000000072b000000, 0x000000072b000000| Untracked 
| 333|0x000000072b200000, 0x000000072b200000, 0x000000072b400000|  0%| F|  |TAMS 0x000000072b200000, 0x000000072b200000| Untracked 
| 334|0x000000072b400000, 0x000000072b400000, 0x000000072b600000|  0%| F|  |TAMS 0x000000072b400000, 0x000000072b400000| Untracked 
| 335|0x000000072b600000, 0x000000072b600000, 0x000000072b800000|  0%| F|  |TAMS 0x000000072b600000, 0x000000072b600000| Untracked 
| 336|0x000000072b800000, 0x000000072b800000, 0x000000072ba00000|  0%| F|  |TAMS 0x000000072b800000, 0x000000072b800000| Untracked 
| 337|0x000000072ba00000, 0x000000072ba00000, 0x000000072bc00000|  0%| F|  |TAMS 0x000000072ba00000, 0x000000072ba00000| Untracked 
| 338|0x000000072bc00000, 0x000000072bc00000, 0x000000072be00000|  0%| F|  |TAMS 0x000000072bc00000, 0x000000072bc00000| Untracked 
| 339|0x000000072be00000, 0x000000072be00000, 0x000000072c000000|  0%| F|  |TAMS 0x000000072be00000, 0x000000072be00000| Untracked 
| 340|0x000000072c000000, 0x000000072c000000, 0x000000072c200000|  0%| F|  |TAMS 0x000000072c000000, 0x000000072c000000| Untracked 
| 341|0x000000072c200000, 0x000000072c200000, 0x000000072c400000|  0%| F|  |TAMS 0x000000072c200000, 0x000000072c200000| Untracked 
| 342|0x000000072c400000, 0x000000072c400000, 0x000000072c600000|  0%| F|  |TAMS 0x000000072c400000, 0x000000072c400000| Untracked 
| 343|0x000000072c600000, 0x000000072c600000, 0x000000072c800000|  0%| F|  |TAMS 0x000000072c600000, 0x000000072c600000| Untracked 
| 344|0x000000072c800000, 0x000000072c800000, 0x000000072ca00000|  0%| F|  |TAMS 0x000000072c800000, 0x000000072c800000| Untracked 
| 345|0x000000072ca00000, 0x000000072ca00000, 0x000000072cc00000|  0%| F|  |TAMS 0x000000072ca00000, 0x000000072ca00000| Untracked 
| 346|0x000000072cc00000, 0x000000072cc00000, 0x000000072ce00000|  0%| F|  |TAMS 0x000000072cc00000, 0x000000072cc00000| Untracked 
| 347|0x000000072ce00000, 0x000000072ce00000, 0x000000072d000000|  0%| F|  |TAMS 0x000000072ce00000, 0x000000072ce00000| Untracked 
| 348|0x000000072d000000, 0x000000072d000000, 0x000000072d200000|  0%| F|  |TAMS 0x000000072d000000, 0x000000072d000000| Untracked 
| 349|0x000000072d200000, 0x000000072d200000, 0x000000072d400000|  0%| F|  |TAMS 0x000000072d200000, 0x000000072d200000| Untracked 
| 350|0x000000072d400000, 0x000000072d400000, 0x000000072d600000|  0%| F|  |TAMS 0x000000072d400000, 0x000000072d400000| Untracked 
| 351|0x000000072d600000, 0x000000072d600000, 0x000000072d800000|  0%| F|  |TAMS 0x000000072d600000, 0x000000072d600000| Untracked 
| 352|0x000000072d800000, 0x000000072d800000, 0x000000072da00000|  0%| F|  |TAMS 0x000000072d800000, 0x000000072d800000| Untracked 
| 353|0x000000072da00000, 0x000000072da00000, 0x000000072dc00000|  0%| F|  |TAMS 0x000000072da00000, 0x000000072da00000| Untracked 
| 354|0x000000072dc00000, 0x000000072dc00000, 0x000000072de00000|  0%| F|  |TAMS 0x000000072dc00000, 0x000000072dc00000| Untracked 
| 355|0x000000072de00000, 0x000000072de00000, 0x000000072e000000|  0%| F|  |TAMS 0x000000072de00000, 0x000000072de00000| Untracked 
| 356|0x000000072e000000, 0x000000072e000000, 0x000000072e200000|  0%| F|  |TAMS 0x000000072e000000, 0x000000072e000000| Untracked 
| 357|0x000000072e200000, 0x000000072e200000, 0x000000072e400000|  0%| F|  |TAMS 0x000000072e200000, 0x000000072e200000| Untracked 
| 358|0x000000072e400000, 0x000000072e400000, 0x000000072e600000|  0%| F|  |TAMS 0x000000072e400000, 0x000000072e400000| Untracked 
| 359|0x000000072e600000, 0x000000072e600000, 0x000000072e800000|  0%| F|  |TAMS 0x000000072e600000, 0x000000072e600000| Untracked 
| 360|0x000000072e800000, 0x000000072e800000, 0x000000072ea00000|  0%| F|  |TAMS 0x000000072e800000, 0x000000072e800000| Untracked 
| 361|0x000000072ea00000, 0x000000072ea00000, 0x000000072ec00000|  0%| F|  |TAMS 0x000000072ea00000, 0x000000072ea00000| Untracked 
| 362|0x000000072ec00000, 0x000000072ec00000, 0x000000072ee00000|  0%| F|  |TAMS 0x000000072ec00000, 0x000000072ec00000| Untracked 
| 363|0x000000072ee00000, 0x000000072ee00000, 0x000000072f000000|  0%| F|  |TAMS 0x000000072ee00000, 0x000000072ee00000| Untracked 
| 364|0x000000072f000000, 0x000000072f000000, 0x000000072f200000|  0%| F|  |TAMS 0x000000072f000000, 0x000000072f000000| Untracked 
| 365|0x000000072f200000, 0x000000072f200000, 0x000000072f400000|  0%| F|  |TAMS 0x000000072f200000, 0x000000072f200000| Untracked 
| 366|0x000000072f400000, 0x000000072f400000, 0x000000072f600000|  0%| F|  |TAMS 0x000000072f400000, 0x000000072f400000| Untracked 
| 367|0x000000072f600000, 0x000000072f600000, 0x000000072f800000|  0%| F|  |TAMS 0x000000072f600000, 0x000000072f600000| Untracked 
| 368|0x000000072f800000, 0x000000072f800000, 0x000000072fa00000|  0%| F|  |TAMS 0x000000072f800000, 0x000000072f800000| Untracked 
| 369|0x000000072fa00000, 0x000000072fa00000, 0x000000072fc00000|  0%| F|  |TAMS 0x000000072fa00000, 0x000000072fa00000| Untracked 
| 370|0x000000072fc00000, 0x000000072fc00000, 0x000000072fe00000|  0%| F|  |TAMS 0x000000072fc00000, 0x000000072fc00000| Untracked 
| 371|0x000000072fe00000, 0x000000072fe00000, 0x0000000730000000|  0%| F|  |TAMS 0x000000072fe00000, 0x000000072fe00000| Untracked 
| 372|0x0000000730000000, 0x0000000730000000, 0x0000000730200000|  0%| F|  |TAMS 0x0000000730000000, 0x0000000730000000| Untracked 
| 373|0x0000000730200000, 0x0000000730200000, 0x0000000730400000|  0%| F|  |TAMS 0x0000000730200000, 0x0000000730200000| Untracked 
| 374|0x0000000730400000, 0x0000000730400000, 0x0000000730600000|  0%| F|  |TAMS 0x0000000730400000, 0x0000000730400000| Untracked 
| 375|0x0000000730600000, 0x0000000730600000, 0x0000000730800000|  0%| F|  |TAMS 0x0000000730600000, 0x0000000730600000| Untracked 
| 376|0x0000000730800000, 0x0000000730800000, 0x0000000730a00000|  0%| F|  |TAMS 0x0000000730800000, 0x0000000730800000| Untracked 
| 377|0x0000000730a00000, 0x0000000730a00000, 0x0000000730c00000|  0%| F|  |TAMS 0x0000000730a00000, 0x0000000730a00000| Untracked 
| 378|0x0000000730c00000, 0x0000000730c00000, 0x0000000730e00000|  0%| F|  |TAMS 0x0000000730c00000, 0x0000000730c00000| Untracked 
| 379|0x0000000730e00000, 0x0000000730e00000, 0x0000000731000000|  0%| F|  |TAMS 0x0000000730e00000, 0x0000000730e00000| Untracked 
| 380|0x0000000731000000, 0x0000000731000000, 0x0000000731200000|  0%| F|  |TAMS 0x0000000731000000, 0x0000000731000000| Untracked 
| 381|0x0000000731200000, 0x0000000731200000, 0x0000000731400000|  0%| F|  |TAMS 0x0000000731200000, 0x0000000731200000| Untracked 
| 382|0x0000000731400000, 0x0000000731400000, 0x0000000731600000|  0%| F|  |TAMS 0x0000000731400000, 0x0000000731400000| Untracked 
| 383|0x0000000731600000, 0x0000000731600000, 0x0000000731800000|  0%| F|  |TAMS 0x0000000731600000, 0x0000000731600000| Untracked 
| 384|0x0000000731800000, 0x0000000731800000, 0x0000000731a00000|  0%| F|  |TAMS 0x0000000731800000, 0x0000000731800000| Untracked 
| 385|0x0000000731a00000, 0x0000000731a00000, 0x0000000731c00000|  0%| F|  |TAMS 0x0000000731a00000, 0x0000000731a00000| Untracked 
| 386|0x0000000731c00000, 0x0000000731c00000, 0x0000000731e00000|  0%| F|  |TAMS 0x0000000731c00000, 0x0000000731c00000| Untracked 
| 387|0x0000000731e00000, 0x0000000731e00000, 0x0000000732000000|  0%| F|  |TAMS 0x0000000731e00000, 0x0000000731e00000| Untracked 
| 388|0x0000000732000000, 0x0000000732000000, 0x0000000732200000|  0%| F|  |TAMS 0x0000000732000000, 0x0000000732000000| Untracked 
| 389|0x0000000732200000, 0x0000000732200000, 0x0000000732400000|  0%| F|  |TAMS 0x0000000732200000, 0x0000000732200000| Untracked 
| 390|0x0000000732400000, 0x0000000732400000, 0x0000000732600000|  0%| F|  |TAMS 0x0000000732400000, 0x0000000732400000| Untracked 
| 391|0x0000000732600000, 0x0000000732600000, 0x0000000732800000|  0%| F|  |TAMS 0x0000000732600000, 0x0000000732600000| Untracked 
| 392|0x0000000732800000, 0x0000000732800000, 0x0000000732a00000|  0%| F|  |TAMS 0x0000000732800000, 0x0000000732800000| Untracked 
| 393|0x0000000732a00000, 0x0000000732a00000, 0x0000000732c00000|  0%| F|  |TAMS 0x0000000732a00000, 0x0000000732a00000| Untracked 
| 394|0x0000000732c00000, 0x0000000732c00000, 0x0000000732e00000|  0%| F|  |TAMS 0x0000000732c00000, 0x0000000732c00000| Untracked 
| 395|0x0000000732e00000, 0x0000000732e00000, 0x0000000733000000|  0%| F|  |TAMS 0x0000000732e00000, 0x0000000732e00000| Untracked 
| 396|0x0000000733000000, 0x0000000733000000, 0x0000000733200000|  0%| F|  |TAMS 0x0000000733000000, 0x0000000733000000| Untracked 
| 397|0x0000000733200000, 0x0000000733200000, 0x0000000733400000|  0%| F|  |TAMS 0x0000000733200000, 0x0000000733200000| Untracked 
| 398|0x0000000733400000, 0x0000000733400000, 0x0000000733600000|  0%| F|  |TAMS 0x0000000733400000, 0x0000000733400000| Untracked 
| 399|0x0000000733600000, 0x0000000733600000, 0x0000000733800000|  0%| F|  |TAMS 0x0000000733600000, 0x0000000733600000| Untracked 
| 400|0x0000000733800000, 0x0000000733800000, 0x0000000733a00000|  0%| F|  |TAMS 0x0000000733800000, 0x0000000733800000| Untracked 
| 401|0x0000000733a00000, 0x0000000733a00000, 0x0000000733c00000|  0%| F|  |TAMS 0x0000000733a00000, 0x0000000733a00000| Untracked 
| 402|0x0000000733c00000, 0x0000000733c00000, 0x0000000733e00000|  0%| F|  |TAMS 0x0000000733c00000, 0x0000000733c00000| Untracked 
| 403|0x0000000733e00000, 0x0000000733e00000, 0x0000000734000000|  0%| F|  |TAMS 0x0000000733e00000, 0x0000000733e00000| Untracked 
| 404|0x0000000734000000, 0x0000000734000000, 0x0000000734200000|  0%| F|  |TAMS 0x0000000734000000, 0x0000000734000000| Untracked 
| 405|0x0000000734200000, 0x0000000734200000, 0x0000000734400000|  0%| F|  |TAMS 0x0000000734200000, 0x0000000734200000| Untracked 
| 406|0x0000000734400000, 0x0000000734400000, 0x0000000734600000|  0%| F|  |TAMS 0x0000000734400000, 0x0000000734400000| Untracked 
| 407|0x0000000734600000, 0x0000000734600000, 0x0000000734800000|  0%| F|  |TAMS 0x0000000734600000, 0x0000000734600000| Untracked 
| 408|0x0000000734800000, 0x0000000734800000, 0x0000000734a00000|  0%| F|  |TAMS 0x0000000734800000, 0x0000000734800000| Untracked 
| 409|0x0000000734a00000, 0x0000000734a00000, 0x0000000734c00000|  0%| F|  |TAMS 0x0000000734a00000, 0x0000000734a00000| Untracked 
| 410|0x0000000734c00000, 0x0000000734c00000, 0x0000000734e00000|  0%| F|  |TAMS 0x0000000734c00000, 0x0000000734c00000| Untracked 
| 411|0x0000000734e00000, 0x0000000734e00000, 0x0000000735000000|  0%| F|  |TAMS 0x0000000734e00000, 0x0000000734e00000| Untracked 
| 412|0x0000000735000000, 0x0000000735038898, 0x0000000735200000| 11%| S|CS|TAMS 0x0000000735000000, 0x0000000735000000| Complete 
| 413|0x0000000735200000, 0x0000000735400000, 0x0000000735400000|100%| S|CS|TAMS 0x0000000735200000, 0x0000000735200000| Complete 
| 414|0x0000000735400000, 0x0000000735400000, 0x0000000735600000|  0%| F|  |TAMS 0x0000000735400000, 0x0000000735400000| Untracked 
| 415|0x0000000735600000, 0x0000000735600000, 0x0000000735800000|  0%| F|  |TAMS 0x0000000735600000, 0x0000000735600000| Untracked 
| 416|0x0000000735800000, 0x0000000735800000, 0x0000000735a00000|  0%| F|  |TAMS 0x0000000735800000, 0x0000000735800000| Untracked 
| 417|0x0000000735a00000, 0x0000000735a00000, 0x0000000735c00000|  0%| F|  |TAMS 0x0000000735a00000, 0x0000000735a00000| Untracked 
| 418|0x0000000735c00000, 0x0000000735c00000, 0x0000000735e00000|  0%| F|  |TAMS 0x0000000735c00000, 0x0000000735c00000| Untracked 
| 419|0x0000000735e00000, 0x0000000735e00000, 0x0000000736000000|  0%| F|  |TAMS 0x0000000735e00000, 0x0000000735e00000| Untracked 
| 420|0x0000000736000000, 0x0000000736000000, 0x0000000736200000|  0%| F|  |TAMS 0x0000000736000000, 0x0000000736000000| Untracked 
| 421|0x0000000736200000, 0x0000000736200000, 0x0000000736400000|  0%| F|  |TAMS 0x0000000736200000, 0x0000000736200000| Untracked 
| 422|0x0000000736400000, 0x0000000736400000, 0x0000000736600000|  0%| F|  |TAMS 0x0000000736400000, 0x0000000736400000| Untracked 
| 423|0x0000000736600000, 0x0000000736600000, 0x0000000736800000|  0%| F|  |TAMS 0x0000000736600000, 0x0000000736600000| Untracked 
| 424|0x0000000736800000, 0x0000000736800000, 0x0000000736a00000|  0%| F|  |TAMS 0x0000000736800000, 0x0000000736800000| Untracked 
| 425|0x0000000736a00000, 0x0000000736a00000, 0x0000000736c00000|  0%| F|  |TAMS 0x0000000736a00000, 0x0000000736a00000| Untracked 
| 426|0x0000000736c00000, 0x0000000736c00000, 0x0000000736e00000|  0%| F|  |TAMS 0x0000000736c00000, 0x0000000736c00000| Untracked 
| 427|0x0000000736e00000, 0x0000000736e00000, 0x0000000737000000|  0%| F|  |TAMS 0x0000000736e00000, 0x0000000736e00000| Untracked 
| 428|0x0000000737000000, 0x0000000737000000, 0x0000000737200000|  0%| F|  |TAMS 0x0000000737000000, 0x0000000737000000| Untracked 
| 429|0x0000000737200000, 0x0000000737200000, 0x0000000737400000|  0%| F|  |TAMS 0x0000000737200000, 0x0000000737200000| Untracked 
| 430|0x0000000737400000, 0x0000000737400000, 0x0000000737600000|  0%| F|  |TAMS 0x0000000737400000, 0x0000000737400000| Untracked 
| 431|0x0000000737600000, 0x0000000737600000, 0x0000000737800000|  0%| F|  |TAMS 0x0000000737600000, 0x0000000737600000| Untracked 
| 432|0x0000000737800000, 0x0000000737800000, 0x0000000737a00000|  0%| F|  |TAMS 0x0000000737800000, 0x0000000737800000| Untracked 
| 433|0x0000000737a00000, 0x0000000737a00000, 0x0000000737c00000|  0%| F|  |TAMS 0x0000000737a00000, 0x0000000737a00000| Untracked 
| 434|0x0000000737c00000, 0x0000000737c00000, 0x0000000737e00000|  0%| F|  |TAMS 0x0000000737c00000, 0x0000000737c00000| Untracked 
| 435|0x0000000737e00000, 0x0000000737e00000, 0x0000000738000000|  0%| F|  |TAMS 0x0000000737e00000, 0x0000000737e00000| Untracked 
| 436|0x0000000738000000, 0x0000000738000000, 0x0000000738200000|  0%| F|  |TAMS 0x0000000738000000, 0x0000000738000000| Untracked 
| 437|0x0000000738200000, 0x0000000738200000, 0x0000000738400000|  0%| F|  |TAMS 0x0000000738200000, 0x0000000738200000| Untracked 
| 438|0x0000000738400000, 0x0000000738400000, 0x0000000738600000|  0%| F|  |TAMS 0x0000000738400000, 0x0000000738400000| Untracked 
| 439|0x0000000738600000, 0x0000000738600000, 0x0000000738800000|  0%| F|  |TAMS 0x0000000738600000, 0x0000000738600000| Untracked 
| 440|0x0000000738800000, 0x0000000738800000, 0x0000000738a00000|  0%| F|  |TAMS 0x0000000738800000, 0x0000000738800000| Untracked 
| 441|0x0000000738a00000, 0x0000000738bff9f0, 0x0000000738c00000| 99%| E|  |TAMS 0x0000000738a00000, 0x0000000738a00000| Complete 
| 442|0x0000000738c00000, 0x0000000738e00000, 0x0000000738e00000|100%| E|CS|TAMS 0x0000000738c00000, 0x0000000738c00000| Complete 
| 443|0x0000000738e00000, 0x0000000739000000, 0x0000000739000000|100%| E|CS|TAMS 0x0000000738e00000, 0x0000000738e00000| Complete 
| 444|0x0000000739000000, 0x0000000739200000, 0x0000000739200000|100%| E|CS|TAMS 0x0000000739000000, 0x0000000739000000| Complete 
| 445|0x0000000739200000, 0x0000000739400000, 0x0000000739400000|100%| E|CS|TAMS 0x0000000739200000, 0x0000000739200000| Complete 
| 446|0x0000000739400000, 0x0000000739600000, 0x0000000739600000|100%| E|CS|TAMS 0x0000000739400000, 0x0000000739400000| Complete 
| 447|0x0000000739600000, 0x0000000739800000, 0x0000000739800000|100%| E|CS|TAMS 0x0000000739600000, 0x0000000739600000| Complete 
| 448|0x0000000739800000, 0x0000000739a00000, 0x0000000739a00000|100%| E|CS|TAMS 0x0000000739800000, 0x0000000739800000| Complete 
| 449|0x0000000739a00000, 0x0000000739c00000, 0x0000000739c00000|100%| E|CS|TAMS 0x0000000739a00000, 0x0000000739a00000| Complete 
| 450|0x0000000739c00000, 0x0000000739e00000, 0x0000000739e00000|100%| E|CS|TAMS 0x0000000739c00000, 0x0000000739c00000| Complete 
| 451|0x0000000739e00000, 0x000000073a000000, 0x000000073a000000|100%| E|CS|TAMS 0x0000000739e00000, 0x0000000739e00000| Complete 
| 452|0x000000073a000000, 0x000000073a200000, 0x000000073a200000|100%| E|CS|TAMS 0x000000073a000000, 0x000000073a000000| Complete 
| 453|0x000000073a200000, 0x000000073a400000, 0x000000073a400000|100%| E|CS|TAMS 0x000000073a200000, 0x000000073a200000| Complete 

Card table byte_map: [0x000001816aac0000,0x000001816b2c0000] _byte_map_base: 0x00000181672b4000

Marking Bits (Prev, Next): (CMBitMap*) 0x0000018152f7ccf0, (CMBitMap*) 0x0000018152f7cd30
 Prev Bits: [0x000001816bac0000, 0x000001816fa60000)
 Next Bits: [0x000001816fa60000, 0x0000018173a00000)

Polling page: 0x00000181492d0000

Metaspace:

Usage:
  Non-class:     99.46 MB used.
      Class:     16.53 MB used.
       Both:    115.99 MB used.

Virtual space:
  Non-class space:      128.00 MB reserved,      99.69 MB ( 78%) committed,  2 nodes.
      Class space:        1.00 GB reserved,      16.81 MB (  2%) committed,  1 nodes.
             Both:        1.12 GB reserved,     116.50 MB ( 10%) committed. 

Chunk freelists:
   Non-Class:  12.02 MB
       Class:  15.25 MB
        Both:  27.27 MB

MaxMetaspaceSize: unlimited
CompressedClassSpaceSize: 1.00 GB
Initial GC threshold: 21.00 MB
Current GC threshold: 194.06 MB
CDS: on
MetaspaceReclaimPolicy: balanced
 - commit_granule_bytes: 65536.
 - commit_granule_words: 8192.
 - virtual_space_node_default_size: 8388608.
 - enlarge_chunks_in_place: 1.
 - new_chunks_are_fully_committed: 0.
 - uncommit_free_chunks: 1.
 - use_allocation_guard: 0.
 - handle_deallocations: 1.


Internal statistics:

num_allocs_failed_limit: 12.
num_arena_births: 1612.
num_arena_deaths: 1072.
num_vsnodes_births: 3.
num_vsnodes_deaths: 0.
num_space_committed: 1858.
num_space_uncommitted: 0.
num_chunks_returned_to_freelist: 1301.
num_chunks_taken_from_freelist: 5345.
num_chunk_merges: 505.
num_chunk_splits: 3743.
num_chunks_enlarged: 2867.
num_inconsistent_stats: 0.

CodeHeap 'non-profiled nmethods': size=119168Kb used=42071Kb max_used=42414Kb free=77096Kb
 bounds [0x0000018162e60000, 0x00000181657e0000, 0x000001816a2c0000]
CodeHeap 'profiled nmethods': size=119104Kb used=57045Kb max_used=57973Kb free=62058Kb
 bounds [0x000001815b2c0000, 0x000001815ebf0000, 0x0000018162710000]
CodeHeap 'non-nmethods': size=7488Kb used=1890Kb max_used=3620Kb free=5597Kb
 bounds [0x0000018162710000, 0x0000018162aa0000, 0x0000018162e60000]
 total_blobs=29790 nmethods=28418 adapters=1278
 compilation: enabled
              stopped_count=0, restarted_count=0
 full_count=0

Compilation events (20 events):
Event: 26857.098 Thread 0x000001815324a180 nmethod 39562 0x000001815e4a4990 code [0x000001815e4a4d60, 0x000001815e4a7678]
Event: 26857.220 Thread 0x000001815324a180 39563       1       ui.dlg.S.n::toString (5 bytes)
Event: 26857.220 Thread 0x000001815324a180 nmethod 39563 0x0000018165778890 code [0x0000018165778a20, 0x0000018165778af8]
Event: 26857.227 Thread 0x000001815324a180 39566       1       sun.awt.SunToolkit::getFocusAcceleratorKeyMask (3 bytes)
Event: 26857.227 Thread 0x000001815324a180 nmethod 39566 0x00000181649a1c90 code [0x00000181649a1e20, 0x00000181649a1ef8]
Event: 26857.227 Thread 0x000001815324a180 39565       3       javax.swing.plaf.basic.BasicLookAndFeel::getFocusAcceleratorKeyMask (22 bytes)
Event: 26857.228 Thread 0x000001815324a180 nmethod 39565 0x000001815cb4eb10 code [0x000001815cb4ece0, 0x000001815cb4f148]
Event: 26857.232 Thread 0x000001815324a180 39567   !   3       de.javasoft.plaf.synthetica.StyleFactory$22::propertyChange (162 bytes)
Event: 26857.233 Thread 0x000001815324a180 nmethod 39567 0x000001815ba2c790 code [0x000001815ba2cae0, 0x000001815ba2dff8]
Event: 26857.233 Thread 0x000001815324a180 39568       3       javax.swing.plaf.basic.BasicButtonListener::updateMnemonicBinding (130 bytes)
Event: 26857.233 Thread 0x0000018143871340 39564       4       javax.swing.plaf.synth.SynthRootPaneUI::getContext (10 bytes)
Event: 26857.234 Thread 0x000001815324a180 nmethod 39568 0x000001815c61bf90 code [0x000001815c61c340, 0x000001815c61e0b8]
Event: 26857.252 Thread 0x0000018143871340 nmethod 39564 0x0000018165719310 code [0x00000181657194e0, 0x0000018165719f48]
Event: 26857.252 Thread 0x0000018143871340 39557       4       ui.utils.lnf.HSyntheticaJideButtonUI::installDefaults (17 bytes)
Event: 26857.254 Thread 0x0000018143871340 nmethod 39557 0x00000181645b2390 code [0x00000181645b2520, 0x00000181645b26e8]
Event: 26857.255 Thread 0x0000018143871340 39559       4       com.jidesoft.plaf.basic.LazyActionMap::installLazyActionMap (36 bytes)
Event: 26857.262 Thread 0x0000018143871340 nmethod 39559 0x00000181631dd290 code [0x00000181631dd440, 0x00000181631dd8c8]
Event: 26857.263 Thread 0x0000018143871340 39560       4       com.jidesoft.plaf.basic.BasicJideButtonListener::getInputMap (55 bytes)
Event: 26857.267 Thread 0x0000018143871340 nmethod 39560 0x000001816419b910 code [0x000001816419bac0, 0x000001816419bda8]
Event: 26857.267 Thread 0x0000018143871340 39569       4       javax.swing.AbstractButton::setUIProperty (139 bytes)

GC Heap History (20 events):
Event: 24813.254 GC heap before
{Heap before GC invocations=1027 (full 58):
 garbage-first heap   total 929792K, used 368879K [0x0000000701800000, 0x0000000800000000)
  region size 2048K, 40 young (81920K), 1 survivors (2048K)
 Metaspace       used 118715K, committed 119232K, reserved 1179648K
  class space    used 16916K, committed 17216K, reserved 1048576K
}
Event: 24813.256 GC heap after
{Heap after GC invocations=1028 (full 58):
 garbage-first heap   total 929792K, used 289007K [0x0000000701800000, 0x0000000800000000)
  region size 2048K, 1 young (2048K), 1 survivors (2048K)
 Metaspace       used 118715K, committed 119232K, reserved 1179648K
  class space    used 16916K, committed 17216K, reserved 1048576K
}
Event: 24870.539 GC heap before
{Heap before GC invocations=1028 (full 58):
 garbage-first heap   total 929792K, used 368879K [0x0000000701800000, 0x0000000800000000)
  region size 2048K, 40 young (81920K), 1 survivors (2048K)
 Metaspace       used 118715K, committed 119232K, reserved 1179648K
  class space    used 16916K, committed 17216K, reserved 1048576K
}
Event: 24870.541 GC heap after
{Heap after GC invocations=1029 (full 58):
 garbage-first heap   total 929792K, used 288998K [0x0000000701800000, 0x0000000800000000)
  region size 2048K, 1 young (2048K), 1 survivors (2048K)
 Metaspace       used 118715K, committed 119232K, reserved 1179648K
  class space    used 16916K, committed 17216K, reserved 1048576K
}
Event: 24927.528 GC heap before
{Heap before GC invocations=1029 (full 58):
 garbage-first heap   total 929792K, used 368870K [0x0000000701800000, 0x0000000800000000)
  region size 2048K, 40 young (81920K), 1 survivors (2048K)
 Metaspace       used 118715K, committed 119232K, reserved 1179648K
  class space    used 16916K, committed 17216K, reserved 1048576K
}
Event: 24927.529 GC heap after
{Heap after GC invocations=1030 (full 58):
 garbage-first heap   total 929792K, used 288999K [0x0000000701800000, 0x0000000800000000)
  region size 2048K, 1 young (2048K), 1 survivors (2048K)
 Metaspace       used 118715K, committed 119232K, reserved 1179648K
  class space    used 16916K, committed 17216K, reserved 1048576K
}
Event: 24984.648 GC heap before
{Heap before GC invocations=1030 (full 58):
 garbage-first heap   total 929792K, used 368871K [0x0000000701800000, 0x0000000800000000)
  region size 2048K, 40 young (81920K), 1 survivors (2048K)
 Metaspace       used 118715K, committed 119232K, reserved 1179648K
  class space    used 16916K, committed 17216K, reserved 1048576K
}
Event: 24984.650 GC heap after
{Heap after GC invocations=1031 (full 58):
 garbage-first heap   total 929792K, used 288990K [0x0000000701800000, 0x0000000800000000)
  region size 2048K, 1 young (2048K), 1 survivors (2048K)
 Metaspace       used 118715K, committed 119232K, reserved 1179648K
  class space    used 16916K, committed 17216K, reserved 1048576K
}
Event: 25021.962 GC heap before
{Heap before GC invocations=1031 (full 58):
 garbage-first heap   total 929792K, used 356574K [0x0000000701800000, 0x0000000800000000)
  region size 2048K, 36 young (73728K), 1 survivors (2048K)
 Metaspace       used 118715K, committed 119232K, reserved 1179648K
  class space    used 16916K, committed 17216K, reserved 1048576K
}
Event: 25022.084 GC heap after
{Heap after GC invocations=1032 (full 59):
 garbage-first heap   total 929792K, used 282923K [0x0000000701800000, 0x0000000800000000)
  region size 2048K, 0 young (0K), 0 survivors (0K)
 Metaspace       used 118715K, committed 119232K, reserved 1179648K
  class space    used 16916K, committed 17216K, reserved 1048576K
}
Event: 25080.795 GC heap before
{Heap before GC invocations=1032 (full 59):
 garbage-first heap   total 929792K, used 364843K [0x0000000701800000, 0x0000000800000000)
  region size 2048K, 40 young (81920K), 0 survivors (0K)
 Metaspace       used 118715K, committed 119232K, reserved 1179648K
  class space    used 16916K, committed 17216K, reserved 1048576K
}
Event: 25080.796 GC heap after
{Heap after GC invocations=1033 (full 59):
 garbage-first heap   total 929792K, used 283276K [0x0000000701800000, 0x0000000800000000)
  region size 2048K, 1 young (2048K), 1 survivors (2048K)
 Metaspace       used 118715K, committed 119232K, reserved 1179648K
  class space    used 16916K, committed 17216K, reserved 1048576K
}
Event: 25138.475 GC heap before
{Heap before GC invocations=1033 (full 59):
 garbage-first heap   total 929792K, used 363148K [0x0000000701800000, 0x0000000800000000)
  region size 2048K, 40 young (81920K), 1 survivors (2048K)
 Metaspace       used 118715K, committed 119232K, reserved 1179648K
  class space    used 16916K, committed 17216K, reserved 1048576K
}
Event: 25138.477 GC heap after
{Heap after GC invocations=1034 (full 59):
 garbage-first heap   total 929792K, used 283268K [0x0000000701800000, 0x0000000800000000)
  region size 2048K, 1 young (2048K), 1 survivors (2048K)
 Metaspace       used 118715K, committed 119232K, reserved 1179648K
  class space    used 16916K, committed 17216K, reserved 1048576K
}
Event: 25189.576 GC heap before
{Heap before GC invocations=1034 (full 59):
 garbage-first heap   total 929792K, used 361092K [0x0000000701800000, 0x0000000800000000)
  region size 2048K, 40 young (81920K), 1 survivors (2048K)
 Metaspace       used 118715K, committed 119232K, reserved 1179648K
  class space    used 16916K, committed 17216K, reserved 1048576K
}
Event: 25189.577 GC heap after
{Heap after GC invocations=1035 (full 59):
 garbage-first heap   total 929792K, used 283320K [0x0000000701800000, 0x0000000800000000)
  region size 2048K, 1 young (2048K), 1 survivors (2048K)
 Metaspace       used 118715K, committed 119232K, reserved 1179648K
  class space    used 16916K, committed 17216K, reserved 1048576K
}
Event: 26854.460 GC heap before
{Heap before GC invocations=1035 (full 59):
 garbage-first heap   total 929792K, used 318136K [0x0000000701800000, 0x0000000800000000)
  region size 2048K, 19 young (38912K), 1 survivors (2048K)
 Metaspace       used 118719K, committed 119232K, reserved 1179648K
  class space    used 16917K, committed 17216K, reserved 1048576K
}
Event: 26854.709 GC heap after
{Heap after GC invocations=1036 (full 60):
 garbage-first heap   total 929792K, used 282641K [0x0000000701800000, 0x0000000800000000)
  region size 2048K, 0 young (0K), 0 survivors (0K)
 Metaspace       used 118719K, committed 119232K, reserved 1179648K
  class space    used 16917K, committed 17216K, reserved 1048576K
}
Event: 26856.769 GC heap before
{Heap before GC invocations=1036 (full 60):
 garbage-first heap   total 929792K, used 364561K [0x0000000701800000, 0x0000000800000000)
  region size 2048K, 40 young (81920K), 0 survivors (0K)
 Metaspace       used 118771K, committed 119296K, reserved 1179648K
  class space    used 16929K, committed 17216K, reserved 1048576K
}
Event: 26856.773 GC heap after
{Heap after GC invocations=1037 (full 60):
 garbage-first heap   total 929792K, used 284915K [0x0000000701800000, 0x0000000800000000)
  region size 2048K, 2 young (4096K), 2 survivors (4096K)
 Metaspace       used 118771K, committed 119296K, reserved 1179648K
  class space    used 16929K, committed 17216K, reserved 1048576K
}

Dll operation events (20 events):
Event: 0.798 Loaded shared library E:\Xilinx\Vivado\2023.2\lib\win64.o\librdi_vivadotasks.dll
Event: 0.798 Loaded shared library E:\Xilinx\Vivado\2023.2\lib\win64.o\librdi_board.dll
Event: 0.799 Loaded shared library E:\Xilinx\Vivado\2023.2\lib\win64.o\librdi_boarddep.dll
Event: 0.800 Loaded shared library E:\Xilinx\Vivado\2023.2\lib\win64.o\librdi_boardcommontasks.dll
Event: 0.800 Loaded shared library E:\Xilinx\Vivado\2023.2\lib\win64.o\librdi_ptgen.dll
Event: 0.801 Loaded shared library E:\Xilinx\Vivado\2023.2\lib\win64.o\librdi_ip.dll
Event: 0.802 Loaded shared library E:\Xilinx\Vivado\2023.2\lib\win64.o\librdi_mig.dll
Event: 0.803 Loaded shared library E:\Xilinx\Vivado\2023.2\lib\win64.o\librdi_implflow.dll
Event: 0.803 Loaded shared library E:\Xilinx\Vivado\2023.2\lib\win64.o\librdi_xhubtasks.dll
Event: 0.806 Loaded shared library E:\Xilinx\Vivado\2023.2\lib\win64.o\librdi_iptasks.dll
Event: 0.806 Loaded shared library E:\Xilinx\Vivado\2023.2\lib\win64.o\librdi_synth.dll
Event: 2.013 Loaded shared library E:\Xilinx\Vivado\2023.2\tps\win64\jre17.0.7_7\bin\verify.dll
Event: 2.247 Loaded shared library E:\Xilinx\Vivado\2023.2\tps\win64\jre17.0.7_7\bin\javajpeg.dll
Event: 2.252 Loaded shared library E:\Xilinx\Vivado\2023.2\tps\win64\jre17.0.7_7\bin\lcms.dll
Event: 2.563 Loaded shared library E:\Xilinx\Vivado\2023.2\tps\win64\jre17.0.7_7\bin\freetype.dll
Event: 2.564 Loaded shared library E:\Xilinx\Vivado\2023.2\tps\win64\jre17.0.7_7\bin\fontmanager.dll
Event: 6.760 Loaded shared library E:\Xilinx\Vivado\2023.2\lib\win64.o\librdi_xhub.dll
Event: 12.755 Loaded shared library E:\Xilinx\Vivado\2023.2\tps\win64\jre17.0.7_7\bin\management.dll
Event: 12.757 Loaded shared library E:\Xilinx\Vivado\2023.2\tps\win64\jre17.0.7_7\bin\management_ext.dll
Event: 4819.827 Loaded shared library E:\Xilinx\Vivado\2023.2\lib\win64.o\nlview.dll

Deoptimization events (20 events):
Event: 26856.934 Thread 0x0000018149340fe0 Uncommon trap: trap_request=0xffffff45 fr.pc=0x00000181633620e4 relative=0x0000000000000064
Event: 26856.934 Thread 0x0000018149340fe0 Uncommon trap: reason=unstable_if action=reinterpret pc=0x00000181633620e4 method=com.jidesoft.plaf.basic.BasicJideTabbedPaneUI.getTextViewForTab(I)Ljavax/swing/text/View; @ 4 c2
Event: 26856.934 Thread 0x0000018149340fe0 DEOPT PACKING pc=0x00000181633620e4 sp=0x000000569b7fd850
Event: 26856.934 Thread 0x0000018149340fe0 DEOPT UNPACKING pc=0x00000181627669a3 sp=0x000000569b7fd7f0 mode 2
Event: 26856.934 Thread 0x0000018149340fe0 Uncommon trap: trap_request=0xffffff45 fr.pc=0x000001816400d12c relative=0x000000000000190c
Event: 26856.934 Thread 0x0000018149340fe0 Uncommon trap: reason=unstable_if action=reinterpret pc=0x000001816400d12c method=com.jidesoft.plaf.basic.BasicJideTabbedPaneUI.getTextViewForTab(I)Ljavax/swing/text/View; @ 4 c2
Event: 26856.934 Thread 0x0000018149340fe0 DEOPT PACKING pc=0x000001816400d12c sp=0x000000569b7fd8f0
Event: 26856.934 Thread 0x0000018149340fe0 DEOPT UNPACKING pc=0x00000181627669a3 sp=0x000000569b7fd808 mode 2
Event: 26856.937 Thread 0x0000018149340fe0 Uncommon trap: trap_request=0xffffff45 fr.pc=0x000001816542e7f8 relative=0x00000000000012b8
Event: 26856.937 Thread 0x0000018149340fe0 Uncommon trap: reason=unstable_if action=reinterpret pc=0x000001816542e7f8 method=java.awt.Font.deriveFont(I)Ljava/awt/Font; @ 4 c2
Event: 26856.937 Thread 0x0000018149340fe0 DEOPT PACKING pc=0x000001816542e7f8 sp=0x000000569b7fd520
Event: 26856.937 Thread 0x0000018149340fe0 DEOPT UNPACKING pc=0x00000181627669a3 sp=0x000000569b7fd3f8 mode 2
Event: 26857.210 Thread 0x0000018149340fe0 Uncommon trap: trap_request=0xffffff45 fr.pc=0x000001816386eed4 relative=0x0000000000000314
Event: 26857.210 Thread 0x0000018149340fe0 Uncommon trap: reason=unstable_if action=reinterpret pc=0x000001816386eed4 method=de.javasoft.plaf.synthetica.StyleFactory.installFocusListener(Ljava/awt/Component;)V @ 4 c2
Event: 26857.210 Thread 0x0000018149340fe0 DEOPT PACKING pc=0x000001816386eed4 sp=0x000000569b7fde80
Event: 26857.210 Thread 0x0000018149340fe0 DEOPT UNPACKING pc=0x00000181627669a3 sp=0x000000569b7fde20 mode 2
Event: 26857.213 Thread 0x0000018149340fe0 Uncommon trap: trap_request=0xffffffde fr.pc=0x00000181633f6164 relative=0x0000000000000ce4
Event: 26857.214 Thread 0x0000018149340fe0 Uncommon trap: reason=class_check action=maybe_recompile pc=0x00000181633f6164 method=javax.swing.SwingUtilities.getUIInputMap(Ljavax/swing/JComponent;I)Ljavax/swing/InputMap; @ 17 c2
Event: 26857.214 Thread 0x0000018149340fe0 DEOPT PACKING pc=0x00000181633f6164 sp=0x000000569b7fe1d0
Event: 26857.214 Thread 0x0000018149340fe0 DEOPT UNPACKING pc=0x00000181627669a3 sp=0x000000569b7fe108 mode 2

Classes unloaded (20 events):
Event: 21415.633 Thread 0x0000018151709770 Unloading class 0x0000000801f1a400 'jdk/internal/reflect/GeneratedMethodAccessor59'
Event: 21415.633 Thread 0x0000018151709770 Unloading class 0x0000000801b67000 'jdk/internal/reflect/GeneratedMethodAccessor54'
Event: 21415.633 Thread 0x0000018151709770 Unloading class 0x0000000801ea8000 'jdk/internal/reflect/GeneratedMethodAccessor53'
Event: 21415.633 Thread 0x0000018151709770 Unloading class 0x0000000801df1c00 'jdk/internal/reflect/GeneratedMethodAccessor38'
Event: 21415.633 Thread 0x0000018151709770 Unloading class 0x0000000801df1800 'jdk/internal/reflect/GeneratedMethodAccessor37'
Event: 21415.633 Thread 0x0000018151709770 Unloading class 0x0000000801df1000 'jdk/internal/reflect/GeneratedMethodAccessor35'
Event: 21415.633 Thread 0x0000018151709770 Unloading class 0x0000000801df0c00 'jdk/internal/reflect/GeneratedMethodAccessor34'
Event: 21415.633 Thread 0x0000018151709770 Unloading class 0x0000000801df0800 'jdk/internal/reflect/GeneratedMethodAccessor33'
Event: 21415.633 Thread 0x0000018151709770 Unloading class 0x0000000801df0400 'jdk/internal/reflect/GeneratedMethodAccessor32'
Event: 21415.633 Thread 0x0000018151709770 Unloading class 0x0000000801df0000 'jdk/internal/reflect/GeneratedMethodAccessor31'
Event: 21415.633 Thread 0x0000018151709770 Unloading class 0x0000000801d9c400 'jdk/internal/reflect/GeneratedMethodAccessor30'
Event: 21415.633 Thread 0x0000018151709770 Unloading class 0x0000000801d9c000 'jdk/internal/reflect/GeneratedMethodAccessor29'
Event: 21415.633 Thread 0x0000018151709770 Unloading class 0x0000000801d34400 'jdk/internal/reflect/GeneratedMethodAccessor28'
Event: 21415.633 Thread 0x0000018151709770 Unloading class 0x0000000801d34000 'jdk/internal/reflect/GeneratedMethodAccessor27'
Event: 21415.633 Thread 0x0000018151709770 Unloading class 0x0000000801ce0400 'jdk/internal/reflect/GeneratedMethodAccessor26'
Event: 21415.633 Thread 0x0000018151709770 Unloading class 0x0000000801c6c000 'jdk/internal/reflect/GeneratedMethodAccessor24'
Event: 21415.633 Thread 0x0000018151709770 Unloading class 0x00000008019c0400 'jdk/internal/reflect/GeneratedMethodAccessor19'
Event: 21415.633 Thread 0x0000018151709770 Unloading class 0x000000080197c800 'jdk/internal/reflect/GeneratedConstructorAccessor15'
Event: 21415.633 Thread 0x0000018151709770 Unloading class 0x000000080197c400 'jdk/internal/reflect/GeneratedConstructorAccessor14'
Event: 21415.633 Thread 0x0000018151709770 Unloading class 0x000000080197c000 'jdk/internal/reflect/GeneratedConstructorAccessor13'

Classes redefined (0 events):
No events

Internal exceptions (20 events):
Event: 15513.165 Thread 0x0000018149340fe0 Exception <a 'java/io/FileNotFoundException'{0x0000000731d46e98}> (0x0000000731d46e98) 
thrown [s\src\hotspot\share\prims\jni.cpp, line 516]
Event: 15518.168 Thread 0x0000018149340fe0 Exception <a 'java/io/FileNotFoundException'{0x00000007317dfb88}> (0x00000007317dfb88) 
thrown [s\src\hotspot\share\prims\jni.cpp, line 516]
Event: 15523.169 Thread 0x0000018149340fe0 Exception <a 'java/io/FileNotFoundException'{0x0000000730fd7d98}> (0x0000000730fd7d98) 
thrown [s\src\hotspot\share\prims\jni.cpp, line 516]
Event: 15528.171 Thread 0x0000018149340fe0 Exception <a 'java/io/FileNotFoundException'{0x00000007307e2710}> (0x00000007307e2710) 
thrown [s\src\hotspot\share\prims\jni.cpp, line 516]
Event: 15533.172 Thread 0x0000018149340fe0 Exception <a 'java/io/FileNotFoundException'{0x000000072fda32c8}> (0x000000072fda32c8) 
thrown [s\src\hotspot\share\prims\jni.cpp, line 516]
Event: 15538.173 Thread 0x0000018149340fe0 Exception <a 'java/io/FileNotFoundException'{0x000000072f5c4d88}> (0x000000072f5c4d88) 
thrown [s\src\hotspot\share\prims\jni.cpp, line 516]
Event: 15789.496 Thread 0x00000181bd3a98a0 Exception <a 'java/lang/InterruptedException'{0x000000072e7f7e70}: sleep interrupted> (0x000000072e7f7e70) 
thrown [s\src\hotspot\share\prims\jvm.cpp, line 3044]
Event: 23366.257 Thread 0x0000018149340fe0 Implicit null exception at 0x00000181638a9ebc to 0x00000181638aa8d0
Event: 23366.265 Thread 0x0000018149340fe0 Implicit null exception at 0x000001816436a163 to 0x0000018164378540
Event: 23366.278 Thread 0x0000018149340fe0 Implicit null exception at 0x00000181641163a8 to 0x000001816411641c
Event: 23366.300 Thread 0x0000018149340fe0 Implicit null exception at 0x0000018165364a3e to 0x0000018165366104
Event: 23366.524 Thread 0x0000018149340fe0 Implicit null exception at 0x0000018162f820ca to 0x0000018162f8387c
Event: 23549.374 Thread 0x0000018149340fe0 Implicit null exception at 0x0000018163c1d80c to 0x0000018163c1d898
Event: 23549.420 Thread 0x0000018149340fe0 Implicit null exception at 0x00000181637d9cd7 to 0x00000181637d9e14
Event: 23554.001 Thread 0x0000018149340fe0 Implicit null exception at 0x0000018165029e67 to 0x0000018165029f7d
Event: 26854.259 Thread 0x0000018149340fe0 Implicit null exception at 0x000001816561a5b8 to 0x000001816561ba0c
Event: 26854.772 Thread 0x0000018149340fe0 Implicit null exception at 0x0000018164a7a76d to 0x0000018164a7ce40
Event: 26854.800 Thread 0x0000018149340fe0 Exception <a 'java/lang/NoSuchMethodError'{0x000000073a3a8dc8}: 'java.lang.Object java.lang.invoke.DirectMethodHandle$Holder.invokeSpecial(java.lang.Object, java.lang.Object, long, java.lang.Object, java.lang.Object, int, int, int, int)'> (0x000000073a3a8dc8) 
thrown [s\src\hotspot\share\interpreter\linkResolver.cpp, line 759]
Event: 26854.803 Thread 0x0000018149340fe0 Exception <a 'java/lang/NoSuchMethodError'{0x000000073a3accd8}: 'java.lang.Object java.lang.invoke.DelegatingMethodHandle$Holder.reinvoke_L(java.lang.Object, long, java.lang.Object, java.lang.Object, int, int, int, int)'> (0x000000073a3accd8) 
thrown [s\src\hotspot\share\interpreter\linkResolver.cpp, line 759]
Event: 26855.938 Thread 0x0000018149340fe0 Implicit null exception at 0x0000018163f116fb to 0x0000018163f1196c

VM Operations (20 events):
Event: 25004.866 Executing VM operation: Cleanup
Event: 25004.866 Executing VM operation: Cleanup done
Event: 25021.962 Executing VM operation: G1CollectFull
Event: 25022.084 Executing VM operation: G1CollectFull done
Event: 25080.795 Executing VM operation: G1CollectForAllocation
Event: 25080.796 Executing VM operation: G1CollectForAllocation done
Event: 25138.475 Executing VM operation: G1CollectForAllocation
Event: 25138.477 Executing VM operation: G1CollectForAllocation done
Event: 25189.576 Executing VM operation: G1CollectForAllocation
Event: 25189.577 Executing VM operation: G1CollectForAllocation done
Event: 26854.391 Executing VM operation: Cleanup
Event: 26854.425 Executing VM operation: Cleanup done
Event: 26854.459 Executing VM operation: G1CollectFull
Event: 26854.711 Executing VM operation: G1CollectFull done
Event: 26855.713 Executing VM operation: Cleanup
Event: 26855.714 Executing VM operation: Cleanup done
Event: 26856.720 Executing VM operation: Cleanup
Event: 26856.720 Executing VM operation: Cleanup done
Event: 26856.769 Executing VM operation: G1CollectForAllocation
Event: 26856.773 Executing VM operation: G1CollectForAllocation done

Events (20 events):
Event: 25941.427 Thread 0x00000181bd3b7130 Thread exited: 0x00000181bd3b7130
Event: 25941.438 Thread 0x00000181bd3b7130 Thread added: 0x00000181bd3b7130
Event: 25941.443 Thread 0x00000181bd3b7130 Thread exited: 0x00000181bd3b7130
Event: 25942.429 Thread 0x00000181bd3b7130 Thread added: 0x00000181bd3b7130
Event: 25942.433 Thread 0x00000181bd3b7130 Thread exited: 0x00000181bd3b7130
Event: 25942.445 Thread 0x00000181bd3b7130 Thread added: 0x00000181bd3b7130
Event: 25942.450 Thread 0x00000181bd3b7130 Thread exited: 0x00000181bd3b7130
Event: 25943.298 Thread 0x00000181bd3b7130 Thread added: 0x00000181bd3b7130
Event: 25943.304 Thread 0x00000181bd3b7130 Thread exited: 0x00000181bd3b7130
Event: 26852.846 Thread 0x00000181bd3b7130 Thread added: 0x00000181bd3b7130
Event: 26852.858 Thread 0x00000181bd3b3770 Thread added: 0x00000181bd3b3770
Event: 26853.967 Thread 0x00000181bd3b3770 Thread exited: 0x00000181bd3b3770
Event: 26853.975 Thread 0x00000181bd3b7130 Thread exited: 0x00000181bd3b7130
Event: 26854.121 Thread 0x00000181bd3b45e0 Thread added: 0x00000181bd3b45e0
Event: 26854.121 Thread 0x00000181bd3b4110 Thread added: 0x00000181bd3b4110
Event: 26854.425 Thread 0x00000181bd3b4110 Thread exited: 0x00000181bd3b4110
Event: 26854.425 Thread 0x00000181bd3b7130 Thread added: 0x00000181bd3b7130
Event: 26854.459 Thread 0x00000181bd3b7130 Thread exited: 0x00000181bd3b7130
Event: 26854.712 Thread 0x00000181bd3b45e0 Thread exited: 0x00000181bd3b45e0
Event: 26857.227 Thread 0x0000018143871340 Thread added: 0x0000018143871340


Dynamic libraries:
0x00007ff784620000 - 0x00007ff784651000 	E:\Xilinx\Vivado\2023.2\bin\unwrapped\win64.o\vivado.exe
0x00007ffbaed40000 - 0x00007ffbaefa7000 	C:\WINDOWS\SYSTEM32\ntdll.dll
0x00007ffbad600000 - 0x00007ffbad6c9000 	C:\WINDOWS\System32\KERNEL32.DLL
0x00007ffbabaa0000 - 0x00007ffbabe94000 	C:\WINDOWS\System32\KERNELBASE.dll
0x00007ffbabf30000 - 0x00007ffbac07b000 	C:\WINDOWS\System32\ucrtbase.dll
0x00007ffb90110000 - 0x00007ffb90199000 	C:\WINDOWS\SYSTEM32\MSVCP140.dll
0x00007ffb92f90000 - 0x00007ffb92fae000 	C:\WINDOWS\SYSTEM32\VCRUNTIME140.dll
0x00007ffadfc80000 - 0x00007ffae132a000 	E:\Xilinx\Vivado\2023.2\lib\win64.o\librdi_common.dll
0x00007ffaf8ab0000 - 0x00007ffaf8acc000 	E:\Xilinx\Vivado\2023.2\lib\win64.o\librdi_commonmain.dll
0x00007ffbad150000 - 0x00007ffbad315000 	C:\WINDOWS\System32\USER32.dll
0x00007ffb900f0000 - 0x00007ffb900fc000 	C:\WINDOWS\SYSTEM32\VCRUNTIME140_1.dll
0x00007ffbab8f0000 - 0x00007ffbab917000 	C:\WINDOWS\System32\win32u.dll
0x00007ffae1ce0000 - 0x00007ffae2110000 	E:\Xilinx\Vivado\2023.2\lib\win64.o\python38.dll
0x00007ffbacfc0000 - 0x00007ffbacfeb000 	C:\WINDOWS\System32\GDI32.dll
0x00007ffbac9a0000 - 0x00007ffbacacb000 	C:\WINDOWS\System32\gdi32full.dll
0x00007ffbab840000 - 0x00007ffbab8e3000 	C:\WINDOWS\System32\msvcp_win.dll
0x00007ffaecf90000 - 0x00007ffaecfb1000 	E:\Xilinx\Vivado\2023.2\lib\win64.o\libboost_filesystem.dll
0x00007ffbaebf0000 - 0x00007ffbaeca6000 	C:\WINDOWS\System32\ADVAPI32.dll
0x00007ffbae1d0000 - 0x00007ffbae937000 	C:\WINDOWS\System32\SHELL32.dll
0x00007ffb12c50000 - 0x00007ffb12c59000 	E:\Xilinx\Vivado\2023.2\lib\win64.o\librdi_commonversion.dll
0x00007ffbad400000 - 0x00007ffbad4a9000 	C:\WINDOWS\System32\msvcrt.dll
0x00007ffbad4b0000 - 0x00007ffbad516000 	C:\WINDOWS\System32\SHLWAPI.dll
0x00007ffbad320000 - 0x00007ffbad3c7000 	C:\WINDOWS\System32\sechost.dll
0x00007ffbab610000 - 0x00007ffbab77a000 	C:\WINDOWS\System32\wintypes.dll
0x00007ffbac080000 - 0x00007ffbac8e8000 	C:\WINDOWS\System32\Windows.Storage.dll
0x00007ffbacdf0000 - 0x00007ffbacf08000 	C:\WINDOWS\System32\RPCRT4.dll
0x00007ffbad7c0000 - 0x00007ffbadb42000 	C:\WINDOWS\System32\combase.dll
0x00007ffadf870000 - 0x00007ffadfbde000 	E:\Xilinx\Vivado\2023.2\lib\win64.o\libCOIN-all.dll
0x00007ffbabea0000 - 0x00007ffbabf22000 	C:\WINDOWS\System32\WINTRUST.dll
0x00007ffbadb50000 - 0x00007ffbadbd0000 	C:\WINDOWS\System32\WS2_32.dll
0x00007ffae1b20000 - 0x00007ffae1cd6000 	E:\Xilinx\Vivado\2023.2\lib\win64.o\librdi_commonxillic.dll
0x00007ffadfc60000 - 0x00007ffadfc71000 	E:\Xilinx\Vivado\2023.2\lib\win64.o\libboost_date_time.dll
0x0000000051900000 - 0x0000000051a2c000 	E:\Xilinx\Vivado\2023.2\lib\win64.o\tcl85t.dll
0x00007ffadfbe0000 - 0x00007ffadfc59000 	E:\Xilinx\Vivado\2023.2\lib\win64.o\libboost_program_options.dll
0x00007ffae1450000 - 0x00007ffae1564000 	E:\Xilinx\Vivado\2023.2\lib\win64.o\libboost_regex.dll
0x00007ffadf850000 - 0x00007ffadf86c000 	E:\Xilinx\Vivado\2023.2\lib\win64.o\libboost_thread.dll
0x00007ffafc2a0000 - 0x00007ffafc2ac000 	E:\Xilinx\Vivado\2023.2\lib\win64.o\libboost_xilinx.dll
0x00007ffade770000 - 0x00007ffade7f2000 	E:\Xilinx\Vivado\2023.2\lib\win64.o\libhdlpsolve.dll
0x00007ffade690000 - 0x00007ffade735000 	E:\Xilinx\Vivado\2023.2\lib\win64.o\libhdxml.dll
0x00007ffade800000 - 0x00007ffadf824600 	E:\Xilinx\Vivado\2023.2\lib\win64.o\libisl_iostreams.dll
0x00007ffade740000 - 0x00007ffade76a000 	E:\Xilinx\Vivado\2023.2\lib\win64.o\libisl_sysinfo.dll
0x00007ffade600000 - 0x00007ffade665000 	E:\Xilinx\Vivado\2023.2\lib\win64.o\liblmx6.0.dll
0x00007ffade670000 - 0x00007ffade68a000 	E:\Xilinx\Vivado\2023.2\lib\win64.o\pthreadVC2.dll
0x00007ffade5e0000 - 0x00007ffade5fc000 	E:\Xilinx\Vivado\2023.2\lib\win64.o\librdiconfig.dll
0x00007ffade580000 - 0x00007ffade5a1000 	E:\Xilinx\Vivado\2023.2\lib\win64.o\librdizlib.dll
0x00007ffadc340000 - 0x00007ffadc601000 	E:\Xilinx\Vivado\2023.2\lib\win64.o\xerces-c_3_2.dll
0x00007ffb90310000 - 0x00007ffb9032a000 	C:\WINDOWS\SYSTEM32\NETAPI32.dll
0x00007ffb90cf0000 - 0x00007ffb90f85000 	C:\WINDOWS\SYSTEM32\WININET.dll
0x00007ffba4ee0000 - 0x00007ffba500d000 	C:\WINDOWS\SYSTEM32\WINHTTP.dll
0x00007ffb8b4c0000 - 0x00007ffb8b69f000 	C:\WINDOWS\SYSTEM32\urlmon.dll
0x00007ffba5010000 - 0x00007ffba501b000 	C:\WINDOWS\SYSTEM32\VERSION.dll
0x00007ffb8c3c0000 - 0x00007ffb8c3ca000 	C:\WINDOWS\SYSTEM32\WSOCK32.dll
0x00007ffadc610000 - 0x00007ffade527000 	E:\Xilinx\Vivado\2023.2\lib\win64.o\gurobi90.dll
0x00007ffade5b0000 - 0x00007ffade5e0000 	C:\WINDOWS\SYSTEM32\VCOMP140.DLL
0x00007ffbab920000 - 0x00007ffbaba97000 	C:\WINDOWS\System32\CRYPT32.dll
0x00007ffbab500000 - 0x00007ffbab52a000 	C:\WINDOWS\SYSTEM32\bcrypt.dll
0x00007ffbacf10000 - 0x00007ffbacf82000 	C:\WINDOWS\System32\WLDAP32.dll
0x00007ffae1570000 - 0x00007ffae189d000 	E:\Xilinx\Vivado\2023.2\lib\win64.o\libXil_lmgr11.dll
0x00007ffbaeae0000 - 0x00007ffbaeae8000 	C:\WINDOWS\System32\Normaliz.dll
0x00007ffbaeaf0000 - 0x00007ffbaebdf000 	C:\WINDOWS\System32\COMDLG32.dll
0x00007ffbae070000 - 0x00007ffbae168000 	C:\WINDOWS\System32\shcore.dll
0x00007ffbad520000 - 0x00007ffbad5f8000 	C:\WINDOWS\System32\OLEAUT32.dll
0x00007ffade560000 - 0x00007ffade578000 	E:\Xilinx\Vivado\2023.2\lib\win64.o\libboost_iostreams.dll
0x00007ffade530000 - 0x00007ffade554000 	E:\Xilinx\Vivado\2023.2\lib\win64.o\libisl_iosutils.dll
0x00007ffbae940000 - 0x00007ffbaead7000 	C:\WINDOWS\System32\ole32.dll
0x00007ffb8af70000 - 0x00007ffb8b234000 	C:\WINDOWS\SYSTEM32\iertutil.dll
0x00007ffb80960000 - 0x00007ffb80a15000 	C:\WINDOWS\WinSxS\amd64_microsoft.windows.common-controls_6595b64144ccf1df_5.82.26100.8115_none_87ecef177a2e8a19\COMCTL32.dll
0x00007ffba51e0000 - 0x00007ffba5205000 	C:\WINDOWS\SYSTEM32\dhcpcsvc.DLL
0x00007ffbaa9c0000 - 0x00007ffbaa9f3000 	C:\WINDOWS\SYSTEM32\USERENV.dll
0x00007ffba9ba0000 - 0x00007ffba9bad000 	C:\WINDOWS\SYSTEM32\netutils.dll
0x00007ffb8ae90000 - 0x00007ffb8aeb9000 	C:\WINDOWS\SYSTEM32\srvcli.dll
0x00007ffbaa910000 - 0x00007ffbaa97c000 	C:\WINDOWS\SYSTEM32\MSWSOCK.DLL
0x00007ffbaecb0000 - 0x00007ffbaece2000 	C:\WINDOWS\System32\IMM32.DLL
0x00007ffbaac60000 - 0x00007ffbaac73000 	C:\WINDOWS\SYSTEM32\MSASN1.dll
0x00007ffbaabf0000 - 0x00007ffbaac0b000 	C:\WINDOWS\SYSTEM32\CRYPTSP.dll
0x00007ffbaa3a0000 - 0x00007ffbaa3bb000 	C:\WINDOWS\SYSTEM32\kernel.appcore.dll
0x00007ffbaa300000 - 0x00007ffbaa339000 	C:\WINDOWS\system32\rsaenh.dll
0x00007ffbaac10000 - 0x00007ffbaac1c000 	C:\WINDOWS\SYSTEM32\CRYPTBASE.dll
0x00007ffbac8f0000 - 0x00007ffbac995000 	C:\WINDOWS\System32\bcryptPrimitives.dll
0x00007ffbad3d0000 - 0x00007ffbad3f0000 	C:\WINDOWS\System32\imagehlp.dll
0x00007ffad9820000 - 0x00007ffad9d6d000 	E:\Xilinx\Vivado\2023.2\lib\win64.o\librdi_commontasks.dll
0x00007ffad8a60000 - 0x00007ffad96a8000 	E:\Xilinx\Vivado\2023.2\tps\win64\jre17.0.7_7\bin\server\jvm.dll
0x00007ffad8480000 - 0x00007ffad87ab800 	E:\Xilinx\Vivado\2023.2\lib\win64.o\librdi_sio.dll
0x00007ffba9eb0000 - 0x00007ffba9ee2000 	C:\WINDOWS\SYSTEM32\IPHLPAPI.DLL
0x00007ffb9ce40000 - 0x00007ffb9ce76000 	C:\WINDOWS\SYSTEM32\WINMM.dll
0x00007ffbaa980000 - 0x00007ffbaa9b0000 	C:\WINDOWS\SYSTEM32\gpapi.dll
0x00007ffba4ea0000 - 0x00007ffba4edb000 	C:\Windows\System32\cryptnet.dll
0x00007ffbab530000 - 0x00007ffbab559000 	C:\WINDOWS\SYSTEM32\profapi.dll
0x00007ffba6f50000 - 0x00007ffba6f5e000 	C:\WINDOWS\SYSTEM32\WINNSI.DLL
0x00007ffbad7b0000 - 0x00007ffbad7ba000 	C:\WINDOWS\System32\NSI.dll
0x00007ffbaa640000 - 0x00007ffbaa689000 	C:\WINDOWS\SYSTEM32\SspiCli.dll
0x00007ffb7eaa0000 - 0x00007ffb7eab8000 	C:\WINDOWS\system32\napinsp.dll
0x00007ffba9ef0000 - 0x00007ffbaa022000 	C:\WINDOWS\SYSTEM32\DNSAPI.dll
0x00007ffb7ea80000 - 0x00007ffb7ea93000 	C:\WINDOWS\System32\winrnr.dll
0x00007ffb7d1b0000 - 0x00007ffb7d1d2000 	C:\WINDOWS\system32\nlansp_c.dll
0x00007ffba4100000 - 0x00007ffba4116000 	C:\WINDOWS\system32\wshbth.dll
0x0000000054ed0000 - 0x0000000054eda000 	C:\Program Files\National Instruments\Shared\mDNS Responder\nimdnsNSP.dll
0x0000000054ec0000 - 0x0000000054ed0000 	C:\WINDOWS\SYSTEM32\nimdnsResponder.dll
0x00007ffad37b0000 - 0x00007ffad6576000 	E:\Xilinx\Vivado\2023.2\lib\win64.o\librdi_tcltasks.dll
0x00007ffad1df0000 - 0x00007ffad1ff0000 	E:\Xilinx\Vivado\2023.2\lib\win64.o\librdi_board.dll
0x00007ffad1cc0000 - 0x00007ffad1dea000 	E:\Xilinx\Vivado\2023.2\lib\win64.o\librdi_chipscope.dll
0x00007ffad1ff0000 - 0x00007ffad24d1000 	E:\Xilinx\Vivado\2023.2\lib\win64.o\librdi_bitstream.dll
0x00007ffad24e0000 - 0x00007ffad2563000 	E:\Xilinx\Vivado\2023.2\lib\win64.o\librdi_boarddep.dll
0x00007ffad18c0000 - 0x00007ffad1ac7000 	E:\Xilinx\Vivado\2023.2\lib\win64.o\librdi_chipscopeimpl.dll
0x00007ffacac60000 - 0x00007ffacd355000 	E:\Xilinx\Vivado\2023.2\lib\win64.o\librdi_constraints.dll
0x00007ffad1750000 - 0x00007ffad18be000 	E:\Xilinx\Vivado\2023.2\lib\win64.o\librdi_containers.dll
0x00007ffac6360000 - 0x00007ffac8a96000 	E:\Xilinx\Vivado\2023.2\lib\win64.o\librdi_coregen.dll
0x00007ffaceb80000 - 0x00007ffad0987000 	E:\Xilinx\Vivado\2023.2\lib\win64.o\librdi_designutils.dll
0x00007ffac9650000 - 0x00007ffacac53000 	E:\Xilinx\Vivado\2023.2\lib\win64.o\librdi_device.dll
0x00007fface6e0000 - 0x00007ffacea7f000 	E:\Xilinx\Vivado\2023.2\lib\win64.o\librdi_dlyest.dll
0x00007ffacda70000 - 0x00007ffacdb24000 	E:\Xilinx\Vivado\2023.2\lib\win64.o\librdi_dsp.dll
0x00007ffacdda0000 - 0x00007fface4d6000 	E:\Xilinx\Vivado\2023.2\lib\win64.o\librdi_drc.dll
0x00007ffac8e20000 - 0x00007ffac95df000 	E:\Xilinx\Vivado\2023.2\lib\win64.o\librdi_filemgmt.dll
0x00007ffac95e0000 - 0x00007ffac964b000 	E:\Xilinx\Vivado\2023.2\lib\win64.o\librdi_hdf.dll
0x00007ffac4210000 - 0x00007ffac5353000 	E:\Xilinx\Vivado\2023.2\lib\win64.o\librdi_implflow.dll
0x00007ffac8b30000 - 0x00007ffac8e14000 	E:\Xilinx\Vivado\2023.2\lib\win64.o\librdi_hip_devdesign.dll
0x00007ffac6210000 - 0x00007ffac6358000 	E:\Xilinx\Vivado\2023.2\lib\win64.o\librdi_hip_perf_analysis.dll
0x00007ffac5360000 - 0x00007ffac6210000 	E:\Xilinx\Vivado\2023.2\lib\win64.o\librdi_ippcw.dll
0x00007ffac3970000 - 0x00007ffac420a000 	E:\Xilinx\Vivado\2023.2\lib\win64.o\librdi_lopt.dll
0x00007ffac31e0000 - 0x00007ffac3836000 	E:\Xilinx\Vivado\2023.2\lib\win64.o\librdi_memdata.dll
0x00007ffac3160000 - 0x00007ffac31dd000 	E:\Xilinx\Vivado\2023.2\lib\win64.o\librdi_memoryarray.dll
0x00007ffac0630000 - 0x00007ffac3071000 	E:\Xilinx\Vivado\2023.2\lib\win64.o\librdi_mig.dll
0x00007ffabfe20000 - 0x00007ffac0624000 	E:\Xilinx\Vivado\2023.2\lib\win64.o\librdi_netlist.dll
0x00007ffac30e0000 - 0x00007ffac3152000 	E:\Xilinx\Vivado\2023.2\lib\win64.o\librdi_noc_frameworks.dll
0x00007ffac3080000 - 0x00007ffac30dc000 	E:\Xilinx\Vivado\2023.2\lib\win64.o\librdi_pfi.dll
0x00007ffabc1e0000 - 0x00007ffabf09c000 	E:\Xilinx\Vivado\2023.2\lib\win64.o\librdi_place.dll
0x00007ffabf0a0000 - 0x00007ffabf51e000 	E:\Xilinx\Vivado\2023.2\lib\win64.o\librdi_platform.dll
0x00007ffabf520000 - 0x00007ffabfe12000 	E:\Xilinx\Vivado\2023.2\lib\win64.o\librdi_power.dll

dbghelp: loaded successfully - version: 4.0.5 - missing functions: none
symbol engine: initialized successfully - sym options: 0x614 - pdb path: .;E:\Xilinx\Vivado\2023.2\bin\unwrapped\win64.o;C:\WINDOWS\SYSTEM32;E:\Xilinx\Vivado\2023.2\lib\win64.o;C:\WINDOWS\WinSxS\amd64_microsoft.windows.common-controls_6595b64144ccf1df_5.82.26100.8115_none_87ecef177a2e8a19;E:\Xilinx\Vivado\2023.2\tps\win64\jre17.0.7_7\bin\server;C:\Program Files\National Instruments\Shared\mDNS Responder;E:\Xilinx\Vivado\2023.2\tps\win64\jre17.0.7_7\bin;C:\WINDOWS\WinSxS\amd64_microsoft.windows.common-controls_6595b64144ccf1df_6.0.26100.8115_none_3e075c82e3354f9c;C:\WINDOWS\WinSxS\amd64_microsoft.windows.gdiplus_6595b64144ccf1df_1.1.26100.8246_none_6ef5395a3dc52f61

VM Arguments:
jvm_args: -Dsun.java2d.pmoffscreen=false -Dhttps.protocols=TLSv1,TLSv1.1,TLSv1.2 -Dsun.java2d.xrender=false -Dsun.java2d.d3d=false -Dsun.awt.nopixfmt=true -Dsun.java2d.dpiaware=true -Dsun.java2d.uiScale.enabled=false -Dswing.aatext=true -XX:-UsePerfData -Djdk.map.althashing.threshold=512 -XX:StringTableSize=4072 -XX:+UseStringDeduplication -XX:MaxGCPauseMillis=200 -XX:+ParallelRefProcEnabled --add-opens=java.desktop/javax.swing.plaf.synth=ALL-UNNAMED --add-opens=java.base/java.nio=ALL-UNNAMED --add-opens=java.desktop/sun.swing=ALL-UNNAMED --add-opens=java.desktop/javax.swing=ALL-UNNAMED --add-opens=java.desktop/javax.swing.tree=ALL-UNNAMED --add-opens=java.desktop/javax.swing.plaf.basic=ALL-UNNAMED --add-opens=java.desktop/javax.swing.plaf.synth=ALL-UNNAMED --add-opens=java.desktop/javax.swing.plaf.basic=ALL-UNNAMED --add-opens=java.desktop/javax.swing=ALL-UNNAMED --add-opens=java.desktop/javax.swing.tree=ALL-UNNAMED --add-opens=java.desktop/java.awt.event=ALL-UNNAMED --add-exports=java.desktop/javax.swing.plaf.synth=ALL-UNNAMED --add-exports=java.base/java.nio=ALL-UNNAMED --add-exports=java.desktop/sun.swing=ALL-UNNAMED --add-exports=java.desktop/javax.swing=ALL-UNNAMED --add-exports=java.desktop/javax.swing.tree=ALL-UNNAMED --add-exports=java.desktop/javax.swing.plaf.basic=ALL-UNNAMED --add-exports=java.desktop/sun.swing=ALL-UNNAMED --add-exports=java.desktop/sun.swing.table=ALL-UNNAMED --add-exports=java.desktop/sun.swing.plaf.synth=ALL-UNNAMED --add-exports=java.desktop/sun.awt.shell=ALL-UNNAMED --add-exports=java.base/sun.security.action=ALL-UNNAMED --add-exports=java.desktop/sun.font=ALL-UNNAMED -XX:NewSize=80m -XX:MaxNewSize=80m -Xms512m -Xmx4072m -Xss10m 
java_command: <unknown>
java_class_path (initial): E:/Xilinx/Vivado/2023.2\lib\classes\alloy.jar;E:/Xilinx/Vivado/2023.2\lib\classes\asm-9.3.jar;E:/Xilinx/Vivado/2023.2\lib\classes\asm-analysis-9.3.jar;E:/Xilinx/Vivado/2023.2\lib\classes\asm-commons-9.3.jar;E:/Xilinx/Vivado/2023.2\lib\classes\asm-tree-9.3.jar;E:/Xilinx/Vivado/2023.2\lib\classes\autoesl-models.jar;E:/Xilinx/Vivado/2023.2\lib\classes\batik-anim.jar;E:/Xilinx/Vivado/2023.2\lib\classes\batik-awt-util.jar;E:/Xilinx/Vivado/2023.2\lib\classes\batik-bridge.jar;E:/Xilinx/Vivado/2023.2\lib\classes\batik-codec.jar;E:/Xilinx/Vivado/2023.2\lib\classes\batik-constants.jar;E:/Xilinx/Vivado/2023.2\lib\classes\batik-css.jar;E:/Xilinx/Vivado/2023.2\lib\classes\batik-dom.jar;E:/Xilinx/Vivado/2023.2\lib\classes\batik-ext.jar;E:/Xilinx/Vivado/2023.2\lib\classes\batik-gui-util.jar;E:/Xilinx/Vivado/2023.2\lib\classes\batik-gvt.jar;E:/Xilinx/Vivado/2023.2\lib\classes\batik-i18n.jar;E:/Xilinx/Vivado/2023.2\lib\classes\batik-parser.jar;E:/Xilinx/Vivado/2023.2\lib\classes\batik-script.jar;E:/Xilinx/Vivado/2023.2\lib\classes\batik-svg-dom.jar;E:/Xilinx/Vivado/2023.2\lib\classes\batik-svggen.jar;E:/Xilinx/Vivado/2023.2\lib\classes\batik-swing.jar;E:/Xilinx/Vivado/2023.2\lib\classes\batik-transcoder.jar;E:/Xilinx/Vivado/2023.2\lib\classes\batik-util.jar;E:/Xilinx/Vivado/2023.2\lib\classes\batik-xml.jar;E:/Xilinx/Vivado/2023.2\lib\classes\com.fasterxml.jackson.core.jackson-annotations_2.12.1.v20210128-1726.jar;E:/Xilinx/Vivado/2023.2\lib\classes\com.fasterxml.jackson.core.jackson-core_2.12.1.v20210128-1726.jar;E:/Xilinx/Vivado/2023.2\lib\classes\com.fasterxml.jackson.core.jackson-databind_2.12.1.v20210128-1726.jar;E:/Xilinx/Vivado/2023.2\lib\classes\com.google.gson_2.8.9.v20220111-1409.jar;E:/Xilinx/Vivado/2023.2\lib\classes\com.google.guava_30.1.0.v20210127-2300.jar;E:/Xilinx/Vivado/2023.2\lib\classes\com.sigasi.hdt.connection_4.17.2.202304211001.jar;E:/Xilinx/Vivado/2023.2\lib\classes\com.sigasi.hdt.epl_4.17.2.202304211001.jar;E:/Xilinx/Vivado/2023.
Launcher Type: generic

[Global flags]
     intx CICompilerCount                          = 12                                        {product} {ergonomic}
     uint ConcGCThreads                            = 3                                         {product} {ergonomic}
     uint G1ConcRefinementThreads                  = 13                                        {product} {ergonomic}
   size_t G1HeapRegionSize                         = 2097152                                   {product} {ergonomic}
    uintx GCDrainStackTargetSize                   = 64                                        {product} {ergonomic}
   size_t InitialHeapSize                          = 536870912                                 {product} {command line}
   size_t MarkStackSize                            = 4194304                                   {product} {ergonomic}
    uintx MaxGCPauseMillis                         = 200                                       {product} {command line}
   size_t MaxHeapSize                              = 4269801472                                {product} {command line}
   size_t MaxNewSize                               = 83886080                                  {product} {command line}
   size_t MinHeapDeltaBytes                        = 2097152                                   {product} {ergonomic}
   size_t MinHeapSize                              = 536870912                                 {product} {command line}
   size_t NewSize                                  = 83886080                                  {product} {command line}
    uintx NonNMethodCodeHeapSize                   = 7602480                                {pd product} {ergonomic}
    uintx NonProfiledCodeHeapSize                  = 122027880                              {pd product} {ergonomic}
     bool ParallelRefProcEnabled                   = true                                      {product} {command line}
    uintx ProfiledCodeHeapSize                     = 122027880                              {pd product} {ergonomic}
    uintx ReservedCodeCacheSize                    = 251658240                              {pd product} {ergonomic}
     bool SegmentedCodeCache                       = true                                      {product} {ergonomic}
   size_t SoftMaxHeapSize                          = 4269801472                             {manageable} {ergonomic}
    uintx StringTableSize                          = 4072                                      {product} {command line}
     intx ThreadStackSize                          = 10240                                  {pd product} {command line}
     bool UseCompressedClassPointers               = true                           {product lp64_product} {ergonomic}
     bool UseCompressedOops                        = true                           {product lp64_product} {ergonomic}
     bool UseG1GC                                  = true                                      {product} {ergonomic}
     bool UseLargePagesIndividualAllocation        = false                                  {pd product} {ergonomic}
     bool UsePerfData                              = false                                     {product} {command line}
     bool UseStringDeduplication                   = true                                      {product} {command line}

Logging:
Log output configuration:
 #0: stdout all=warning uptime,level,tags
 #1: stderr all=off uptime,level,tags

Environment Variables:
PATH=E:/Xilinx/Vivado/2023.2\gnuwin\bin;E:/Xilinx/Vivado/2023.2\gnu\microblaze\nt\bin;E:/Xilinx/Vivado/2023.2/bin;E:/Xilinx/Vivado/2023.2/tps/win64/java-cef-95.0.4638.69/bin/lib/win64;E:/Xilinx/Vivado/2023.2/tps/win64/javafx-sdk-17.0.1/lib;E:/Xilinx/Vivado/2023.2/tps/win64/javafx-sdk-17.0.1/bin;E:/Xilinx/Vivado/2023.2/lib/win64.o;E:/Xilinx/Vivado/2023.2/tps/win64/jre17.0.7_7/bin/server;E:/Xilinx/Vivado/2023.2/tps/win64/jre17.0.7_7/bin;E:/Xilinx/Vivado/2023.2/ids_lite/ISE/bin/nt64;E:/Xilinx/Vivado/2023.2/ids_lite/ISE/lib/nt64;E:/Xilinx/Vitis_HLS/2023.2/bin;D:\VMware\bin\;C:\Program Files (x86)\Common Files\Intel\Shared Libraries\redist\intel64\compiler;C:\WINDOWS\system32;C:\WINDOWS;C:\WINDOWS\System32\Wbem;C:\WINDOWS\System32\WindowsPowerShell\v1.0\;C:\WINDOWS\System32\OpenSSH\;C:\Users\Administrator\AppData\Local\Microsoft\WindowsApps;C:\Recovery\OEM\Backup\;C:\Program Files (x86)\NVIDIA Corporation\PhysX\Common;C:\Program Files\Microsoft SQL Server\150\Tools\Binn\;C:\Program Files (x86)\Windows Kits\10\Windows Performance Toolkit\;D:\Program Files\MATLAB\R2023a\runtime\win64;D:\Program Files\MATLAB\R2023a\bin;C:\Program Files\NVIDIA Corporation\NVIDIA App\NvDLISR;C:\Program Files (x86)\IVI Foundation\VISA\WinNT\Bin\;C:\Program Files\IVI Foundation\VISA\Win64\Bin\;D:\Program Files\nodejs\;D:\Program Files\Git\cmd;C:\Users\chenzijie\AppData\Local\Programs\Python\Python313\Scripts\;C:\Users\chenzijie\AppData\Local\Programs\Python\Python313\;C:\Users\chenzijie\AppData\Local\Programs\Python\Launcher\;C:\Users\chenzijie\AppData\Local\Microsoft\WindowsApps;E:\Microsoft VS Code\bin;D:\cursor\resources\app\bin;C:\Users\chenzijie\AppData\Roaming\npm;E:/Xilinx/Vivado/2023.2\tps\mingw\6.2.0\win64.o\nt\bin;E:/Xilinx/Vivado/2023.2\tps\mingw\6.2.0\win64.o\nt\libexec\gcc\x86_64-w64-mingw32\6.2.0;E:/Xilinx/Vivado/2023.2\tps\win64\python-3.8.3;E:/Xilinx/Vivado/2023.2\tps\win64\python-3.8.3\bin;E:/Xilinx/Vivado/2023.2\tps\win64\python-3.8.3\lib;E:/Xilinx/Vivado/2023.2\tps\win64\python-
USERNAME=³Âè÷½Ü
OS=Windows_NT
PROCESSOR_IDENTIFIER=AMD64 Family 25 Model 68 Stepping 1, AuthenticAMD
TMP=C:\Users\CHENZI~1\AppData\Local\Temp
TEMP=C:\Users\CHENZI~1\AppData\Local\Temp



---------------  S Y S T E M  ---------------

OS:
 Windows 11 , 64 bit Build 26100 (10.0.26100.8246)
OS uptime: 0 days 7:39 hours
Hyper-V role detected

CPU: total 16 (initial active 16) (16 cores per cpu, 2 threads per core) family 25 model 68 stepping 1 microcode 0xa404105, cx8, cmov, fxsr, ht, mmx, 3dnowpref, sse, sse2, sse3, ssse3, sse4a, sse4.1, sse4.2, popcnt, lzcnt, tsc, tscinvbit, avx, avx2, aes, erms, clmul, bmi1, bmi2, adx, sha, fma, vzeroupper, clflush, clflushopt, hv

Memory: 4k page, system-wide physical 16069M (3024M free)
TotalPageFile size 46789M (AvailPageFile size 20847M)
current process WorkingSet (physical memory assigned to process): 719M, peak: 2785M
current process commit charge ("private bytes"): 3805M, peak: 3844M

vm_info: OpenJDK 64-Bit Server VM (17.0.7+7) for windows-amd64 JRE (17.0.7+7), built on Apr 18 2023 22:10:42 by "temurin" with MS VC++ 16.7 (VS2019)

END.
