#-----------------------------------------------------------
# Vivado v2023.2 (64-bit)
# SW Build 4029153 on Fri Oct 13 20:14:34 MDT 2023
# IP Build 4028589 on Sat Oct 14 00:45:43 MDT 2023
# SharedData Build 4025554 on Tue Oct 10 17:18:54 MDT 2023
# Start of session at: Sun May  3 13:18:13 2026
# Process ID: 5940
# Current directory: E:/JYD2025_Contest-rv32i55555/JYD2025_Contest-rv32i
# Command line: vivado.exe -gui_launcher_event rodinguilauncherevent20524 E:\JYD2025_Contest-rv32i55555\JYD2025_Contest-rv32i\digital_twin.xpr
# Log file: E:/JYD2025_Contest-rv32i55555/JYD2025_Contest-rv32i/vivado.log
# Journal file: E:/JYD2025_Contest-rv32i55555/JYD2025_Contest-rv32i\vivado.jou
# Running On: o, OS: Windows, CPU Frequency: 3094 MHz, CPU Physical cores: 16, Host memory: 16849 MB
#-----------------------------------------------------------
start_gui
open_project E:/JYD2025_Contest-rv32i55555/JYD2025_Contest-rv32i/digital_twin.xpr
WARNING: [Board 49-26] cannot add Board Part xilinx.com:kcu116:part0:1.4 available at E:/Xilinx/Vivado/2023.2/data/xhub/boards/XilinxBoardStore/boards/Xilinx/kcu116/1.4/board.xml as part xcku5p-ffvb676-2-e specified in board_part file is either invalid or not available
WARNING: [Board 49-26] cannot add Board Part xilinx.com:kcu116:part0:1.5 available at E:/Xilinx/Vivado/2023.2/data/xhub/boards/XilinxBoardStore/boards/Xilinx/kcu116/1.5/board.xml as part xcku5p-ffvb676-2-e specified in board_part file is either invalid or not available
WARNING: [Board 49-26] cannot add Board Part xilinx.com:vck190:part0:2.2 available at E:/Xilinx/Vivado/2023.2/data/xhub/boards/XilinxBoardStore/boards/Xilinx/vck190/production/2.2/board.xml as part xcvc1902-vsva2197-2mp-e-s specified in board_part file is either invalid or not available
WARNING: [Board 49-26] cannot add Board Part xilinx.com:vck190:part0:3.0 available at E:/Xilinx/Vivado/2023.2/data/xhub/boards/XilinxBoardStore/boards/Xilinx/vck190/production/3.0/board.xml as part xcvc1902-vsva2197-2mp-e-s specified in board_part file is either invalid or not available
WARNING: [Board 49-26] cannot add Board Part xilinx.com:vck190:part0:3.1 available at E:/Xilinx/Vivado/2023.2/data/xhub/boards/XilinxBoardStore/boards/Xilinx/vck190/production/3.1/board.xml as part xcvc1902-vsva2197-2mp-e-s specified in board_part file is either invalid or not available
WARNING: [Board 49-26] cannot add Board Part xilinx.com:vck190:part0:3.2 available at E:/Xilinx/Vivado/2023.2/data/xhub/boards/XilinxBoardStore/boards/Xilinx/vck190/production/3.2/board.xml as part xcvc1902-vsva2197-2mp-e-s specified in board_part file is either invalid or not available
WARNING: [Board 49-26] cannot add Board Part xilinx.com:vck190_newl:part0:1.0 available at E:/Xilinx/Vivado/2023.2/data/xhub/boards/XilinxBoardStore/boards/Xilinx/vck190_newl/production/1.0/board.xml as part xcvc1902-vsva2197-2mp-e-s specified in board_part file is either invalid or not available
WARNING: [Board 49-26] cannot add Board Part xilinx.com:vck190_newl:part0:1.1 available at E:/Xilinx/Vivado/2023.2/data/xhub/boards/XilinxBoardStore/boards/Xilinx/vck190_newl/production/1.1/board.xml as part xcvc1902-vsva2197-2mp-e-s specified in board_part file is either invalid or not available
WARNING: [Board 49-26] cannot add Board Part xilinx.com:vek280:part0:1.0 available at E:/Xilinx/Vivado/2023.2/data/xhub/boards/XilinxBoardStore/boards/Xilinx/vek280/production/1.0/board.xml as part xcve2802-vsvh1760-2mp-e-s specified in board_part file is either invalid or not available
WARNING: [Board 49-26] cannot add Board Part xilinx.com:vek280_es:part0:1.0 available at E:/Xilinx/Vivado/2023.2/data/xhub/boards/XilinxBoardStore/boards/Xilinx/vek280/es/rev_a/1.0/board.xml as part xcve2802-vsvh1760-2lp-e-s-es1 specified in board_part file is either invalid or not available
WARNING: [Board 49-26] cannot add Board Part xilinx.com:vek280_es:part0:1.1 available at E:/Xilinx/Vivado/2023.2/data/xhub/boards/XilinxBoardStore/boards/Xilinx/vek280/es/rev_a/1.1/board.xml as part xcve2802-vsvh1760-2lp-e-s-es1 specified in board_part file is either invalid or not available
WARNING: [Board 49-26] cannot add Board Part xilinx.com:vek280_es_revb:part0:1.0 available at E:/Xilinx/Vivado/2023.2/data/xhub/boards/XilinxBoardStore/boards/Xilinx/vek280/es/rev_b/1.0/board.xml as part xcve2802-vsvh1760-2mp-e-s-es1 specified in board_part file is either invalid or not available
WARNING: [Board 49-26] cannot add Board Part xilinx.com:vek280_es_revb:part0:1.1 available at E:/Xilinx/Vivado/2023.2/data/xhub/boards/XilinxBoardStore/boards/Xilinx/vek280/es/rev_b/1.1/board.xml as part xcve2802-vsvh1760-2mp-e-s-es1 specified in board_part file is either invalid or not available
WARNING: [Board 49-26] cannot add Board Part xilinx.com:vermeo_t1_mpsoc:part0:1.0 available at E:/Xilinx/Vivado/2023.2/data/xhub/boards/XilinxBoardStore/boards/Xilinx/vermeo_t1_mpsoc/1.0/board.xml as part xczu19eg-ffvd1760-2l-e specified in board_part file is either invalid or not available
WARNING: [Board 49-26] cannot add Board Part xilinx.com:vermeo_t1_rfsoc:part0:1.0 available at E:/Xilinx/Vivado/2023.2/data/xhub/boards/XilinxBoardStore/boards/Xilinx/vermeo_t1_rfsoc/1.0/board.xml as part xczu21dr-ffvd1156-2l-e specified in board_part file is either invalid or not available
WARNING: [Board 49-26] cannot add Board Part xilinx.com:vhk158:part0:1.0 available at E:/Xilinx/Vivado/2023.2/data/xhub/boards/XilinxBoardStore/boards/Xilinx/vhk158/production/1.0/board.xml as part xcvh1582-vsva3697-2mp-e-s specified in board_part file is either invalid or not available
WARNING: [Board 49-26] cannot add Board Part xilinx.com:vhk158:part0:1.1 available at E:/Xilinx/Vivado/2023.2/data/xhub/boards/XilinxBoardStore/boards/Xilinx/vhk158/production/1.1/board.xml as part xcvh1582-vsva3697-2mp-e-s specified in board_part file is either invalid or not available
WARNING: [Board 49-26] cannot add Board Part xilinx.com:vhk158_es:part0:1.0 available at E:/Xilinx/Vivado/2023.2/data/xhub/boards/XilinxBoardStore/boards/Xilinx/vhk158/es/1.0/board.xml as part xcvh1582-vsva3697-2mp-e-s-es1 specified in board_part file is either invalid or not available
WARNING: [Board 49-26] cannot add Board Part xilinx.com:vhk158_es:part0:1.1 available at E:/Xilinx/Vivado/2023.2/data/xhub/boards/XilinxBoardStore/boards/Xilinx/vhk158/es/1.1/board.xml as part xcvh1582-vsva3697-2mp-e-s-es1 specified in board_part file is either invalid or not available
WARNING: [Board 49-26] cannot add Board Part xilinx.com:vmk180:part0:2.2 available at E:/Xilinx/Vivado/2023.2/data/xhub/boards/XilinxBoardStore/boards/Xilinx/vmk180/production/2.2/board.xml as part xcvm1802-vsva2197-2mp-e-s specified in board_part file is either invalid or not available
WARNING: [Board 49-26] cannot add Board Part xilinx.com:vmk180:part0:3.0 available at E:/Xilinx/Vivado/2023.2/data/xhub/boards/XilinxBoardStore/boards/Xilinx/vmk180/production/3.0/board.xml as part xcvm1802-vsva2197-2mp-e-s specified in board_part file is either invalid or not available
WARNING: [Board 49-26] cannot add Board Part xilinx.com:vmk180:part0:3.1 available at E:/Xilinx/Vivado/2023.2/data/xhub/boards/XilinxBoardStore/boards/Xilinx/vmk180/production/3.1/board.xml as part xcvm1802-vsva2197-2mp-e-s specified in board_part file is either invalid or not available
WARNING: [Board 49-26] cannot add Board Part xilinx.com:vmk180:part0:3.2 available at E:/Xilinx/Vivado/2023.2/data/xhub/boards/XilinxBoardStore/boards/Xilinx/vmk180/production/3.2/board.xml as part xcvm1802-vsva2197-2mp-e-s specified in board_part file is either invalid or not available
WARNING: [Board 49-26] cannot add Board Part xilinx.com:vmk180_newl:part0:1.0 available at E:/Xilinx/Vivado/2023.2/data/xhub/boards/XilinxBoardStore/boards/Xilinx/vmk180_newl/production/1.0/board.xml as part xcvm1802-vsva2197-2mp-e-s specified in board_part file is either invalid or not available
WARNING: [Board 49-26] cannot add Board Part xilinx.com:vmk180_newl:part0:1.1 available at E:/Xilinx/Vivado/2023.2/data/xhub/boards/XilinxBoardStore/boards/Xilinx/vmk180_newl/production/1.1/board.xml as part xcvm1802-vsva2197-2mp-e-s specified in board_part file is either invalid or not available
WARNING: [Board 49-26] cannot add Board Part xilinx.com:vpk120:part0:1.0 available at E:/Xilinx/Vivado/2023.2/data/xhub/boards/XilinxBoardStore/boards/Xilinx/vpk120/production/1.0/board.xml as part xcvp1202-vsva2785-2mp-e-s specified in board_part file is either invalid or not available
WARNING: [Board 49-26] cannot add Board Part xilinx.com:vpk120:part0:1.1 available at E:/Xilinx/Vivado/2023.2/data/xhub/boards/XilinxBoardStore/boards/Xilinx/vpk120/production/1.1/board.xml as part xcvp1202-vsva2785-2mp-e-s specified in board_part file is either invalid or not available
WARNING: [Board 49-26] cannot add Board Part xilinx.com:vpk120:part0:1.2 available at E:/Xilinx/Vivado/2023.2/data/xhub/boards/XilinxBoardStore/boards/Xilinx/vpk120/production/1.2/board.xml as part xcvp1202-vsva2785-2mp-e-s specified in board_part file is either invalid or not available
WARNING: [Board 49-26] cannot add Board Part xilinx.com:vpk180:part0:1.0 available at E:/Xilinx/Vivado/2023.2/data/xhub/boards/XilinxBoardStore/boards/Xilinx/vpk180/production/1.0/board.xml as part xcvp1802-lsvc4072-2mp-e-s specified in board_part file is either invalid or not available
WARNING: [Board 49-26] cannot add Board Part xilinx.com:vpk180:part0:1.1 available at E:/Xilinx/Vivado/2023.2/data/xhub/boards/XilinxBoardStore/boards/Xilinx/vpk180/production/1.1/board.xml as part xcvp1802-lsvc4072-2mp-e-s specified in board_part file is either invalid or not available
WARNING: [Board 49-26] cannot add Board Part xilinx.com:zc702:part0:1.4 available at E:/Xilinx/Vivado/2023.2/data/xhub/boards/XilinxBoardStore/boards/Xilinx/zc702/1.4/board.xml as part xc7z020clg484-1 specified in board_part file is either invalid or not available
WARNING: [Board 49-26] cannot add Board Part xilinx.com:zc706:part0:1.4 available at E:/Xilinx/Vivado/2023.2/data/xhub/boards/XilinxBoardStore/boards/Xilinx/zc706/1.4/board.xml as part xc7z045ffg900-2 specified in board_part file is either invalid or not available
WARNING: [Board 49-26] cannot add Board Part xilinx.com:zcu102:part0:3.3 available at E:/Xilinx/Vivado/2023.2/data/xhub/boards/XilinxBoardStore/boards/Xilinx/zcu102/3.3/board.xml as part xczu9eg-ffvb1156-2-e specified in board_part file is either invalid or not available
WARNING: [Board 49-26] cannot add Board Part xilinx.com:zcu102:part0:3.4 available at E:/Xilinx/Vivado/2023.2/data/xhub/boards/XilinxBoardStore/boards/Xilinx/zcu102/3.4/board.xml as part xczu9eg-ffvb1156-2-e specified in board_part file is either invalid or not available
WARNING: [Board 49-26] cannot add Board Part xilinx.com:zcu104:part0:1.1 available at E:/Xilinx/Vivado/2023.2/data/xhub/boards/XilinxBoardStore/boards/Xilinx/zcu104/1.1/board.xml as part xczu7ev-ffvc1156-2-e specified in board_part file is either invalid or not available
WARNING: [Board 49-26] cannot add Board Part xilinx.com:zcu106:part0:2.4 available at E:/Xilinx/Vivado/2023.2/data/xhub/boards/XilinxBoardStore/boards/Xilinx/zcu106/2.4/board.xml as part xczu7ev-ffvc1156-2-e specified in board_part file is either invalid or not available
WARNING: [Board 49-26] cannot add Board Part xilinx.com:zcu106:part0:2.5 available at E:/Xilinx/Vivado/2023.2/data/xhub/boards/XilinxBoardStore/boards/Xilinx/zcu106/2.5/board.xml as part xczu7ev-ffvc1156-2-e specified in board_part file is either invalid or not available
WARNING: [Board 49-26] cannot add Board Part xilinx.com:zcu106:part0:2.6 available at E:/Xilinx/Vivado/2023.2/data/xhub/boards/XilinxBoardStore/boards/Xilinx/zcu106/2.6/board.xml as part xczu7ev-ffvc1156-2-e specified in board_part file is either invalid or not available
WARNING: [Board 49-26] cannot add Board Part xilinx.com:zcu111:part0:1.2 available at E:/Xilinx/Vivado/2023.2/data/xhub/boards/XilinxBoardStore/boards/Xilinx/zcu111/1.2/board.xml as part xczu28dr-ffvg1517-2-e specified in board_part file is either invalid or not available
WARNING: [Board 49-26] cannot add Board Part xilinx.com:zcu111:part0:1.3 available at E:/Xilinx/Vivado/2023.2/data/xhub/boards/XilinxBoardStore/boards/Xilinx/zcu111/1.3/board.xml as part xczu28dr-ffvg1517-2-e specified in board_part file is either invalid or not available
WARNING: [Board 49-26] cannot add Board Part xilinx.com:zcu111:part0:1.4 available at E:/Xilinx/Vivado/2023.2/data/xhub/boards/XilinxBoardStore/boards/Xilinx/zcu111/1.4/board.xml as part xczu28dr-ffvg1517-2-e specified in board_part file is either invalid or not available
WARNING: [Board 49-26] cannot add Board Part xilinx.com:zcu1275:part0:1.0 available at E:/Xilinx/Vivado/2023.2/data/xhub/boards/XilinxBoardStore/boards/Xilinx/zcu1275/1.0/board.xml as part xczu29dr-ffvf1760-2-e specified in board_part file is either invalid or not available
WARNING: [Board 49-26] cannot add Board Part xilinx.com:zcu1285:part0:1.0 available at E:/Xilinx/Vivado/2023.2/data/xhub/boards/XilinxBoardStore/boards/Xilinx/zcu1285/1.0/board.xml as part xczu39dr-ffvf1760-2-i specified in board_part file is either invalid or not available
WARNING: [Board 49-26] cannot add Board Part xilinx.com:zcu208:part0:2.0 available at E:/Xilinx/Vivado/2023.2/data/xhub/boards/XilinxBoardStore/boards/Xilinx/zcu208/production/2.0/board.xml as part xczu48dr-fsvg1517-2-e specified in board_part file is either invalid or not available
WARNING: [Board 49-26] cannot add Board Part xilinx.com:zcu208ld:part0:2.0 available at E:/Xilinx/Vivado/2023.2/data/xhub/boards/XilinxBoardStore/boards/Xilinx/zcu208ld/production/2.0/board.xml as part xczu58dr-fsvg1517-2-i specified in board_part file is either invalid or not available
WARNING: [Board 49-26] cannot add Board Part xilinx.com:zcu216:part0:2.0 available at E:/Xilinx/Vivado/2023.2/data/xhub/boards/XilinxBoardStore/boards/Xilinx/zcu216/production/2.0/board.xml as part xczu49dr-ffvf1760-2-e specified in board_part file is either invalid or not available
WARNING: [Board 49-26] cannot add Board Part xilinx.com:zcu216ld:part0:2.0 available at E:/Xilinx/Vivado/2023.2/data/xhub/boards/XilinxBoardStore/boards/Xilinx/zcu216ld/production/2.0/board.xml as part xczu59dr-ffvf1760-2-i specified in board_part file is either invalid or not available
WARNING: [Board 49-26] cannot add Board Part xilinx.com:zcu670:part0:2.0 available at E:/Xilinx/Vivado/2023.2/data/xhub/boards/XilinxBoardStore/boards/Xilinx/zcu670/2.0/board.xml as part xczu67dr-fsve1156-2-i specified in board_part file is either invalid or not available
WARNING: [Board 49-26] cannot add Board Part xilinx.com:zcu670ld:part0:1.0 available at E:/Xilinx/Vivado/2023.2/data/xhub/boards/XilinxBoardStore/boards/Xilinx/zcu670ld/1.0/board.xml as part xczu57dr-fsve1156-2-i specified in board_part file is either invalid or not available
WARNING: [filemgmt 56-3] IP Repository Path: Could not find the directory 'E:/../AppData/Roaming/Xilinx/ip_repo'.
Scanning sources...
Finished scanning sources
INFO: [IP_Flow 19-234] Refreshing IP repositories
WARNING: [IP_Flow 19-2248] Failed to load user IP repository 'e:AppData/Roaming/Xilinx/ip_repo'; Can't find the specified path.
If this directory should no longer be in your list of user repositories, go to the IP Settings dialog and remove it.
INFO: [IP_Flow 19-2313] Loaded Vivado IP repository 'E:/Xilinx/Vivado/2023.2/data/ip'.
open_project: Time (s): cpu = 00:00:22 ; elapsed = 00:00:11 . Memory (MB): peak = 1523.906 ; gain = 373.695
update_compile_order -fileset sources_1
open_hw_manager
connect_hw_server -allow_non_jtag
INFO: [Labtools 27-2285] Connecting to hw_server url TCP:localhost:3121
INFO: [Labtools 27-2222] Launching hw_server...
INFO: [Labtools 27-2221] Launch Output:
ECHO 处于关闭状态。
ECHO 处于关闭状态。

****** Xilinx hw_server v2023.2
  **** Build date : Oct 13 2023 at 21:31:40
    ** Copyright 1986-2022 Xilinx, Inc. All Rights Reserved.


INFO: [Labtools 27-3415] Connecting to cs_server url TCP:localhost:0
INFO: [Labtools 27-3417] Launching cs_server...
INFO: [Labtools 27-2221] Launch Output:
ECHO 处于关闭状态。
ECHO 处于关闭状态。


******** Xilinx cs_server v2023.2.0
  ****** Build date   : Oct 10 2023-12:01:56
    **** Build number : 2023.2.1696910516
      ** Copyright 2017-2022 Xilinx, Inc. All Rights Reserved.
      ** Copyright 2022-2026 Advanced Micro Devices, Inc. All Rights Reserved.



connect_hw_server: Time (s): cpu = 00:00:01 ; elapsed = 00:00:05 . Memory (MB): peak = 1579.910 ; gain = 0.000
open_hw_target
INFO: [Labtoolstcl 44-466] Opening hw_target localhost:3121/xilinx_tcf/Digilent/250826101141
set_property PROGRAM.FILE {E:/JYD2025_Contest-rv32i55555/JYD2025_Contest-rv32i/digital_twin.runs/impl_1/top.bit} [get_hw_devices xc7k325t_0]
current_hw_device [get_hw_devices xc7k325t_0]
refresh_hw_device -update_hw_probes false [lindex [get_hw_devices xc7k325t_0] 0]
INFO: [Labtools 27-1434] Device xc7k325t (JTAG device index = 0) is programmed with a design that has no supported debug core(s) in it.
set_property PROBES.FILE {} [get_hw_devices xc7k325t_0]
set_property FULL_PROBES.FILE {} [get_hw_devices xc7k325t_0]
set_property PROGRAM.FILE {E:/JYD2025_Contest-rv32i55555/JYD2025_Contest-rv32i/digital_twin.runs/impl_1/top.bit} [get_hw_devices xc7k325t_0]
program_hw_devices [get_hw_devices xc7k325t_0]
INFO: [Labtools 27-3164] End of startup status: HIGH
program_hw_devices: Time (s): cpu = 00:00:08 ; elapsed = 00:00:07 . Memory (MB): peak = 1636.555 ; gain = 47.098
refresh_hw_device [lindex [get_hw_devices xc7k325t_0] 0]
INFO: [Labtools 27-1434] Device xc7k325t (JTAG device index = 0) is programmed with a design that has no supported debug core(s) in it.
open_run impl_1
INFO: [Device 21-403] Loading part xc7k325tffg900-2
Netlist sorting complete. Time (s): cpu = 00:00:00 ; elapsed = 00:00:00.043 . Memory (MB): peak = 2046.402 ; gain = 0.000
INFO: [Netlist 29-17] Analyzing 1089 Unisim elements for replacement
INFO: [Netlist 29-28] Unisim Transformation completed in 0 CPU seconds
INFO: [Project 1-479] Netlist was created with Vivado 2023.2
INFO: [Project 1-570] Preparing netlist for logic optimization
Read ShapeDB Complete: Time (s): cpu = 00:00:00 ; elapsed = 00:00:00.016 . Memory (MB): peak = 2158.414 ; gain = 1.203
INFO: [Timing 38-478] Restoring timing data from binary archive.
INFO: [Timing 38-479] Binary timing data restore complete.
INFO: [Project 1-856] Restoring constraints from binary archive.
INFO: [Project 1-853] Binary constraint restore complete.
INFO: [Designutils 20-5722] Start Reading Physical Databases.
Reading placement.
Read Netlist Cache: Time (s): cpu = 00:00:00 ; elapsed = 00:00:00.007 . Memory (MB): peak = 2815.699 ; gain = 0.000
Reading placer database...
Read Device Cache: Time (s): cpu = 00:00:00 ; elapsed = 00:00:00.007 . Memory (MB): peak = 2815.699 ; gain = 0.000
Read PlaceDB: Time (s): cpu = 00:00:01 ; elapsed = 00:00:00.193 . Memory (MB): peak = 2815.699 ; gain = 0.000
Read PulsedLatchDB: Time (s): cpu = 00:00:00 ; elapsed = 00:00:00 . Memory (MB): peak = 2815.699 ; gain = 0.000
Reading routing.
Read RouteStorage: Time (s): cpu = 00:00:00 ; elapsed = 00:00:00.116 . Memory (MB): peak = 2815.699 ; gain = 0.000
Read Physdb Files: Time (s): cpu = 00:00:01 ; elapsed = 00:00:00.336 . Memory (MB): peak = 2815.699 ; gain = 0.000
Restored from archive | CPU: 1.000000 secs | Memory: 0.000000 MB |
Finished XDEF File Restore: Time (s): cpu = 00:00:01 ; elapsed = 00:00:00.336 . Memory (MB): peak = 2815.699 ; gain = 0.000
Netlist sorting complete. Time (s): cpu = 00:00:00 ; elapsed = 00:00:00.002 . Memory (MB): peak = 2815.699 ; gain = 0.000
INFO: [Project 1-111] Unisim Transformation Summary:
No Unisim elements were transformed.

open_run: Time (s): cpu = 00:00:25 ; elapsed = 00:00:25 . Memory (MB): peak = 2990.766 ; gain = 1335.742
report_timing_summary -delay_type min_max -report_unconstrained -check_timing_verbose -max_paths 10 -input_pins -routable_nets -name timing_1
INFO: [Timing 38-91] UpdateTimingParams: Speed grade: -2, Delay Type: min_max.
INFO: [Timing 38-191] Multithreading enabled for timing update using a maximum of 2 CPUs
launch_simulation
Command: launch_simulation 
INFO: [Vivado 12-12493] Simulation top is 'tb_myCPU'
WARNING: [Vivado 12-13340] Unable to auto find GCC executables from simulator install path! (path not set)
INFO: [Vivado 12-5698] Checking validity of IPs in the design for the 'XSim' simulator...
INFO: [Vivado 12-5682] Launching behavioral simulation in 'E:/JYD2025_Contest-rv32i55555/JYD2025_Contest-rv32i/digital_twin.sim/sim_1/behav/xsim'
INFO: [Vivado 12-13660] Precompiled IP simulation library mode is enabled (default). The design IP libraries will be referenced from the compiled library path. Please note that if the precompiled version of the library is not found from the path or the IP is in locked state, then the library source files for these IPs will be compiled locally as part of the compile order.
INFO: [Vivado 12-4795] Using compiled simulation libraries for IPs
INFO: [SIM-utils-51] Simulation object is 'sim_1'
INFO: [SIM-utils-72] Using boost library from 'E:/Xilinx/Vivado/2023.2/tps/boost_1_72_0'
INFO: [USF-XSim-7] Finding pre-compiled libraries...
INFO: [USF-XSim-11] File 'E:/Xilinx/Vivado/2023.2/data/xsim/xsim.ini' copied to run dir:'E:/JYD2025_Contest-rv32i55555/JYD2025_Contest-rv32i/digital_twin.sim/sim_1/behav/xsim'
INFO: [SIM-utils-54] Inspecting design source files for 'tb_myCPU' in fileset 'sim_1'...
INFO: [SIM-utils-43] Exported 'E:/JYD2025_Contest-rv32i55555/JYD2025_Contest-rv32i/digital_twin.sim/sim_1/behav/xsim/DRAM.mif'
INFO: [SIM-utils-43] Exported 'E:/JYD2025_Contest-rv32i55555/JYD2025_Contest-rv32i/digital_twin.sim/sim_1/behav/xsim/dram.coe'
INFO: [SIM-utils-43] Exported 'E:/JYD2025_Contest-rv32i55555/JYD2025_Contest-rv32i/digital_twin.sim/sim_1/behav/xsim/DRAM_BRAM.mif'
INFO: [SIM-utils-43] Exported 'E:/JYD2025_Contest-rv32i55555/JYD2025_Contest-rv32i/digital_twin.sim/sim_1/behav/xsim/dram.coe'
INFO: [SIM-utils-43] Exported 'E:/JYD2025_Contest-rv32i55555/JYD2025_Contest-rv32i/digital_twin.sim/sim_1/behav/xsim/IROM.mif'
INFO: [SIM-utils-43] Exported 'E:/JYD2025_Contest-rv32i55555/JYD2025_Contest-rv32i/digital_twin.sim/sim_1/behav/xsim/irom.coe'
INFO: [SIM-utils-43] Exported 'E:/JYD2025_Contest-rv32i55555/JYD2025_Contest-rv32i/digital_twin.sim/sim_1/behav/xsim/dram.coe'
INFO: [SIM-utils-43] Exported 'E:/JYD2025_Contest-rv32i55555/JYD2025_Contest-rv32i/digital_twin.sim/sim_1/behav/xsim/irom.coe'
INFO: [SIM-utils-43] Exported 'E:/JYD2025_Contest-rv32i55555/JYD2025_Contest-rv32i/digital_twin.sim/sim_1/behav/xsim/irom.coe'
INFO: [SIM-utils-43] Exported 'E:/JYD2025_Contest-rv32i55555/JYD2025_Contest-rv32i/digital_twin.sim/sim_1/behav/xsim/dram.coe'
INFO: [SIM-utils-43] Exported 'E:/JYD2025_Contest-rv32i55555/JYD2025_Contest-rv32i/digital_twin.sim/sim_1/behav/xsim/irom.coe'
INFO: [USF-XSim-97] Finding global include files...
INFO: [USF-XSim-98] Fetching design files from 'sim_1'...
INFO: [USF-XSim-2] XSim::Compile design
INFO: [USF-XSim-61] Executing 'COMPILE and ANALYZE' step in 'E:/JYD2025_Contest-rv32i55555/JYD2025_Contest-rv32i/digital_twin.sim/sim_1/behav/xsim'
"xvlog --incr --relax -L uvm -prj tb_myCPU_vlog.prj"
ECHO 处于关闭状态。
ECHO 处于关闭状态。
INFO: [USF-XSim-69] 'compile' step finished in '2' seconds
INFO: [USF-XSim-3] XSim::Elaborate design
INFO: [USF-XSim-61] Executing 'ELABORATE' step in 'E:/JYD2025_Contest-rv32i55555/JYD2025_Contest-rv32i/digital_twin.sim/sim_1/behav/xsim'
"xelab --incr --debug typical --relax --mt 2 -L xil_defaultlib -L blk_mem_gen_v8_4_7 -L dist_mem_gen_v8_0_14 -L uvm -L unisims_ver -L unimacro_ver -L secureip -L xpm --snapshot tb_myCPU_behav xil_defaultlib.tb_myCPU xil_defaultlib.glbl -log elaborate.log"
ECHO 处于关闭状态。
ECHO 处于关闭状态。
Vivado Simulator v2023.2
Copyright 1986-2022 Xilinx, Inc. All Rights Reserved.
Copyright 2022-2023 Advanced Micro Devices, Inc. All Rights Reserved.
Running: E:/Xilinx/Vivado/2023.2/bin/unwrapped/win64.o/xelab.exe --incr --debug typical --relax --mt 2 -L xil_defaultlib -L blk_mem_gen_v8_4_7 -L dist_mem_gen_v8_0_14 -L uvm -L unisims_ver -L unimacro_ver -L secureip -L xpm --snapshot tb_myCPU_behav xil_defaultlib.tb_myCPU xil_defaultlib.glbl -log elaborate.log 
Using 2 slave threads.
Starting static elaboration
Pass Through NonSizing Optimizer
Completed static elaboration
INFO: [XSIM 43-4323] No Change in HDL. Linking previously generated obj files to create kernel
INFO: [USF-XSim-69] 'elaborate' step finished in '3' seconds
INFO: [USF-XSim-4] XSim::Simulate design
INFO: [USF-XSim-61] Executing 'SIMULATE' step in 'E:/JYD2025_Contest-rv32i55555/JYD2025_Contest-rv32i/digital_twin.sim/sim_1/behav/xsim'
INFO: [USF-XSim-98] *** Running xsim
   with args "tb_myCPU_behav -key {Behavioral:sim_1:Functional:tb_myCPU} -tclbatch {tb_myCPU.tcl} -view {E:/JYD2025_Contest-rv32i55555/JYD2025_Contest-rv32i/digital_twin.srcs/sim_1/imports/JYD2025_Contest-rv32i-error/tb_uart_behav.wcfg} -view {E:/JYD2025_Contest-rv32i55555/JYD2025_Contest-rv32i/digital_twin.srcs/sim_1/imports/JYD2025_Contest-rv32i-error/tb_top_behav.wcfg} -view {E:/JYD2025_Contest-rv32i55555/JYD2025_Contest-rv32i/digital_twin.srcs/sim_1/imports/JYD2025_Contest-rv32i-error/tb_myCPU_behav.wcfg} -log {simulate.log}"
INFO: [USF-XSim-8] Loading simulator feature
Time resolution is 1 ps
open_wave_config E:/JYD2025_Contest-rv32i55555/JYD2025_Contest-rv32i/digital_twin.srcs/sim_1/imports/JYD2025_Contest-rv32i-error/tb_uart_behav.wcfg
WARNING: Simulation object /tb_uart/clk was not found in the design.
WARNING: Simulation object /tb_uart/rst_n was not found in the design.
WARNING: Simulation object /tb_uart/rx was not found in the design.
WARNING: Simulation object /tb_uart/rx_ready was not found in the design.
WARNING: Simulation object /tb_uart/rx_data was not found in the design.
WARNING: Simulation object /tb_uart/tx was not found in the design.
WARNING: Simulation object /tb_uart/tx_start was not found in the design.
WARNING: Simulation object /tb_uart/tx_data was not found in the design.
WARNING: Simulation object /tb_uart/tx_busy was not found in the design.
WARNING: Simulation object /tb_uart/BIT_PERIOD was not found in the design.
open_wave_config E:/JYD2025_Contest-rv32i55555/JYD2025_Contest-rv32i/digital_twin.srcs/sim_1/imports/JYD2025_Contest-rv32i-error/tb_top_behav.wcfg
WARNING: Simulation object /tb_top/clk was not found in the design.
WARNING: Simulation object /tb_top/serial_rx was not found in the design.
WARNING: Simulation object /tb_top/uut/uart_inst/rx was not found in the design.
WARNING: Simulation object /tb_top/uut/uart_inst/rx_ready was not found in the design.
WARNING: Simulation object /tb_top/uut/uart_inst/rx_data was not found in the design.
WARNING: Simulation object /tb_top/uut/uart_inst/rx_ready was not found in the design.
WARNING: Simulation object /tb_top/uut/uart_inst/rx_bit_cnt was not found in the design.
WARNING: Simulation object /tb_top/uut/uart_inst/tx was not found in the design.
WARNING: Simulation object /tb_top/serial_tx was not found in the design.
WARNING: Simulation object /tb_top/uut/uart_inst/tx_busy was not found in the design.
WARNING: Simulation object /tb_top/uut/uart_inst/tx_data was not found in the design.
WARNING: Simulation object /tb_top/uut/twin_controller_inst/current_state was not found in the design.
WARNING: Simulation object /tb_top/uut/twin_controller_inst/tx_busy was not found in the design.
WARNING: Simulation object /tb_top/uut/twin_controller_inst/tx_start_next was not found in the design.
WARNING: Simulation object /tb_top/uut/twin_controller_inst/send_cnt was not found in the design.
WARNING: Simulation object /tb_top/uut/twin_controller_inst/status_buffer was not found in the design.
WARNING: Simulation object /tb_top/uut/twin_controller_inst/tx_start was not found in the design.
WARNING: Simulation object /tb_top/uut/twin_controller_inst/tx_data was not found in the design.
WARNING: Simulation object /tb_top/uut/student_top_inst/w_clk_50Mhz was not found in the design.
WARNING: Simulation object /tb_top/uut/student_top_inst/w_clk_rst was not found in the design.
WARNING: Simulation object /tb_top/uut/student_top_inst/virtual_key was not found in the design.
WARNING: Simulation object /tb_top/uut/student_top_inst/virtual_sw was not found in the design.
WARNING: Simulation object /tb_top/uut/student_top_inst/virtual_led was not found in the design.
WARNING: Simulation object /tb_top/uut/student_top_inst/virtual_seg was not found in the design.
WARNING: Simulation object /tb_top/uut/student_top_inst/seg_driver/count was not found in the design.
WARNING: Simulation object /tb_top/uut/student_top_inst/seg_driver/ans was not found in the design.
open_wave_config E:/JYD2025_Contest-rv32i55555/JYD2025_Contest-rv32i/digital_twin.srcs/sim_1/imports/JYD2025_Contest-rv32i-error/tb_myCPU_behav.wcfg
source tb_myCPU.tcl
# set curr_wave [current_wave_config]
# if { [string length $curr_wave] == 0 } {
#   if { [llength [get_objects]] > 0} {
#     add_wave /
#     set_property needs_save false [current_wave_config]
#   } else {
#      send_msg_id Add_Wave-1 WARNING "No top level signals found. Simulator will start without a wave window. If you want to open a wave window go to 'File->New Waveform Configuration' or type 'create_wave_config' in the TCL console."
#   }
# }
# log_wave -r /
WARNING: [Simtcl 6-197] One or more HDL objects could not be logged because of object type or size limitations.  To see details please rerun the command with -verbose (-v).
# run 1000ns
WARNING: This core is supplied with a behavioral model. To model cycle-accurate behavior you must run timing simulation.
 Block Memory Generator module loading initial data...
 Block Memory Generator data initialization complete.
Block Memory Generator module tb_myCPU.uut.student_top_inst.bridge_inst.dram_driver_inst.Mem_DRAM.inst.\native_mem_module.blk_mem_gen_v8_4_7_inst  is using a behavioral model for simulation which will not precisely model memory collision behavior.
INFO: [USF-XSim-96] XSim completed. Design snapshot 'tb_myCPU_behav' loaded.
INFO: [USF-XSim-97] XSim simulation ran for 1000ns
launch_simulation: Time (s): cpu = 00:00:09 ; elapsed = 00:00:11 . Memory (MB): peak = 3155.312 ; gain = 38.672
run all
run: Time (s): cpu = 00:00:08 ; elapsed = 00:00:07 . Memory (MB): peak = 3155.312 ; gain = 0.000
close_hw_manager
close_sim
INFO: [Simtcl 6-16] Simulation closed
launch_simulation
Command: launch_simulation 
INFO: [Vivado 12-12493] Simulation top is 'tb_myCPU'
WARNING: [Vivado 12-13340] Unable to auto find GCC executables from simulator install path! (path not set)
INFO: [Vivado 12-5698] Checking validity of IPs in the design for the 'XSim' simulator...
INFO: [Vivado 12-5682] Launching behavioral simulation in 'E:/JYD2025_Contest-rv32i55555/JYD2025_Contest-rv32i/digital_twin.sim/sim_1/behav/xsim'
INFO: [Vivado 12-13660] Precompiled IP simulation library mode is enabled (default). The design IP libraries will be referenced from the compiled library path. Please note that if the precompiled version of the library is not found from the path or the IP is in locked state, then the library source files for these IPs will be compiled locally as part of the compile order.
INFO: [Vivado 12-4795] Using compiled simulation libraries for IPs
INFO: [SIM-utils-51] Simulation object is 'sim_1'
INFO: [SIM-utils-72] Using boost library from 'E:/Xilinx/Vivado/2023.2/tps/boost_1_72_0'
INFO: [USF-XSim-7] Finding pre-compiled libraries...
INFO: [USF-XSim-11] File 'E:/Xilinx/Vivado/2023.2/data/xsim/xsim.ini' copied to run dir:'E:/JYD2025_Contest-rv32i55555/JYD2025_Contest-rv32i/digital_twin.sim/sim_1/behav/xsim'
INFO: [SIM-utils-54] Inspecting design source files for 'tb_myCPU' in fileset 'sim_1'...
INFO: [SIM-utils-43] Exported 'E:/JYD2025_Contest-rv32i55555/JYD2025_Contest-rv32i/digital_twin.sim/sim_1/behav/xsim/DRAM.mif'
INFO: [SIM-utils-43] Exported 'E:/JYD2025_Contest-rv32i55555/JYD2025_Contest-rv32i/digital_twin.sim/sim_1/behav/xsim/dram.coe'
INFO: [SIM-utils-43] Exported 'E:/JYD2025_Contest-rv32i55555/JYD2025_Contest-rv32i/digital_twin.sim/sim_1/behav/xsim/DRAM_BRAM.mif'
INFO: [SIM-utils-43] Exported 'E:/JYD2025_Contest-rv32i55555/JYD2025_Contest-rv32i/digital_twin.sim/sim_1/behav/xsim/dram.coe'
INFO: [SIM-utils-43] Exported 'E:/JYD2025_Contest-rv32i55555/JYD2025_Contest-rv32i/digital_twin.sim/sim_1/behav/xsim/IROM.mif'
INFO: [SIM-utils-43] Exported 'E:/JYD2025_Contest-rv32i55555/JYD2025_Contest-rv32i/digital_twin.sim/sim_1/behav/xsim/irom.coe'
INFO: [SIM-utils-43] Exported 'E:/JYD2025_Contest-rv32i55555/JYD2025_Contest-rv32i/digital_twin.sim/sim_1/behav/xsim/dram.coe'
INFO: [SIM-utils-43] Exported 'E:/JYD2025_Contest-rv32i55555/JYD2025_Contest-rv32i/digital_twin.sim/sim_1/behav/xsim/irom.coe'
INFO: [SIM-utils-43] Exported 'E:/JYD2025_Contest-rv32i55555/JYD2025_Contest-rv32i/digital_twin.sim/sim_1/behav/xsim/irom.coe'
INFO: [SIM-utils-43] Exported 'E:/JYD2025_Contest-rv32i55555/JYD2025_Contest-rv32i/digital_twin.sim/sim_1/behav/xsim/dram.coe'
INFO: [SIM-utils-43] Exported 'E:/JYD2025_Contest-rv32i55555/JYD2025_Contest-rv32i/digital_twin.sim/sim_1/behav/xsim/irom.coe'
INFO: [USF-XSim-97] Finding global include files...
INFO: [USF-XSim-98] Fetching design files from 'sim_1'...
INFO: [USF-XSim-2] XSim::Compile design
INFO: [USF-XSim-61] Executing 'COMPILE and ANALYZE' step in 'E:/JYD2025_Contest-rv32i55555/JYD2025_Contest-rv32i/digital_twin.sim/sim_1/behav/xsim'
"xvlog --incr --relax -L uvm -prj tb_myCPU_vlog.prj"
ECHO 处于关闭状态。
ECHO 处于关闭状态。
INFO: [VRFC 10-2263] Analyzing SystemVerilog file "E:/JYD2025_Contest-rv32i55555/JYD2025_Contest-rv32i/digital_twin.srcs/sources_1/imports/new/ACTL.sv" into library xil_defaultlib
INFO: [VRFC 10-311] analyzing module ACTL
INFO: [VRFC 10-2263] Analyzing SystemVerilog file "E:/JYD2025_Contest-rv32i55555/JYD2025_Contest-rv32i/digital_twin.srcs/sources_1/imports/new/ALU.sv" into library xil_defaultlib
INFO: [VRFC 10-311] analyzing module ALU
INFO: [VRFC 10-2263] Analyzing SystemVerilog file "E:/JYD2025_Contest-rv32i55555/JYD2025_Contest-rv32i/digital_twin.srcs/sources_1/imports/new/Control.sv" into library xil_defaultlib
INFO: [VRFC 10-311] analyzing module Control
INFO: [VRFC 10-2263] Analyzing SystemVerilog file "E:/JYD2025_Contest-rv32i55555/JYD2025_Contest-rv32i/digital_twin.srcs/sources_1/imports/new/IMMGEN.sv" into library xil_defaultlib
INFO: [VRFC 10-311] analyzing module IMMGEN
INFO: [VRFC 10-2263] Analyzing SystemVerilog file "E:/JYD2025_Contest-rv32igitttttt/JYD2025_Contest-rv32i/digital_twin.srcs/sources_1/imports/new/MUX4_1.sv" into library xil_defaultlib
INFO: [VRFC 10-311] analyzing module MUX4_1
INFO: [VRFC 10-2263] Analyzing SystemVerilog file "E:/JYD2025_Contest-rv32i55555/JYD2025_Contest-rv32i/digital_twin.srcs/sources_1/imports/new/Mask.sv" into library xil_defaultlib
INFO: [VRFC 10-311] analyzing module Mask
INFO: [VRFC 10-2263] Analyzing SystemVerilog file "E:/JYD2025_Contest-rv32i55555/JYD2025_Contest-rv32i/digital_twin.srcs/sources_1/imports/new/PC.sv" into library xil_defaultlib
INFO: [VRFC 10-311] analyzing module PC
INFO: [VRFC 10-2263] Analyzing SystemVerilog file "E:/JYD2025_Contest-rv32i55555/JYD2025_Contest-rv32i/digital_twin.srcs/sources_1/imports/new/RF.sv" into library xil_defaultlib
INFO: [VRFC 10-311] analyzing module RF
INFO: [VRFC 10-2263] Analyzing SystemVerilog file "E:/JYD2025_Contest-rv32i55555/JYD2025_Contest-rv32i/digital_twin.srcs/sources_1/new/counter.sv" into library xil_defaultlib
INFO: [VRFC 10-311] analyzing module counter
INFO: [VRFC 10-2263] Analyzing SystemVerilog file "E:/JYD2025_Contest-rv32i55555/JYD2025_Contest-rv32i/digital_twin.srcs/sources_1/new/display_seg.sv" into library xil_defaultlib
INFO: [VRFC 10-311] analyzing module display_seg
INFO: [VRFC 10-2263] Analyzing SystemVerilog file "E:/JYD2025_Contest-rv32i55555/JYD2025_Contest-rv32i/digital_twin.srcs/sources_1/new/dram_driver.sv" into library xil_defaultlib
INFO: [VRFC 10-311] analyzing module dram_driver
INFO: [VRFC 10-2263] Analyzing SystemVerilog file "E:/JYD2025_Contest-rv32i55555/JYD2025_Contest-rv32i/digital_twin.srcs/sources_1/imports/new/myCPU.sv" into library xil_defaultlib
INFO: [VRFC 10-311] analyzing module myCPU
INFO: [VRFC 10-2263] Analyzing SystemVerilog file "E:/JYD2025_Contest-rv32i55555/JYD2025_Contest-rv32i/digital_twin.srcs/sources_1/new/perip_bridge.sv" into library xil_defaultlib
INFO: [VRFC 10-311] analyzing module perip_bridge
INFO: [VRFC 10-2263] Analyzing SystemVerilog file "E:/JYD2025_Contest-rv32i55555/JYD2025_Contest-rv32i/digital_twin.srcs/sources_1/new/seg7.sv" into library xil_defaultlib
INFO: [VRFC 10-311] analyzing module seg7
INFO: [VRFC 10-2263] Analyzing SystemVerilog file "E:/JYD2025_Contest-rv32i55555/JYD2025_Contest-rv32i/digital_twin.srcs/sources_1/new/stage_EX.sv" into library xil_defaultlib
INFO: [VRFC 10-311] analyzing module stage_EX
INFO: [VRFC 10-2263] Analyzing SystemVerilog file "E:/JYD2025_Contest-rv32i55555/JYD2025_Contest-rv32i/digital_twin.srcs/sources_1/new/stage_ID.sv" into library xil_defaultlib
INFO: [VRFC 10-311] analyzing module stage_ID
INFO: [VRFC 10-2263] Analyzing SystemVerilog file "E:/JYD2025_Contest-rv32i55555/JYD2025_Contest-rv32i/digital_twin.srcs/sources_1/new/stage_IF.sv" into library xil_defaultlib
INFO: [VRFC 10-311] analyzing module stage_IF
INFO: [VRFC 10-2263] Analyzing SystemVerilog file "E:/JYD2025_Contest-rv32i55555/JYD2025_Contest-rv32i/digital_twin.srcs/sources_1/new/stage_MEM.sv" into library xil_defaultlib
INFO: [VRFC 10-311] analyzing module stage_MEM
WARNING: [VRFC 10-3380] identifier 'mem_valid_eff' is used before its declaration [E:/JYD2025_Contest-rv32i55555/JYD2025_Contest-rv32i/digital_twin.srcs/sources_1/new/stage_MEM.sv:94]
INFO: [VRFC 10-2263] Analyzing SystemVerilog file "E:/JYD2025_Contest-rv32i55555/JYD2025_Contest-rv32i/digital_twin.srcs/sources_1/new/stage_WB.sv" into library xil_defaultlib
INFO: [VRFC 10-311] analyzing module stage_WB
INFO: [VRFC 10-2263] Analyzing SystemVerilog file "E:/JYD2025_Contest-rv32i55555/JYD2025_Contest-rv32i/digital_twin.srcs/sources_1/new/student_top.sv" into library xil_defaultlib
INFO: [VRFC 10-311] analyzing module student_top
INFO: [VRFC 10-2263] Analyzing SystemVerilog file "E:/JYD2025_Contest-rv32i55555/JYD2025_Contest-rv32i/digital_twin.srcs/sources_1/new/top.sv" into library xil_defaultlib
INFO: [VRFC 10-311] analyzing module top
INFO: [VRFC 10-2263] Analyzing SystemVerilog file "E:/JYD2025_Contest-rv32i55555/JYD2025_Contest-rv32i/digital_twin.srcs/sources_1/new/twin_controller.sv" into library xil_defaultlib
INFO: [VRFC 10-311] analyzing module twin_controller
INFO: [VRFC 10-2263] Analyzing SystemVerilog file "E:/JYD2025_Contest-rv32i55555/JYD2025_Contest-rv32i/digital_twin.srcs/sources_1/new/uart.sv" into library xil_defaultlib
INFO: [VRFC 10-311] analyzing module uart
INFO: [VRFC 10-2263] Analyzing SystemVerilog file "E:/JYD2025_Contest-rv32i55555/JYD2025_Contest-rv32i/digital_twin.srcs/sim_1/new/tb_myCPU.sv" into library xil_defaultlib
INFO: [VRFC 10-311] analyzing module tb_myCPU
INFO: [USF-XSim-69] 'compile' step finished in '3' seconds
INFO: [USF-XSim-3] XSim::Elaborate design
INFO: [USF-XSim-61] Executing 'ELABORATE' step in 'E:/JYD2025_Contest-rv32i55555/JYD2025_Contest-rv32i/digital_twin.sim/sim_1/behav/xsim'
"xelab --incr --debug typical --relax --mt 2 -L xil_defaultlib -L blk_mem_gen_v8_4_7 -L dist_mem_gen_v8_0_14 -L uvm -L unisims_ver -L unimacro_ver -L secureip -L xpm --snapshot tb_myCPU_behav xil_defaultlib.tb_myCPU xil_defaultlib.glbl -log elaborate.log"
ECHO 处于关闭状态。
ECHO 处于关闭状态。
Vivado Simulator v2023.2
Copyright 1986-2022 Xilinx, Inc. All Rights Reserved.
Copyright 2022-2023 Advanced Micro Devices, Inc. All Rights Reserved.
Running: E:/Xilinx/Vivado/2023.2/bin/unwrapped/win64.o/xelab.exe --incr --debug typical --relax --mt 2 -L xil_defaultlib -L blk_mem_gen_v8_4_7 -L dist_mem_gen_v8_0_14 -L uvm -L unisims_ver -L unimacro_ver -L secureip -L xpm --snapshot tb_myCPU_behav xil_defaultlib.tb_myCPU xil_defaultlib.glbl -log elaborate.log 
Using 2 slave threads.
Starting static elaboration
Pass Through NonSizing Optimizer
Completed static elaboration
Starting simulation data flow analysis
Completed simulation data flow analysis
Time Resolution for simulation is 1ps
Compiling module unisims_ver.IBUFDS
Compiling module unisims_ver.PLLE2_ADV(CLKFBOUT_MULT=9,CLKIN1...
Compiling module unisims_ver.BUFG
Compiling module xil_defaultlib.pll_clk_wiz
Compiling module xil_defaultlib.pll
Compiling module xil_defaultlib.uart(BAUD_RATE=9600)
Compiling module xil_defaultlib.twin_controller
Compiling module xil_defaultlib.PC
Compiling module xil_defaultlib.stage_IF
Compiling module xil_defaultlib.Control
Compiling module xil_defaultlib.IMMGEN
Compiling module xil_defaultlib.ACTL
Compiling module xil_defaultlib.stage_ID
Compiling module xil_defaultlib.ALU
Compiling module xil_defaultlib.stage_EX
Compiling module xil_defaultlib.Mask
Compiling module xil_defaultlib.stage_MEM
Compiling module xil_defaultlib.MUX4_1
Compiling module xil_defaultlib.stage_WB
Compiling module xil_defaultlib.RF
Compiling module xil_defaultlib.myCPU
Compiling module dist_mem_gen_v8_0_14.dist_mem_gen_v8_0_14(C_FAMILY="k...
Compiling module xil_defaultlib.IROM
Compiling module xil_defaultlib.seg7
Compiling module xil_defaultlib.display_seg
Compiling module blk_mem_gen_v8_4_7.blk_mem_gen_v8_4_7_output_stage(...
Compiling module blk_mem_gen_v8_4_7.blk_mem_gen_v8_4_7_softecc_outpu...
Compiling module blk_mem_gen_v8_4_7.blk_mem_gen_v8_4_7_mem_module(C_...
Compiling module blk_mem_gen_v8_4_7.blk_mem_gen_v8_4_7(C_FAMILY="kin...
Compiling module xil_defaultlib.DRAM_BRAM
Compiling module xil_defaultlib.dram_driver
Compiling module xil_defaultlib.counter
Compiling module xil_defaultlib.perip_bridge
Compiling module xil_defaultlib.student_top
Compiling module xil_defaultlib.top
Compiling module xil_defaultlib.tb_myCPU
Compiling module xil_defaultlib.glbl
Built simulation snapshot tb_myCPU_behav
run_program: Time (s): cpu = 00:00:00 ; elapsed = 00:00:09 . Memory (MB): peak = 3155.312 ; gain = 0.000
INFO: [USF-XSim-69] 'elaborate' step finished in '9' seconds
INFO: [USF-XSim-4] XSim::Simulate design
INFO: [USF-XSim-61] Executing 'SIMULATE' step in 'E:/JYD2025_Contest-rv32i55555/JYD2025_Contest-rv32i/digital_twin.sim/sim_1/behav/xsim'
INFO: [USF-XSim-98] *** Running xsim
   with args "tb_myCPU_behav -key {Behavioral:sim_1:Functional:tb_myCPU} -tclbatch {tb_myCPU.tcl} -view {E:/JYD2025_Contest-rv32i55555/JYD2025_Contest-rv32i/digital_twin.srcs/sim_1/imports/JYD2025_Contest-rv32i-error/tb_uart_behav.wcfg} -view {E:/JYD2025_Contest-rv32i55555/JYD2025_Contest-rv32i/digital_twin.srcs/sim_1/imports/JYD2025_Contest-rv32i-error/tb_top_behav.wcfg} -view {E:/JYD2025_Contest-rv32i55555/JYD2025_Contest-rv32i/digital_twin.srcs/sim_1/imports/JYD2025_Contest-rv32i-error/tb_myCPU_behav.wcfg} -log {simulate.log}"
INFO: [USF-XSim-8] Loading simulator feature
Time resolution is 1 ps
open_wave_config E:/JYD2025_Contest-rv32i55555/JYD2025_Contest-rv32i/digital_twin.srcs/sim_1/imports/JYD2025_Contest-rv32i-error/tb_uart_behav.wcfg
WARNING: Simulation object /tb_uart/clk was not found in the design.
WARNING: Simulation object /tb_uart/rst_n was not found in the design.
WARNING: Simulation object /tb_uart/rx was not found in the design.
WARNING: Simulation object /tb_uart/rx_ready was not found in the design.
WARNING: Simulation object /tb_uart/rx_data was not found in the design.
WARNING: Simulation object /tb_uart/tx was not found in the design.
WARNING: Simulation object /tb_uart/tx_start was not found in the design.
WARNING: Simulation object /tb_uart/tx_data was not found in the design.
WARNING: Simulation object /tb_uart/tx_busy was not found in the design.
WARNING: Simulation object /tb_uart/BIT_PERIOD was not found in the design.
open_wave_config E:/JYD2025_Contest-rv32i55555/JYD2025_Contest-rv32i/digital_twin.srcs/sim_1/imports/JYD2025_Contest-rv32i-error/tb_top_behav.wcfg
WARNING: Simulation object /tb_top/clk was not found in the design.
WARNING: Simulation object /tb_top/serial_rx was not found in the design.
WARNING: Simulation object /tb_top/uut/uart_inst/rx was not found in the design.
WARNING: Simulation object /tb_top/uut/uart_inst/rx_ready was not found in the design.
WARNING: Simulation object /tb_top/uut/uart_inst/rx_data was not found in the design.
WARNING: Simulation object /tb_top/uut/uart_inst/rx_ready was not found in the design.
WARNING: Simulation object /tb_top/uut/uart_inst/rx_bit_cnt was not found in the design.
WARNING: Simulation object /tb_top/uut/uart_inst/tx was not found in the design.
WARNING: Simulation object /tb_top/serial_tx was not found in the design.
WARNING: Simulation object /tb_top/uut/uart_inst/tx_busy was not found in the design.
WARNING: Simulation object /tb_top/uut/uart_inst/tx_data was not found in the design.
WARNING: Simulation object /tb_top/uut/twin_controller_inst/current_state was not found in the design.
WARNING: Simulation object /tb_top/uut/twin_controller_inst/tx_busy was not found in the design.
WARNING: Simulation object /tb_top/uut/twin_controller_inst/tx_start_next was not found in the design.
WARNING: Simulation object /tb_top/uut/twin_controller_inst/send_cnt was not found in the design.
WARNING: Simulation object /tb_top/uut/twin_controller_inst/status_buffer was not found in the design.
WARNING: Simulation object /tb_top/uut/twin_controller_inst/tx_start was not found in the design.
WARNING: Simulation object /tb_top/uut/twin_controller_inst/tx_data was not found in the design.
WARNING: Simulation object /tb_top/uut/student_top_inst/w_clk_50Mhz was not found in the design.
WARNING: Simulation object /tb_top/uut/student_top_inst/w_clk_rst was not found in the design.
WARNING: Simulation object /tb_top/uut/student_top_inst/virtual_key was not found in the design.
WARNING: Simulation object /tb_top/uut/student_top_inst/virtual_sw was not found in the design.
WARNING: Simulation object /tb_top/uut/student_top_inst/virtual_led was not found in the design.
WARNING: Simulation object /tb_top/uut/student_top_inst/virtual_seg was not found in the design.
WARNING: Simulation object /tb_top/uut/student_top_inst/seg_driver/count was not found in the design.
WARNING: Simulation object /tb_top/uut/student_top_inst/seg_driver/ans was not found in the design.
open_wave_config E:/JYD2025_Contest-rv32i55555/JYD2025_Contest-rv32i/digital_twin.srcs/sim_1/imports/JYD2025_Contest-rv32i-error/tb_myCPU_behav.wcfg
source tb_myCPU.tcl
# set curr_wave [current_wave_config]
# if { [string length $curr_wave] == 0 } {
#   if { [llength [get_objects]] > 0} {
#     add_wave /
#     set_property needs_save false [current_wave_config]
#   } else {
#      send_msg_id Add_Wave-1 WARNING "No top level signals found. Simulator will start without a wave window. If you want to open a wave window go to 'File->New Waveform Configuration' or type 'create_wave_config' in the TCL console."
#   }
# }
# log_wave -r /
WARNING: [Simtcl 6-197] One or more HDL objects could not be logged because of object type or size limitations.  To see details please rerun the command with -verbose (-v).
# run 1000ns
WARNING: This core is supplied with a behavioral model. To model cycle-accurate behavior you must run timing simulation.
 Block Memory Generator module loading initial data...
 Block Memory Generator data initialization complete.
Block Memory Generator module tb_myCPU.uut.student_top_inst.bridge_inst.dram_driver_inst.Mem_DRAM.inst.\native_mem_module.blk_mem_gen_v8_4_7_inst  is using a behavioral model for simulation which will not precisely model memory collision behavior.
INFO: [USF-XSim-96] XSim completed. Design snapshot 'tb_myCPU_behav' loaded.
INFO: [USF-XSim-97] XSim simulation ran for 1000ns
launch_simulation: Time (s): cpu = 00:00:07 ; elapsed = 00:00:17 . Memory (MB): peak = 3155.312 ; gain = 0.000
run all
reset_run synth_1
INFO: [Project 1-1161] Replacing file E:/JYD2025_Contest-rv32i55555/JYD2025_Contest-rv32i/digital_twin.srcs/utils_1/imports/synth_1/top.dcp with file E:/JYD2025_Contest-rv32i55555/JYD2025_Contest-rv32i/digital_twin.runs/synth_1/top.dcp
WARNING: [Vivado 12-1017] Problems encountered:
1. Failed to delete one or more files in run directory E:/JYD2025_Contest-rv32i55555/JYD2025_Contest-rv32i/digital_twin.runs/synth_1

launch_runs impl_1 -jobs 16
INFO: [Vivado 12-4149] The synthesis checkpoint for IP 'E:/JYD2025_Contest-rv32i55555/JYD2025_Contest-rv32i/digital_twin.srcs/sources_1/ip/pll_1/pll.xci' is already up-to-date
[Sun May  3 14:23:27 2026] Launched synth_1...
Run output will be captured here: E:/JYD2025_Contest-rv32i55555/JYD2025_Contest-rv32i/digital_twin.runs/synth_1/runme.log
[Sun May  3 14:23:27 2026] Launched impl_1...
Run output will be captured here: E:/JYD2025_Contest-rv32i55555/JYD2025_Contest-rv32i/digital_twin.runs/impl_1/runme.log
report_timing_summary -delay_type min_max -report_unconstrained -check_timing_verbose -max_paths 10 -input_pins -routable_nets -name timing_2
INFO: [Timing 38-91] UpdateTimingParams: Speed grade: -2, Delay Type: min_max.
INFO: [Timing 38-191] Multithreading enabled for timing update using a maximum of 2 CPUs
refresh_design
Netlist sorting complete. Time (s): cpu = 00:00:00 ; elapsed = 00:00:00.049 . Memory (MB): peak = 3488.359 ; gain = 0.000
INFO: [Netlist 29-17] Analyzing 1096 Unisim elements for replacement
INFO: [Netlist 29-28] Unisim Transformation completed in 0 CPU seconds
INFO: [Project 1-479] Netlist was created with Vivado 2023.2
INFO: [Project 1-570] Preparing netlist for logic optimization
Read ShapeDB Complete: Time (s): cpu = 00:00:00 ; elapsed = 00:00:00.019 . Memory (MB): peak = 3488.359 ; gain = 0.000
INFO: [Timing 38-478] Restoring timing data from binary archive.
INFO: [Timing 38-479] Binary timing data restore complete.
INFO: [Project 1-856] Restoring constraints from binary archive.
INFO: [Project 1-853] Binary constraint restore complete.
INFO: [Designutils 20-5722] Start Reading Physical Databases.
Reading placement.
Read Netlist Cache: Time (s): cpu = 00:00:00 ; elapsed = 00:00:00.008 . Memory (MB): peak = 3488.359 ; gain = 0.000
Reading placer database...
Read Device Cache: Time (s): cpu = 00:00:00 ; elapsed = 00:00:00.007 . Memory (MB): peak = 3488.359 ; gain = 0.000
Read PlaceDB: Time (s): cpu = 00:00:00 ; elapsed = 00:00:00.237 . Memory (MB): peak = 3488.359 ; gain = 0.000
Read PulsedLatchDB: Time (s): cpu = 00:00:00 ; elapsed = 00:00:00 . Memory (MB): peak = 3488.359 ; gain = 0.000
Reading routing.
Read RouteStorage: Time (s): cpu = 00:00:01 ; elapsed = 00:00:00.298 . Memory (MB): peak = 3488.359 ; gain = 0.000
Read Physdb Files: Time (s): cpu = 00:00:01 ; elapsed = 00:00:00.565 . Memory (MB): peak = 3488.359 ; gain = 0.000
Restored from archive | CPU: 1.000000 secs | Memory: 0.000000 MB |
Finished XDEF File Restore: Time (s): cpu = 00:00:01 ; elapsed = 00:00:00.566 . Memory (MB): peak = 3488.359 ; gain = 0.000
refresh_design: Time (s): cpu = 00:00:09 ; elapsed = 00:00:06 . Memory (MB): peak = 3488.359 ; gain = 333.047
launch_runs impl_1 -to_step write_bitstream -jobs 16
INFO: [Vivado 12-4149] The synthesis checkpoint for IP 'E:/JYD2025_Contest-rv32i55555/JYD2025_Contest-rv32i/digital_twin.srcs/sources_1/ip/pll_1/pll.xci' is already up-to-date
[Sun May  3 14:32:26 2026] Launched impl_1...
Run output will be captured here: E:/JYD2025_Contest-rv32i55555/JYD2025_Contest-rv32i/digital_twin.runs/impl_1/runme.log
open_hw_manager
connect_hw_server -allow_non_jtag
INFO: [Labtools 27-2285] Connecting to hw_server url TCP:localhost:3121
INFO: [Labtools 27-2222] Launching hw_server...
INFO: [Labtools 27-2221] Launch Output:
ECHO 处于关闭状态。
ECHO 处于关闭状态。

****** Xilinx hw_server v2023.2
  **** Build date : Oct 13 2023 at 21:31:40
    ** Copyright 1986-2022 Xilinx, Inc. All Rights Reserved.


INFO: [Labtools 27-3415] Connecting to cs_server url TCP:localhost:0
INFO: [Labtools 27-3417] Launching cs_server...
INFO: [Labtools 27-2221] Launch Output:
ECHO 处于关闭状态。
ECHO 处于关闭状态。


******** Xilinx cs_server v2023.2.0
  ****** Build date   : Oct 10 2023-12:01:56
    **** Build number : 2023.2.1696910516
      ** Copyright 2017-2022 Xilinx, Inc. All Rights Reserved.
      ** Copyright 2022-2026 Advanced Micro Devices, Inc. All Rights Reserved.



connect_hw_server: Time (s): cpu = 00:00:00 ; elapsed = 00:00:06 . Memory (MB): peak = 3488.359 ; gain = 0.000
open_hw_target
INFO: [Labtoolstcl 44-466] Opening hw_target localhost:3121/xilinx_tcf/Digilent/250826101141
set_property PROGRAM.FILE {E:/JYD2025_Contest-rv32i55555/JYD2025_Contest-rv32i/digital_twin.runs/impl_1/top.bit} [get_hw_devices xc7k325t_0]
current_hw_device [get_hw_devices xc7k325t_0]
refresh_hw_device -update_hw_probes false [lindex [get_hw_devices xc7k325t_0] 0]
INFO: [Labtools 27-1435] Device xc7k325t (JTAG device index = 0) is not programmed (DONE status = 0).
set_property PROBES.FILE {} [get_hw_devices xc7k325t_0]
set_property FULL_PROBES.FILE {} [get_hw_devices xc7k325t_0]
set_property PROGRAM.FILE {E:/JYD2025_Contest-rv32i55555/JYD2025_Contest-rv32i/digital_twin.runs/impl_1/top.bit} [get_hw_devices xc7k325t_0]
program_hw_devices [get_hw_devices xc7k325t_0]
INFO: [Labtools 27-3164] End of startup status: HIGH
program_hw_devices: Time (s): cpu = 00:00:07 ; elapsed = 00:00:07 . Memory (MB): peak = 3488.359 ; gain = 0.000
refresh_hw_device [lindex [get_hw_devices xc7k325t_0] 0]
INFO: [Labtools 27-1434] Device xc7k325t (JTAG device index = 0) is programmed with a design that has no supported debug core(s) in it.
close_hw_manager
set_property CONFIG.coefficient_file {E:/JYD2025_Contest-rv32i55555/JYD2025_Contest-rv32i/digital_twin.srcs/sources_1/imports/JYD2025/coe/test_src/irom.coe} [get_ips IROM]
INFO: [IP_Flow 19-3484] Absolute path of file 'e:/JYD2025_Contest-rv32i55555/JYD2025_Contest-rv32i/digital_twin.srcs/sources_1/imports/JYD2025/coe/test_src/irom.coe' provided. It will be converted relative to IP Instance files '../../imports/JYD2025/coe/test_src/irom.coe'
generate_target all [get_files  E:/JYD2025_Contest-rv32i55555/JYD2025_Contest-rv32i/digital_twin.srcs/sources_1/ip/IROM/IROM.xci]
INFO: [IP_Flow 19-1686] Generating 'Instantiation Template' target for IP 'IROM'...
INFO: [IP_Flow 19-1686] Generating 'Synthesis' target for IP 'IROM'...
INFO: [IP_Flow 19-1686] Generating 'Simulation' target for IP 'IROM'...
INFO: [IP_Flow 19-1686] Generating 'Change Log' target for IP 'IROM'...
catch { config_ip_cache -export [get_ips -all IROM] }
INFO: [IP_Flow 19-6924] IPCACHE: Running cache check for IP inst: IROM
export_ip_user_files -of_objects [get_files E:/JYD2025_Contest-rv32i55555/JYD2025_Contest-rv32i/digital_twin.srcs/sources_1/ip/IROM/IROM.xci] -no_script -sync -force -quiet
reset_run IROM_synth_1
WARNING: [Vivado 12-1017] Problems encountered:
1. Failed to delete one or more files in run directory E:/JYD2025_Contest-rv32i55555/JYD2025_Contest-rv32i/digital_twin.runs/IROM_synth_1

launch_runs IROM_synth_1 -jobs 16
INFO: [IP_Flow 19-6924] IPCACHE: Running cache check for IP inst: IROM
[Sun May  3 14:38:50 2026] Launched IROM_synth_1...
Run output will be captured here: E:/JYD2025_Contest-rv32i55555/JYD2025_Contest-rv32i/digital_twin.runs/IROM_synth_1/runme.log
export_simulation -of_objects [get_files E:/JYD2025_Contest-rv32i55555/JYD2025_Contest-rv32i/digital_twin.srcs/sources_1/ip/IROM/IROM.xci] -directory E:/JYD2025_Contest-rv32i55555/JYD2025_Contest-rv32i/digital_twin.ip_user_files/sim_scripts -ip_user_files_dir E:/JYD2025_Contest-rv32i55555/JYD2025_Contest-rv32i/digital_twin.ip_user_files -ipstatic_source_dir E:/JYD2025_Contest-rv32i55555/JYD2025_Contest-rv32i/digital_twin.ip_user_files/ipstatic -lib_map_path [list {modelsim=E:/JYD2025_Contest-rv32i55555/JYD2025_Contest-rv32i/digital_twin.cache/compile_simlib/modelsim} {questa=E:/JYD2025_Contest-rv32i55555/JYD2025_Contest-rv32i/digital_twin.cache/compile_simlib/questa} {riviera=E:/JYD2025_Contest-rv32i55555/JYD2025_Contest-rv32i/digital_twin.cache/compile_simlib/riviera} {activehdl=E:/JYD2025_Contest-rv32i55555/JYD2025_Contest-rv32i/digital_twin.cache/compile_simlib/activehdl}] -use_ip_compiled_libs -force -quiet
WARNING: [IP_Flow 19-4067] Ignoring invalid widget type specified checkbox.Providing a default widget
WARNING: [IP_Flow 19-4067] Ignoring invalid widget type specified checkbox.Providing a default widget
INFO: [IP_Flow 19-3484] Absolute path of file 'e:/JYD2025_Contest-rv32i55555/JYD2025_Contest-rv32i/digital_twin.srcs/sources_1/imports/JYD2025/coe/test_src/dram.coe' provided. It will be converted relative to IP Instance files '../../../../digital_twin.srcs/sources_1/imports/JYD2025/coe/test_src/dram.coe'
set_property CONFIG.Coe_File {E:/JYD2025_Contest-rv32i55555/JYD2025_Contest-rv32i/digital_twin.srcs/sources_1/imports/JYD2025/coe/test_src/dram.coe} [get_ips DRAM_BRAM]
INFO: [IP_Flow 19-3484] Absolute path of file 'e:/JYD2025_Contest-rv32i55555/JYD2025_Contest-rv32i/digital_twin.srcs/sources_1/imports/JYD2025/coe/test_src/dram.coe' provided. It will be converted relative to IP Instance files '../../imports/JYD2025/coe/test_src/dram.coe'
generate_target all [get_files  E:/JYD2025_Contest-rv32i55555/JYD2025_Contest-rv32i/digital_twin.srcs/sources_1/ip/DRAM_BRAM/DRAM_BRAM.xci]
INFO: [IP_Flow 19-1686] Generating 'Instantiation Template' target for IP 'DRAM_BRAM'...
INFO: [IP_Flow 19-1686] Generating 'Synthesis' target for IP 'DRAM_BRAM'...
INFO: [IP_Flow 19-1686] Generating 'Simulation' target for IP 'DRAM_BRAM'...
INFO: [IP_Flow 19-1686] Generating 'Miscellaneous' target for IP 'DRAM_BRAM'...
INFO: [IP_Flow 19-1686] Generating 'Change Log' target for IP 'DRAM_BRAM'...
catch { config_ip_cache -export [get_ips -all DRAM_BRAM] }
INFO: [IP_Flow 19-6924] IPCACHE: Running cache check for IP inst: DRAM_BRAM
INFO: [IP_Flow 19-6922] IPCACHE: Exporting cached entry b4417b1cc1968823 to dir: e:/JYD2025_Contest-rv32i55555/JYD2025_Contest-rv32i/digital_twin.gen/sources_1/ip/DRAM_BRAM
INFO: [IP_Flow 19-6928] IPCACHE: copied cached file e:/JYD2025_Contest-rv32i55555/JYD2025_Contest-rv32i/digital_twin.cache/ip/2023.2/b/4/b4417b1cc1968823/DRAM_BRAM.dcp to e:/JYD2025_Contest-rv32i55555/JYD2025_Contest-rv32i/digital_twin.gen/sources_1/ip/DRAM_BRAM/DRAM_BRAM.dcp.
INFO: [IP_Flow 19-6926] IPCACHE: added file to list for BOM: e:/JYD2025_Contest-rv32i55555/JYD2025_Contest-rv32i/digital_twin.gen/sources_1/ip/DRAM_BRAM/DRAM_BRAM.dcp
INFO: [IP_Flow 19-6928] IPCACHE: copied cached file e:/JYD2025_Contest-rv32i55555/JYD2025_Contest-rv32i/digital_twin.cache/ip/2023.2/b/4/b4417b1cc1968823/DRAM_BRAM_sim_netlist.v to e:/JYD2025_Contest-rv32i55555/JYD2025_Contest-rv32i/digital_twin.gen/sources_1/ip/DRAM_BRAM/DRAM_BRAM_sim_netlist.v.
INFO: [IP_Flow 19-6926] IPCACHE: added file to list for BOM: e:/JYD2025_Contest-rv32i55555/JYD2025_Contest-rv32i/digital_twin.gen/sources_1/ip/DRAM_BRAM/DRAM_BRAM_sim_netlist.v
INFO: [IP_Flow 19-6928] IPCACHE: copied cached file e:/JYD2025_Contest-rv32i55555/JYD2025_Contest-rv32i/digital_twin.cache/ip/2023.2/b/4/b4417b1cc1968823/DRAM_BRAM_sim_netlist.vhdl to e:/JYD2025_Contest-rv32i55555/JYD2025_Contest-rv32i/digital_twin.gen/sources_1/ip/DRAM_BRAM/DRAM_BRAM_sim_netlist.vhdl.
INFO: [IP_Flow 19-6926] IPCACHE: added file to list for BOM: e:/JYD2025_Contest-rv32i55555/JYD2025_Contest-rv32i/digital_twin.gen/sources_1/ip/DRAM_BRAM/DRAM_BRAM_sim_netlist.vhdl
INFO: [IP_Flow 19-6928] IPCACHE: copied cached file e:/JYD2025_Contest-rv32i55555/JYD2025_Contest-rv32i/digital_twin.cache/ip/2023.2/b/4/b4417b1cc1968823/DRAM_BRAM_stub.v to e:/JYD2025_Contest-rv32i55555/JYD2025_Contest-rv32i/digital_twin.gen/sources_1/ip/DRAM_BRAM/DRAM_BRAM_stub.v.
INFO: [IP_Flow 19-6926] IPCACHE: added file to list for BOM: e:/JYD2025_Contest-rv32i55555/JYD2025_Contest-rv32i/digital_twin.gen/sources_1/ip/DRAM_BRAM/DRAM_BRAM_stub.v
INFO: [IP_Flow 19-6928] IPCACHE: copied cached file e:/JYD2025_Contest-rv32i55555/JYD2025_Contest-rv32i/digital_twin.cache/ip/2023.2/b/4/b4417b1cc1968823/DRAM_BRAM_stub.vhdl to e:/JYD2025_Contest-rv32i55555/JYD2025_Contest-rv32i/digital_twin.gen/sources_1/ip/DRAM_BRAM/DRAM_BRAM_stub.vhdl.
INFO: [IP_Flow 19-6926] IPCACHE: added file to list for BOM: e:/JYD2025_Contest-rv32i55555/JYD2025_Contest-rv32i/digital_twin.gen/sources_1/ip/DRAM_BRAM/DRAM_BRAM_stub.vhdl
INFO: [IP_Flow 19-4993] Using cached IP synthesis design for IP DRAM_BRAM, cache-ID = b4417b1cc1968823; cache size = 53.870 MB.
catch { [ delete_ip_run [get_ips -all DRAM_BRAM] ] }
WARNING: [Vivado 12-1017] Problems encountered:
1. Failed to delete one or more files in run directory E:/JYD2025_Contest-rv32i55555/JYD2025_Contest-rv32i/digital_twin.runs/DRAM_BRAM_synth_1

INFO: [Project 1-386] Moving file 'E:/JYD2025_Contest-rv32i55555/JYD2025_Contest-rv32i/digital_twin.srcs/sources_1/ip/DRAM_BRAM/DRAM_BRAM.xci' from fileset 'DRAM_BRAM' to fileset 'sources_1'.
export_ip_user_files -of_objects [get_files E:/JYD2025_Contest-rv32i55555/JYD2025_Contest-rv32i/digital_twin.srcs/sources_1/ip/DRAM_BRAM/DRAM_BRAM.xci] -no_script -sync -force -quiet
create_ip_run [get_files -of_objects [get_fileset sources_1] E:/JYD2025_Contest-rv32i55555/JYD2025_Contest-rv32i/digital_twin.srcs/sources_1/ip/DRAM_BRAM/DRAM_BRAM.xci]
INFO: [Vivado 12-3453] The given sub-design is up-to-date, no action was taken.  If a run is still desired, use the '-force' option for the file:'E:/JYD2025_Contest-rv32i55555/JYD2025_Contest-rv32i/digital_twin.srcs/sources_1/ip/DRAM_BRAM/DRAM_BRAM.xci'
export_simulation -of_objects [get_files E:/JYD2025_Contest-rv32i55555/JYD2025_Contest-rv32i/digital_twin.srcs/sources_1/ip/DRAM_BRAM/DRAM_BRAM.xci] -directory E:/JYD2025_Contest-rv32i55555/JYD2025_Contest-rv32i/digital_twin.ip_user_files/sim_scripts -ip_user_files_dir E:/JYD2025_Contest-rv32i55555/JYD2025_Contest-rv32i/digital_twin.ip_user_files -ipstatic_source_dir E:/JYD2025_Contest-rv32i55555/JYD2025_Contest-rv32i/digital_twin.ip_user_files/ipstatic -lib_map_path [list {modelsim=E:/JYD2025_Contest-rv32i55555/JYD2025_Contest-rv32i/digital_twin.cache/compile_simlib/modelsim} {questa=E:/JYD2025_Contest-rv32i55555/JYD2025_Contest-rv32i/digital_twin.cache/compile_simlib/questa} {riviera=E:/JYD2025_Contest-rv32i55555/JYD2025_Contest-rv32i/digital_twin.cache/compile_simlib/riviera} {activehdl=E:/JYD2025_Contest-rv32i55555/JYD2025_Contest-rv32i/digital_twin.cache/compile_simlib/activehdl}] -use_ip_compiled_libs -force -quiet
reset_run synth_1
INFO: [Project 1-1161] Replacing file E:/JYD2025_Contest-rv32i55555/JYD2025_Contest-rv32i/digital_twin.srcs/utils_1/imports/synth_1/top.dcp with file E:/JYD2025_Contest-rv32i55555/JYD2025_Contest-rv32i/digital_twin.runs/synth_1/top.dcp
WARNING: [Vivado 12-1017] Problems encountered:
1. Failed to delete one or more files in run directory E:/JYD2025_Contest-rv32i55555/JYD2025_Contest-rv32i/digital_twin.runs/synth_1

launch_runs impl_1 -to_step write_bitstream -jobs 16
INFO: [Vivado 12-4149] The synthesis checkpoint for IP 'E:/JYD2025_Contest-rv32i55555/JYD2025_Contest-rv32i/digital_twin.srcs/sources_1/ip/DRAM_BRAM/DRAM_BRAM.xci' is already up-to-date
INFO: [Vivado 12-4149] The synthesis checkpoint for IP 'E:/JYD2025_Contest-rv32i55555/JYD2025_Contest-rv32i/digital_twin.srcs/sources_1/ip/pll_1/pll.xci' is already up-to-date
[Sun May  3 14:40:47 2026] Launched synth_1...
Run output will be captured here: E:/JYD2025_Contest-rv32i55555/JYD2025_Contest-rv32i/digital_twin.runs/synth_1/runme.log
[Sun May  3 14:40:47 2026] Launched impl_1...
Run output will be captured here: E:/JYD2025_Contest-rv32i55555/JYD2025_Contest-rv32i/digital_twin.runs/impl_1/runme.log
open_hw_manager
connect_hw_server -allow_non_jtag
INFO: [Labtools 27-2285] Connecting to hw_server url TCP:localhost:3121
INFO: [Labtools 27-2222] Launching hw_server...
INFO: [Labtools 27-2221] Launch Output:
ECHO 处于关闭状态。
ECHO 处于关闭状态。

****** Xilinx hw_server v2023.2
  **** Build date : Oct 13 2023 at 21:31:40
    ** Copyright 1986-2022 Xilinx, Inc. All Rights Reserved.


INFO: [Labtools 27-3415] Connecting to cs_server url TCP:localhost:0
INFO: [Labtools 27-3417] Launching cs_server...
INFO: [Labtools 27-2221] Launch Output:
ECHO 处于关闭状态。
ECHO 处于关闭状态。


******** Xilinx cs_server v2023.2.0
  ****** Build date   : Oct 10 2023-12:01:56
    **** Build number : 2023.2.1696910516
      ** Copyright 2017-2022 Xilinx, Inc. All Rights Reserved.
      ** Copyright 2022-2026 Advanced Micro Devices, Inc. All Rights Reserved.



connect_hw_server: Time (s): cpu = 00:00:01 ; elapsed = 00:00:06 . Memory (MB): peak = 3488.359 ; gain = 0.000
open_hw_target
INFO: [Labtoolstcl 44-466] Opening hw_target localhost:3121/xilinx_tcf/Digilent/250826101141
set_property PROGRAM.FILE {E:/JYD2025_Contest-rv32i55555/JYD2025_Contest-rv32i/digital_twin.runs/impl_1/top.bit} [get_hw_devices xc7k325t_0]
current_hw_device [get_hw_devices xc7k325t_0]
refresh_hw_device -update_hw_probes false [lindex [get_hw_devices xc7k325t_0] 0]
INFO: [Labtools 27-1434] Device xc7k325t (JTAG device index = 0) is programmed with a design that has no supported debug core(s) in it.
set_property PROBES.FILE {} [get_hw_devices xc7k325t_0]
set_property FULL_PROBES.FILE {} [get_hw_devices xc7k325t_0]
set_property PROGRAM.FILE {E:/JYD2025_Contest-rv32i55555/JYD2025_Contest-rv32i/digital_twin.runs/impl_1/top.bit} [get_hw_devices xc7k325t_0]
program_hw_devices [get_hw_devices xc7k325t_0]
INFO: [Labtools 27-3164] End of startup status: HIGH
program_hw_devices: Time (s): cpu = 00:00:07 ; elapsed = 00:00:07 . Memory (MB): peak = 3488.359 ; gain = 0.000
refresh_hw_device [lindex [get_hw_devices xc7k325t_0] 0]
INFO: [Labtools 27-1434] Device xc7k325t (JTAG device index = 0) is programmed with a design that has no supported debug core(s) in it.
close_hw_manager
close_sim
INFO: [Simtcl 6-16] Simulation closed
launch_simulation
Command: launch_simulation 
INFO: [Vivado 12-12493] Simulation top is 'tb_myCPU'
WARNING: [Vivado 12-13340] Unable to auto find GCC executables from simulator install path! (path not set)
INFO: [Vivado 12-5698] Checking validity of IPs in the design for the 'XSim' simulator...
INFO: [Vivado 12-5682] Launching behavioral simulation in 'E:/JYD2025_Contest-rv32i55555/JYD2025_Contest-rv32i/digital_twin.sim/sim_1/behav/xsim'
INFO: [Vivado 12-13660] Precompiled IP simulation library mode is enabled (default). The design IP libraries will be referenced from the compiled library path. Please note that if the precompiled version of the library is not found from the path or the IP is in locked state, then the library source files for these IPs will be compiled locally as part of the compile order.
INFO: [Vivado 12-4795] Using compiled simulation libraries for IPs
INFO: [SIM-utils-51] Simulation object is 'sim_1'
INFO: [SIM-utils-72] Using boost library from 'E:/Xilinx/Vivado/2023.2/tps/boost_1_72_0'
INFO: [USF-XSim-7] Finding pre-compiled libraries...
INFO: [USF-XSim-11] File 'E:/Xilinx/Vivado/2023.2/data/xsim/xsim.ini' copied to run dir:'E:/JYD2025_Contest-rv32i55555/JYD2025_Contest-rv32i/digital_twin.sim/sim_1/behav/xsim'
INFO: [SIM-utils-54] Inspecting design source files for 'tb_myCPU' in fileset 'sim_1'...
INFO: [SIM-utils-43] Exported 'E:/JYD2025_Contest-rv32i55555/JYD2025_Contest-rv32i/digital_twin.sim/sim_1/behav/xsim/DRAM.mif'
INFO: [SIM-utils-43] Exported 'E:/JYD2025_Contest-rv32i55555/JYD2025_Contest-rv32i/digital_twin.sim/sim_1/behav/xsim/dram.coe'
INFO: [SIM-utils-43] Exported 'E:/JYD2025_Contest-rv32i55555/JYD2025_Contest-rv32i/digital_twin.sim/sim_1/behav/xsim/DRAM_BRAM.mif'
INFO: [SIM-utils-43] Exported 'E:/JYD2025_Contest-rv32i55555/JYD2025_Contest-rv32i/digital_twin.sim/sim_1/behav/xsim/dram.coe'
INFO: [SIM-utils-43] Exported 'E:/JYD2025_Contest-rv32i55555/JYD2025_Contest-rv32i/digital_twin.sim/sim_1/behav/xsim/IROM.mif'
INFO: [SIM-utils-43] Exported 'E:/JYD2025_Contest-rv32i55555/JYD2025_Contest-rv32i/digital_twin.sim/sim_1/behav/xsim/irom.coe'
INFO: [SIM-utils-43] Exported 'E:/JYD2025_Contest-rv32i55555/JYD2025_Contest-rv32i/digital_twin.sim/sim_1/behav/xsim/dram.coe'
INFO: [SIM-utils-43] Exported 'E:/JYD2025_Contest-rv32i55555/JYD2025_Contest-rv32i/digital_twin.sim/sim_1/behav/xsim/irom.coe'
INFO: [SIM-utils-43] Exported 'E:/JYD2025_Contest-rv32i55555/JYD2025_Contest-rv32i/digital_twin.sim/sim_1/behav/xsim/irom.coe'
INFO: [SIM-utils-43] Exported 'E:/JYD2025_Contest-rv32i55555/JYD2025_Contest-rv32i/digital_twin.sim/sim_1/behav/xsim/irom.coe'
INFO: [SIM-utils-43] Exported 'E:/JYD2025_Contest-rv32i55555/JYD2025_Contest-rv32i/digital_twin.sim/sim_1/behav/xsim/dram.coe'
INFO: [USF-XSim-97] Finding global include files...
INFO: [USF-XSim-98] Fetching design files from 'sim_1'...
INFO: [USF-XSim-2] XSim::Compile design
INFO: [USF-XSim-61] Executing 'COMPILE and ANALYZE' step in 'E:/JYD2025_Contest-rv32i55555/JYD2025_Contest-rv32i/digital_twin.sim/sim_1/behav/xsim'
"xvlog --incr --relax -L uvm -prj tb_myCPU_vlog.prj"
ECHO 处于关闭状态。
ECHO 处于关闭状态。
INFO: [VRFC 10-2263] Analyzing Verilog file "E:/JYD2025_Contest-rv32i55555/JYD2025_Contest-rv32i/digital_twin.gen/sources_1/ip/DRAM_BRAM/sim/DRAM_BRAM.v" into library xil_defaultlib
INFO: [VRFC 10-311] analyzing module DRAM_BRAM
INFO: [VRFC 10-2263] Analyzing Verilog file "E:/JYD2025_Contest-rv32i55555/JYD2025_Contest-rv32i/digital_twin.gen/sources_1/ip/IROM/sim/IROM.v" into library xil_defaultlib
INFO: [VRFC 10-311] analyzing module IROM
INFO: [VRFC 10-2263] Analyzing Verilog file "E:/JYD2025_Contest-rv32i55555/JYD2025_Contest-rv32i/digital_twin.gen/sources_1/ip/pll/pll_clk_wiz.v" into library xil_defaultlib
INFO: [VRFC 10-311] analyzing module pll_clk_wiz
INFO: [VRFC 10-2263] Analyzing Verilog file "E:/JYD2025_Contest-rv32i55555/JYD2025_Contest-rv32i/digital_twin.gen/sources_1/ip/pll/pll.v" into library xil_defaultlib
INFO: [VRFC 10-311] analyzing module pll
INFO: [VRFC 10-2263] Analyzing SystemVerilog file "E:/JYD2025_Contest-rv32i55555/JYD2025_Contest-rv32i/digital_twin.srcs/sources_1/imports/new/ACTL.sv" into library xil_defaultlib
INFO: [VRFC 10-311] analyzing module ACTL
INFO: [VRFC 10-2263] Analyzing SystemVerilog file "E:/JYD2025_Contest-rv32i55555/JYD2025_Contest-rv32i/digital_twin.srcs/sources_1/imports/new/ALU.sv" into library xil_defaultlib
INFO: [VRFC 10-311] analyzing module ALU
INFO: [VRFC 10-2263] Analyzing SystemVerilog file "E:/JYD2025_Contest-rv32i55555/JYD2025_Contest-rv32i/digital_twin.srcs/sources_1/imports/new/Control.sv" into library xil_defaultlib
INFO: [VRFC 10-311] analyzing module Control
INFO: [VRFC 10-2263] Analyzing SystemVerilog file "E:/JYD2025_Contest-rv32i55555/JYD2025_Contest-rv32i/digital_twin.srcs/sources_1/imports/new/IMMGEN.sv" into library xil_defaultlib
INFO: [VRFC 10-311] analyzing module IMMGEN
INFO: [VRFC 10-2263] Analyzing SystemVerilog file "E:/JYD2025_Contest-rv32igitttttt/JYD2025_Contest-rv32i/digital_twin.srcs/sources_1/imports/new/MUX4_1.sv" into library xil_defaultlib
INFO: [VRFC 10-311] analyzing module MUX4_1
INFO: [VRFC 10-2263] Analyzing SystemVerilog file "E:/JYD2025_Contest-rv32i55555/JYD2025_Contest-rv32i/digital_twin.srcs/sources_1/imports/new/Mask.sv" into library xil_defaultlib
INFO: [VRFC 10-311] analyzing module Mask
INFO: [VRFC 10-2263] Analyzing SystemVerilog file "E:/JYD2025_Contest-rv32i55555/JYD2025_Contest-rv32i/digital_twin.srcs/sources_1/imports/new/PC.sv" into library xil_defaultlib
INFO: [VRFC 10-311] analyzing module PC
INFO: [VRFC 10-2263] Analyzing SystemVerilog file "E:/JYD2025_Contest-rv32i55555/JYD2025_Contest-rv32i/digital_twin.srcs/sources_1/imports/new/RF.sv" into library xil_defaultlib
INFO: [VRFC 10-311] analyzing module RF
INFO: [VRFC 10-2263] Analyzing SystemVerilog file "E:/JYD2025_Contest-rv32i55555/JYD2025_Contest-rv32i/digital_twin.srcs/sources_1/new/counter.sv" into library xil_defaultlib
INFO: [VRFC 10-311] analyzing module counter
INFO: [VRFC 10-2263] Analyzing SystemVerilog file "E:/JYD2025_Contest-rv32i55555/JYD2025_Contest-rv32i/digital_twin.srcs/sources_1/new/display_seg.sv" into library xil_defaultlib
INFO: [VRFC 10-311] analyzing module display_seg
INFO: [VRFC 10-2263] Analyzing SystemVerilog file "E:/JYD2025_Contest-rv32i55555/JYD2025_Contest-rv32i/digital_twin.srcs/sources_1/new/dram_driver.sv" into library xil_defaultlib
INFO: [VRFC 10-311] analyzing module dram_driver
INFO: [VRFC 10-2263] Analyzing SystemVerilog file "E:/JYD2025_Contest-rv32i55555/JYD2025_Contest-rv32i/digital_twin.srcs/sources_1/imports/new/myCPU.sv" into library xil_defaultlib
INFO: [VRFC 10-311] analyzing module myCPU
INFO: [VRFC 10-2263] Analyzing SystemVerilog file "E:/JYD2025_Contest-rv32i55555/JYD2025_Contest-rv32i/digital_twin.srcs/sources_1/new/perip_bridge.sv" into library xil_defaultlib
INFO: [VRFC 10-311] analyzing module perip_bridge
INFO: [VRFC 10-2263] Analyzing SystemVerilog file "E:/JYD2025_Contest-rv32i55555/JYD2025_Contest-rv32i/digital_twin.srcs/sources_1/new/seg7.sv" into library xil_defaultlib
INFO: [VRFC 10-311] analyzing module seg7
INFO: [VRFC 10-2263] Analyzing SystemVerilog file "E:/JYD2025_Contest-rv32i55555/JYD2025_Contest-rv32i/digital_twin.srcs/sources_1/new/stage_EX.sv" into library xil_defaultlib
INFO: [VRFC 10-311] analyzing module stage_EX
INFO: [VRFC 10-2263] Analyzing SystemVerilog file "E:/JYD2025_Contest-rv32i55555/JYD2025_Contest-rv32i/digital_twin.srcs/sources_1/new/stage_ID.sv" into library xil_defaultlib
INFO: [VRFC 10-311] analyzing module stage_ID
INFO: [VRFC 10-2263] Analyzing SystemVerilog file "E:/JYD2025_Contest-rv32i55555/JYD2025_Contest-rv32i/digital_twin.srcs/sources_1/new/stage_IF.sv" into library xil_defaultlib
INFO: [VRFC 10-311] analyzing module stage_IF
INFO: [VRFC 10-2263] Analyzing SystemVerilog file "E:/JYD2025_Contest-rv32i55555/JYD2025_Contest-rv32i/digital_twin.srcs/sources_1/new/stage_MEM.sv" into library xil_defaultlib
INFO: [VRFC 10-311] analyzing module stage_MEM
WARNING: [VRFC 10-3380] identifier 'mem_valid_eff' is used before its declaration [E:/JYD2025_Contest-rv32i55555/JYD2025_Contest-rv32i/digital_twin.srcs/sources_1/new/stage_MEM.sv:94]
INFO: [VRFC 10-2263] Analyzing SystemVerilog file "E:/JYD2025_Contest-rv32i55555/JYD2025_Contest-rv32i/digital_twin.srcs/sources_1/new/stage_WB.sv" into library xil_defaultlib
INFO: [VRFC 10-311] analyzing module stage_WB
INFO: [VRFC 10-2263] Analyzing SystemVerilog file "E:/JYD2025_Contest-rv32i55555/JYD2025_Contest-rv32i/digital_twin.srcs/sources_1/new/student_top.sv" into library xil_defaultlib
INFO: [VRFC 10-311] analyzing module student_top
INFO: [VRFC 10-2263] Analyzing SystemVerilog file "E:/JYD2025_Contest-rv32i55555/JYD2025_Contest-rv32i/digital_twin.srcs/sources_1/new/top.sv" into library xil_defaultlib
INFO: [VRFC 10-311] analyzing module top
INFO: [VRFC 10-2263] Analyzing SystemVerilog file "E:/JYD2025_Contest-rv32i55555/JYD2025_Contest-rv32i/digital_twin.srcs/sources_1/new/twin_controller.sv" into library xil_defaultlib
INFO: [VRFC 10-311] analyzing module twin_controller
INFO: [VRFC 10-2263] Analyzing SystemVerilog file "E:/JYD2025_Contest-rv32i55555/JYD2025_Contest-rv32i/digital_twin.srcs/sources_1/new/uart.sv" into library xil_defaultlib
INFO: [VRFC 10-311] analyzing module uart
INFO: [VRFC 10-2263] Analyzing SystemVerilog file "E:/JYD2025_Contest-rv32i55555/JYD2025_Contest-rv32i/digital_twin.srcs/sim_1/new/tb_myCPU.sv" into library xil_defaultlib
INFO: [VRFC 10-311] analyzing module tb_myCPU
INFO: [USF-XSim-69] 'compile' step finished in '3' seconds
INFO: [USF-XSim-3] XSim::Elaborate design
INFO: [USF-XSim-61] Executing 'ELABORATE' step in 'E:/JYD2025_Contest-rv32i55555/JYD2025_Contest-rv32i/digital_twin.sim/sim_1/behav/xsim'
"xelab --incr --debug typical --relax --mt 2 -L xil_defaultlib -L blk_mem_gen_v8_4_7 -L dist_mem_gen_v8_0_14 -L uvm -L unisims_ver -L unimacro_ver -L secureip -L xpm --snapshot tb_myCPU_behav xil_defaultlib.tb_myCPU xil_defaultlib.glbl -log elaborate.log"
ECHO 处于关闭状态。
ECHO 处于关闭状态。
Vivado Simulator v2023.2
Copyright 1986-2022 Xilinx, Inc. All Rights Reserved.
Copyright 2022-2023 Advanced Micro Devices, Inc. All Rights Reserved.
Running: E:/Xilinx/Vivado/2023.2/bin/unwrapped/win64.o/xelab.exe --incr --debug typical --relax --mt 2 -L xil_defaultlib -L blk_mem_gen_v8_4_7 -L dist_mem_gen_v8_0_14 -L uvm -L unisims_ver -L unimacro_ver -L secureip -L xpm --snapshot tb_myCPU_behav xil_defaultlib.tb_myCPU xil_defaultlib.glbl -log elaborate.log 
Using 2 slave threads.
Starting static elaboration
Pass Through NonSizing Optimizer
Completed static elaboration
Starting simulation data flow analysis
Completed simulation data flow analysis
Time Resolution for simulation is 1ps
Compiling module unisims_ver.IBUFDS
Compiling module unisims_ver.PLLE2_ADV(CLKFBOUT_MULT=9,CLKIN1...
Compiling module unisims_ver.BUFG
Compiling module xil_defaultlib.pll_clk_wiz
Compiling module xil_defaultlib.pll
Compiling module xil_defaultlib.uart(BAUD_RATE=9600)
Compiling module xil_defaultlib.twin_controller
Compiling module xil_defaultlib.PC
Compiling module xil_defaultlib.stage_IF
Compiling module xil_defaultlib.Control
Compiling module xil_defaultlib.IMMGEN
Compiling module xil_defaultlib.ACTL
Compiling module xil_defaultlib.stage_ID
Compiling module xil_defaultlib.ALU
Compiling module xil_defaultlib.stage_EX
Compiling module xil_defaultlib.Mask
Compiling module xil_defaultlib.stage_MEM
Compiling module xil_defaultlib.MUX4_1
Compiling module xil_defaultlib.stage_WB
Compiling module xil_defaultlib.RF
Compiling module xil_defaultlib.myCPU
Compiling module dist_mem_gen_v8_0_14.dist_mem_gen_v8_0_14(C_FAMILY="k...
Compiling module xil_defaultlib.IROM
Compiling module xil_defaultlib.seg7
Compiling module xil_defaultlib.display_seg
Compiling module blk_mem_gen_v8_4_7.blk_mem_gen_v8_4_7_output_stage(...
Compiling module blk_mem_gen_v8_4_7.blk_mem_gen_v8_4_7_softecc_outpu...
Compiling module blk_mem_gen_v8_4_7.blk_mem_gen_v8_4_7_mem_module(C_...
Compiling module blk_mem_gen_v8_4_7.blk_mem_gen_v8_4_7(C_FAMILY="kin...
Compiling module xil_defaultlib.DRAM_BRAM
Compiling module xil_defaultlib.dram_driver
Compiling module xil_defaultlib.counter
Compiling module xil_defaultlib.perip_bridge
Compiling module xil_defaultlib.student_top
Compiling module xil_defaultlib.top
Compiling module xil_defaultlib.tb_myCPU
Compiling module xil_defaultlib.glbl
Built simulation snapshot tb_myCPU_behav
run_program: Time (s): cpu = 00:00:00 ; elapsed = 00:00:06 . Memory (MB): peak = 3488.359 ; gain = 0.000
INFO: [USF-XSim-69] 'elaborate' step finished in '6' seconds
INFO: [USF-XSim-4] XSim::Simulate design
INFO: [USF-XSim-61] Executing 'SIMULATE' step in 'E:/JYD2025_Contest-rv32i55555/JYD2025_Contest-rv32i/digital_twin.sim/sim_1/behav/xsim'
INFO: [USF-XSim-98] *** Running xsim
   with args "tb_myCPU_behav -key {Behavioral:sim_1:Functional:tb_myCPU} -tclbatch {tb_myCPU.tcl} -view {E:/JYD2025_Contest-rv32i55555/JYD2025_Contest-rv32i/digital_twin.srcs/sim_1/imports/JYD2025_Contest-rv32i-error/tb_uart_behav.wcfg} -view {E:/JYD2025_Contest-rv32i55555/JYD2025_Contest-rv32i/digital_twin.srcs/sim_1/imports/JYD2025_Contest-rv32i-error/tb_top_behav.wcfg} -view {E:/JYD2025_Contest-rv32i55555/JYD2025_Contest-rv32i/digital_twin.srcs/sim_1/imports/JYD2025_Contest-rv32i-error/tb_myCPU_behav.wcfg} -log {simulate.log}"
INFO: [USF-XSim-8] Loading simulator feature
Time resolution is 1 ps
open_wave_config E:/JYD2025_Contest-rv32i55555/JYD2025_Contest-rv32i/digital_twin.srcs/sim_1/imports/JYD2025_Contest-rv32i-error/tb_uart_behav.wcfg
WARNING: Simulation object /tb_uart/clk was not found in the design.
WARNING: Simulation object /tb_uart/rst_n was not found in the design.
WARNING: Simulation object /tb_uart/rx was not found in the design.
WARNING: Simulation object /tb_uart/rx_ready was not found in the design.
WARNING: Simulation object /tb_uart/rx_data was not found in the design.
WARNING: Simulation object /tb_uart/tx was not found in the design.
WARNING: Simulation object /tb_uart/tx_start was not found in the design.
WARNING: Simulation object /tb_uart/tx_data was not found in the design.
WARNING: Simulation object /tb_uart/tx_busy was not found in the design.
WARNING: Simulation object /tb_uart/BIT_PERIOD was not found in the design.
open_wave_config E:/JYD2025_Contest-rv32i55555/JYD2025_Contest-rv32i/digital_twin.srcs/sim_1/imports/JYD2025_Contest-rv32i-error/tb_top_behav.wcfg
WARNING: Simulation object /tb_top/clk was not found in the design.
WARNING: Simulation object /tb_top/serial_rx was not found in the design.
WARNING: Simulation object /tb_top/uut/uart_inst/rx was not found in the design.
WARNING: Simulation object /tb_top/uut/uart_inst/rx_ready was not found in the design.
WARNING: Simulation object /tb_top/uut/uart_inst/rx_data was not found in the design.
WARNING: Simulation object /tb_top/uut/uart_inst/rx_ready was not found in the design.
WARNING: Simulation object /tb_top/uut/uart_inst/rx_bit_cnt was not found in the design.
WARNING: Simulation object /tb_top/uut/uart_inst/tx was not found in the design.
WARNING: Simulation object /tb_top/serial_tx was not found in the design.
WARNING: Simulation object /tb_top/uut/uart_inst/tx_busy was not found in the design.
WARNING: Simulation object /tb_top/uut/uart_inst/tx_data was not found in the design.
WARNING: Simulation object /tb_top/uut/twin_controller_inst/current_state was not found in the design.
WARNING: Simulation object /tb_top/uut/twin_controller_inst/tx_busy was not found in the design.
WARNING: Simulation object /tb_top/uut/twin_controller_inst/tx_start_next was not found in the design.
WARNING: Simulation object /tb_top/uut/twin_controller_inst/send_cnt was not found in the design.
WARNING: Simulation object /tb_top/uut/twin_controller_inst/status_buffer was not found in the design.
WARNING: Simulation object /tb_top/uut/twin_controller_inst/tx_start was not found in the design.
WARNING: Simulation object /tb_top/uut/twin_controller_inst/tx_data was not found in the design.
WARNING: Simulation object /tb_top/uut/student_top_inst/w_clk_50Mhz was not found in the design.
WARNING: Simulation object /tb_top/uut/student_top_inst/w_clk_rst was not found in the design.
WARNING: Simulation object /tb_top/uut/student_top_inst/virtual_key was not found in the design.
WARNING: Simulation object /tb_top/uut/student_top_inst/virtual_sw was not found in the design.
WARNING: Simulation object /tb_top/uut/student_top_inst/virtual_led was not found in the design.
WARNING: Simulation object /tb_top/uut/student_top_inst/virtual_seg was not found in the design.
WARNING: Simulation object /tb_top/uut/student_top_inst/seg_driver/count was not found in the design.
WARNING: Simulation object /tb_top/uut/student_top_inst/seg_driver/ans was not found in the design.
open_wave_config E:/JYD2025_Contest-rv32i55555/JYD2025_Contest-rv32i/digital_twin.srcs/sim_1/imports/JYD2025_Contest-rv32i-error/tb_myCPU_behav.wcfg
source tb_myCPU.tcl
# set curr_wave [current_wave_config]
# if { [string length $curr_wave] == 0 } {
#   if { [llength [get_objects]] > 0} {
#     add_wave /
#     set_property needs_save false [current_wave_config]
#   } else {
#      send_msg_id Add_Wave-1 WARNING "No top level signals found. Simulator will start without a wave window. If you want to open a wave window go to 'File->New Waveform Configuration' or type 'create_wave_config' in the TCL console."
#   }
# }
# log_wave -r /
WARNING: [Simtcl 6-197] One or more HDL objects could not be logged because of object type or size limitations.  To see details please rerun the command with -verbose (-v).
# run 1000ns
WARNING: This core is supplied with a behavioral model. To model cycle-accurate behavior you must run timing simulation.
 Block Memory Generator module loading initial data...
 Block Memory Generator data initialization complete.
Block Memory Generator module tb_myCPU.uut.student_top_inst.bridge_inst.dram_driver_inst.Mem_DRAM.inst.\native_mem_module.blk_mem_gen_v8_4_7_inst  is using a behavioral model for simulation which will not precisely model memory collision behavior.
INFO: [USF-XSim-96] XSim completed. Design snapshot 'tb_myCPU_behav' loaded.
INFO: [USF-XSim-97] XSim simulation ran for 1000ns
launch_simulation: Time (s): cpu = 00:00:04 ; elapsed = 00:00:14 . Memory (MB): peak = 3488.359 ; gain = 0.000
run all
reset_run synth_1
INFO: [Project 1-1161] Replacing file E:/JYD2025_Contest-rv32i55555/JYD2025_Contest-rv32i/digital_twin.srcs/utils_1/imports/synth_1/top.dcp with file E:/JYD2025_Contest-rv32i55555/JYD2025_Contest-rv32i/digital_twin.runs/synth_1/top.dcp
WARNING: [Vivado 12-1017] Problems encountered:
1. Failed to delete one or more files in run directory E:/JYD2025_Contest-rv32i55555/JYD2025_Contest-rv32i/digital_twin.runs/synth_1

launch_runs impl_1 -jobs 16
INFO: [Vivado 12-4149] The synthesis checkpoint for IP 'E:/JYD2025_Contest-rv32i55555/JYD2025_Contest-rv32i/digital_twin.srcs/sources_1/ip/DRAM_BRAM/DRAM_BRAM.xci' is already up-to-date
INFO: [Vivado 12-4149] The synthesis checkpoint for IP 'E:/JYD2025_Contest-rv32i55555/JYD2025_Contest-rv32i/digital_twin.srcs/sources_1/ip/pll_1/pll.xci' is already up-to-date
[Sun May  3 15:30:07 2026] Launched synth_1...
Run output will be captured here: E:/JYD2025_Contest-rv32i55555/JYD2025_Contest-rv32i/digital_twin.runs/synth_1/runme.log
[Sun May  3 15:30:07 2026] Launched impl_1...
Run output will be captured here: E:/JYD2025_Contest-rv32i55555/JYD2025_Contest-rv32i/digital_twin.runs/impl_1/runme.log
report_timing_summary -delay_type min_max -report_unconstrained -check_timing_verbose -max_paths 10 -input_pins -routable_nets -name timing_1
INFO: [Timing 38-91] UpdateTimingParams: Speed grade: -2, Delay Type: min_max.
INFO: [Timing 38-191] Multithreading enabled for timing update using a maximum of 2 CPUs
refresh_design
Netlist sorting complete. Time (s): cpu = 00:00:01 ; elapsed = 00:00:00.054 . Memory (MB): peak = 3605.996 ; gain = 0.000
INFO: [Netlist 29-17] Analyzing 1220 Unisim elements for replacement
INFO: [Netlist 29-28] Unisim Transformation completed in 0 CPU seconds
INFO: [Project 1-479] Netlist was created with Vivado 2023.2
INFO: [Project 1-570] Preparing netlist for logic optimization
Read ShapeDB Complete: Time (s): cpu = 00:00:00 ; elapsed = 00:00:00.017 . Memory (MB): peak = 3605.996 ; gain = 0.000
INFO: [Timing 38-478] Restoring timing data from binary archive.
INFO: [Timing 38-479] Binary timing data restore complete.
INFO: [Project 1-856] Restoring constraints from binary archive.
INFO: [Project 1-853] Binary constraint restore complete.
INFO: [Designutils 20-5722] Start Reading Physical Databases.
Reading placement.
Read Netlist Cache: Time (s): cpu = 00:00:00 ; elapsed = 00:00:00.010 . Memory (MB): peak = 3605.996 ; gain = 0.000
Reading placer database...
Read Device Cache: Time (s): cpu = 00:00:00 ; elapsed = 00:00:00.007 . Memory (MB): peak = 3605.996 ; gain = 0.000
Read PlaceDB: Time (s): cpu = 00:00:00 ; elapsed = 00:00:00.235 . Memory (MB): peak = 3605.996 ; gain = 0.000
Read PulsedLatchDB: Time (s): cpu = 00:00:00 ; elapsed = 00:00:00 . Memory (MB): peak = 3605.996 ; gain = 0.000
Reading routing.
Read RouteStorage: Time (s): cpu = 00:00:00 ; elapsed = 00:00:00.249 . Memory (MB): peak = 3605.996 ; gain = 0.000
Read Physdb Files: Time (s): cpu = 00:00:00 ; elapsed = 00:00:00.516 . Memory (MB): peak = 3605.996 ; gain = 0.000
Restored from archive | CPU: 0.000000 secs | Memory: 0.000000 MB |
Finished XDEF File Restore: Time (s): cpu = 00:00:00 ; elapsed = 00:00:00.517 . Memory (MB): peak = 3605.996 ; gain = 0.000
refresh_design: Time (s): cpu = 00:00:08 ; elapsed = 00:00:05 . Memory (MB): peak = 3605.996 ; gain = 44.895
launch_runs impl_1 -to_step write_bitstream -jobs 16
INFO: [Vivado 12-4149] The synthesis checkpoint for IP 'E:/JYD2025_Contest-rv32i55555/JYD2025_Contest-rv32i/digital_twin.srcs/sources_1/ip/DRAM_BRAM/DRAM_BRAM.xci' is already up-to-date
INFO: [Vivado 12-4149] The synthesis checkpoint for IP 'E:/JYD2025_Contest-rv32i55555/JYD2025_Contest-rv32i/digital_twin.srcs/sources_1/ip/pll_1/pll.xci' is already up-to-date
[Sun May  3 15:36:36 2026] Launched impl_1...
Run output will be captured here: E:/JYD2025_Contest-rv32i55555/JYD2025_Contest-rv32i/digital_twin.runs/impl_1/runme.log
open_hw_manager
connect_hw_server -allow_non_jtag
INFO: [Labtools 27-2285] Connecting to hw_server url TCP:localhost:3121
INFO: [Labtools 27-2222] Launching hw_server...
INFO: [Labtools 27-2221] Launch Output:
ECHO 处于关闭状态。
ECHO 处于关闭状态。

****** Xilinx hw_server v2023.2
  **** Build date : Oct 13 2023 at 21:31:40
    ** Copyright 1986-2022 Xilinx, Inc. All Rights Reserved.


INFO: [Labtools 27-3415] Connecting to cs_server url TCP:localhost:0
INFO: [Labtools 27-3417] Launching cs_server...
INFO: [Labtools 27-2221] Launch Output:
ECHO 处于关闭状态。
ECHO 处于关闭状态。


******** Xilinx cs_server v2023.2.0
  ****** Build date   : Oct 10 2023-12:01:56
    **** Build number : 2023.2.1696910516
      ** Copyright 2017-2022 Xilinx, Inc. All Rights Reserved.
      ** Copyright 2022-2026 Advanced Micro Devices, Inc. All Rights Reserved.



connect_hw_server: Time (s): cpu = 00:00:00 ; elapsed = 00:00:06 . Memory (MB): peak = 3605.996 ; gain = 0.000
open_hw_target
INFO: [Labtoolstcl 44-466] Opening hw_target localhost:3121/xilinx_tcf/Digilent/250826101141
ERROR: [Labtools 27-2269] No devices detected on target localhost:3121/xilinx_tcf/Digilent/250826101141.
Check cable connectivity and that the target board is powered up then
use the disconnect_hw_server and connect_hw_server to re-register this hardware target.
ERROR: [Common 17-39] 'open_hw_target' failed due to earlier errors.
set_property PROBES.FILE {} [get_hw_devices xc7k325t_0]
set_property FULL_PROBES.FILE {} [get_hw_devices xc7k325t_0]
set_property PROGRAM.FILE {E:/JYD2025_Contest-rv32i55555/JYD2025_Contest-rv32i/digital_twin.runs/impl_1/top.bit} [get_hw_devices xc7k325t_0]
program_hw_devices [get_hw_devices xc7k325t_0]
INFO: [Labtools 27-3164] End of startup status: HIGH
program_hw_devices: Time (s): cpu = 00:00:07 ; elapsed = 00:00:07 . Memory (MB): peak = 3605.996 ; gain = 0.000
refresh_hw_device [lindex [get_hw_devices xc7k325t_0] 0]
INFO: [Labtools 27-1434] Device xc7k325t (JTAG device index = 0) is programmed with a design that has no supported debug core(s) in it.
close_hw_manager
set_property CONFIG.coefficient_file {E:/coe/src0/irom.coe} [get_ips IROM]
INFO: [IP_Flow 19-3484] Absolute path of file 'e:/coe/src0/irom.coe' provided. It will be converted relative to IP Instance files '../../../../../../coe/src0/irom.coe'
generate_target all [get_files  E:/JYD2025_Contest-rv32i55555/JYD2025_Contest-rv32i/digital_twin.srcs/sources_1/ip/IROM/IROM.xci]
INFO: [IP_Flow 19-1686] Generating 'Instantiation Template' target for IP 'IROM'...
INFO: [IP_Flow 19-1686] Generating 'Synthesis' target for IP 'IROM'...
INFO: [IP_Flow 19-1686] Generating 'Simulation' target for IP 'IROM'...
INFO: [IP_Flow 19-1686] Generating 'Change Log' target for IP 'IROM'...
catch { config_ip_cache -export [get_ips -all IROM] }
INFO: [IP_Flow 19-6924] IPCACHE: Running cache check for IP inst: IROM
export_ip_user_files -of_objects [get_files E:/JYD2025_Contest-rv32i55555/JYD2025_Contest-rv32i/digital_twin.srcs/sources_1/ip/IROM/IROM.xci] -no_script -sync -force -quiet
reset_run IROM_synth_1
WARNING: [Vivado 12-1017] Problems encountered:
1. Failed to delete one or more files in run directory E:/JYD2025_Contest-rv32i55555/JYD2025_Contest-rv32i/digital_twin.runs/IROM_synth_1

launch_runs IROM_synth_1 -jobs 16
INFO: [IP_Flow 19-6924] IPCACHE: Running cache check for IP inst: IROM
[Sun May  3 16:20:05 2026] Launched IROM_synth_1...
Run output will be captured here: E:/JYD2025_Contest-rv32i55555/JYD2025_Contest-rv32i/digital_twin.runs/IROM_synth_1/runme.log
export_simulation -of_objects [get_files E:/JYD2025_Contest-rv32i55555/JYD2025_Contest-rv32i/digital_twin.srcs/sources_1/ip/IROM/IROM.xci] -directory E:/JYD2025_Contest-rv32i55555/JYD2025_Contest-rv32i/digital_twin.ip_user_files/sim_scripts -ip_user_files_dir E:/JYD2025_Contest-rv32i55555/JYD2025_Contest-rv32i/digital_twin.ip_user_files -ipstatic_source_dir E:/JYD2025_Contest-rv32i55555/JYD2025_Contest-rv32i/digital_twin.ip_user_files/ipstatic -lib_map_path [list {modelsim=E:/JYD2025_Contest-rv32i55555/JYD2025_Contest-rv32i/digital_twin.cache/compile_simlib/modelsim} {questa=E:/JYD2025_Contest-rv32i55555/JYD2025_Contest-rv32i/digital_twin.cache/compile_simlib/questa} {riviera=E:/JYD2025_Contest-rv32i55555/JYD2025_Contest-rv32i/digital_twin.cache/compile_simlib/riviera} {activehdl=E:/JYD2025_Contest-rv32i55555/JYD2025_Contest-rv32i/digital_twin.cache/compile_simlib/activehdl}] -use_ip_compiled_libs -force -quiet
WARNING: [IP_Flow 19-4067] Ignoring invalid widget type specified checkbox.Providing a default widget
WARNING: [IP_Flow 19-4067] Ignoring invalid widget type specified checkbox.Providing a default widget
INFO: [IP_Flow 19-3484] Absolute path of file 'e:/coe/src0/dram.coe' provided. It will be converted relative to IP Instance files '../../../../../../coe/src0/dram.coe'
set_property CONFIG.Coe_File {E:/coe/src0/dram.coe} [get_ips DRAM_BRAM]
INFO: [IP_Flow 19-3484] Absolute path of file 'e:/coe/src0/dram.coe' provided. It will be converted relative to IP Instance files '../../../../../../coe/src0/dram.coe'
generate_target all [get_files  E:/JYD2025_Contest-rv32i55555/JYD2025_Contest-rv32i/digital_twin.srcs/sources_1/ip/DRAM_BRAM/DRAM_BRAM.xci]
INFO: [IP_Flow 19-1686] Generating 'Instantiation Template' target for IP 'DRAM_BRAM'...
INFO: [IP_Flow 19-1686] Generating 'Synthesis' target for IP 'DRAM_BRAM'...
INFO: [IP_Flow 19-1686] Generating 'Simulation' target for IP 'DRAM_BRAM'...
INFO: [IP_Flow 19-1686] Generating 'Miscellaneous' target for IP 'DRAM_BRAM'...
INFO: [IP_Flow 19-1686] Generating 'Change Log' target for IP 'DRAM_BRAM'...
catch { config_ip_cache -export [get_ips -all DRAM_BRAM] }
INFO: [IP_Flow 19-6924] IPCACHE: Running cache check for IP inst: DRAM_BRAM
export_ip_user_files -of_objects [get_files E:/JYD2025_Contest-rv32i55555/JYD2025_Contest-rv32i/digital_twin.srcs/sources_1/ip/DRAM_BRAM/DRAM_BRAM.xci] -no_script -sync -force -quiet
create_ip_run [get_files -of_objects [get_fileset sources_1] E:/JYD2025_Contest-rv32i55555/JYD2025_Contest-rv32i/digital_twin.srcs/sources_1/ip/DRAM_BRAM/DRAM_BRAM.xci]
launch_runs DRAM_BRAM_synth_1 -jobs 16
INFO: [IP_Flow 19-6924] IPCACHE: Running cache check for IP inst: DRAM_BRAM
[Sun May  3 16:20:27 2026] Launched DRAM_BRAM_synth_1...
Run output will be captured here: E:/JYD2025_Contest-rv32i55555/JYD2025_Contest-rv32i/digital_twin.runs/DRAM_BRAM_synth_1/runme.log
export_simulation -of_objects [get_files E:/JYD2025_Contest-rv32i55555/JYD2025_Contest-rv32i/digital_twin.srcs/sources_1/ip/DRAM_BRAM/DRAM_BRAM.xci] -directory E:/JYD2025_Contest-rv32i55555/JYD2025_Contest-rv32i/digital_twin.ip_user_files/sim_scripts -ip_user_files_dir E:/JYD2025_Contest-rv32i55555/JYD2025_Contest-rv32i/digital_twin.ip_user_files -ipstatic_source_dir E:/JYD2025_Contest-rv32i55555/JYD2025_Contest-rv32i/digital_twin.ip_user_files/ipstatic -lib_map_path [list {modelsim=E:/JYD2025_Contest-rv32i55555/JYD2025_Contest-rv32i/digital_twin.cache/compile_simlib/modelsim} {questa=E:/JYD2025_Contest-rv32i55555/JYD2025_Contest-rv32i/digital_twin.cache/compile_simlib/questa} {riviera=E:/JYD2025_Contest-rv32i55555/JYD2025_Contest-rv32i/digital_twin.cache/compile_simlib/riviera} {activehdl=E:/JYD2025_Contest-rv32i55555/JYD2025_Contest-rv32i/digital_twin.cache/compile_simlib/activehdl}] -use_ip_compiled_libs -force -quiet
reset_run synth_1
INFO: [Project 1-1161] Replacing file E:/JYD2025_Contest-rv32i55555/JYD2025_Contest-rv32i/digital_twin.srcs/utils_1/imports/synth_1/top.dcp with file E:/JYD2025_Contest-rv32i55555/JYD2025_Contest-rv32i/digital_twin.runs/synth_1/top.dcp
WARNING: [Vivado 12-1017] Problems encountered:
1. Failed to delete one or more files in run directory E:/JYD2025_Contest-rv32i55555/JYD2025_Contest-rv32i/digital_twin.runs/synth_1

launch_runs impl_1 -to_step write_bitstream -jobs 16
INFO: [Vivado 12-4149] The synthesis checkpoint for IP 'E:/JYD2025_Contest-rv32i55555/JYD2025_Contest-rv32i/digital_twin.srcs/sources_1/ip/pll_1/pll.xci' is already up-to-date
[Sun May  3 16:24:00 2026] Launched synth_1...
Run output will be captured here: E:/JYD2025_Contest-rv32i55555/JYD2025_Contest-rv32i/digital_twin.runs/synth_1/runme.log
[Sun May  3 16:24:00 2026] Launched impl_1...
Run output will be captured here: E:/JYD2025_Contest-rv32i55555/JYD2025_Contest-rv32i/digital_twin.runs/impl_1/runme.log
open_hw_manager
connect_hw_server -allow_non_jtag
INFO: [Labtools 27-2285] Connecting to hw_server url TCP:localhost:3121
INFO: [Labtools 27-2222] Launching hw_server...
INFO: [Labtools 27-2221] Launch Output:
ECHO 处于关闭状态。
ECHO 处于关闭状态。

****** Xilinx hw_server v2023.2
  **** Build date : Oct 13 2023 at 21:31:40
    ** Copyright 1986-2022 Xilinx, Inc. All Rights Reserved.


INFO: [Labtools 27-3415] Connecting to cs_server url TCP:localhost:0
INFO: [Labtools 27-3417] Launching cs_server...
INFO: [Labtools 27-2221] Launch Output:
ECHO 处于关闭状态。
ECHO 处于关闭状态。


******** Xilinx cs_server v2023.2.0
  ****** Build date   : Oct 10 2023-12:01:56
    **** Build number : 2023.2.1696910516
      ** Copyright 2017-2022 Xilinx, Inc. All Rights Reserved.
      ** Copyright 2022-2026 Advanced Micro Devices, Inc. All Rights Reserved.



connect_hw_server: Time (s): cpu = 00:00:00 ; elapsed = 00:00:06 . Memory (MB): peak = 3605.996 ; gain = 0.000
open_hw_target
INFO: [Labtoolstcl 44-466] Opening hw_target localhost:3121/xilinx_tcf/Digilent/250826101141
set_property PROGRAM.FILE {E:/JYD2025_Contest-rv32i55555/JYD2025_Contest-rv32i/digital_twin.runs/impl_1/top.bit} [get_hw_devices xc7k325t_0]
current_hw_device [get_hw_devices xc7k325t_0]
refresh_hw_device -update_hw_probes false [lindex [get_hw_devices xc7k325t_0] 0]
INFO: [Labtools 27-1434] Device xc7k325t (JTAG device index = 0) is programmed with a design that has no supported debug core(s) in it.
set_property PROBES.FILE {} [get_hw_devices xc7k325t_0]
set_property FULL_PROBES.FILE {} [get_hw_devices xc7k325t_0]
set_property PROGRAM.FILE {E:/JYD2025_Contest-rv32i55555/JYD2025_Contest-rv32i/digital_twin.runs/impl_1/top.bit} [get_hw_devices xc7k325t_0]
program_hw_devices [get_hw_devices xc7k325t_0]
INFO: [Labtools 27-3164] End of startup status: HIGH
program_hw_devices: Time (s): cpu = 00:00:07 ; elapsed = 00:00:07 . Memory (MB): peak = 3605.996 ; gain = 0.000
refresh_hw_device [lindex [get_hw_devices xc7k325t_0] 0]
INFO: [Labtools 27-1434] Device xc7k325t (JTAG device index = 0) is programmed with a design that has no supported debug core(s) in it.
close_hw_manager
close_design
set_property CONFIG.coefficient_file {E:/coe/src1/irom.coe} [get_ips IROM]
INFO: [IP_Flow 19-3484] Absolute path of file 'e:/coe/src1/irom.coe' provided. It will be converted relative to IP Instance files '../../../../../../coe/src1/irom.coe'
generate_target all [get_files  E:/JYD2025_Contest-rv32i55555/JYD2025_Contest-rv32i/digital_twin.srcs/sources_1/ip/IROM/IROM.xci]
INFO: [IP_Flow 19-1686] Generating 'Instantiation Template' target for IP 'IROM'...
INFO: [IP_Flow 19-1686] Generating 'Synthesis' target for IP 'IROM'...
INFO: [IP_Flow 19-1686] Generating 'Simulation' target for IP 'IROM'...
INFO: [IP_Flow 19-1686] Generating 'Change Log' target for IP 'IROM'...
catch { config_ip_cache -export [get_ips -all IROM] }
INFO: [IP_Flow 19-6924] IPCACHE: Running cache check for IP inst: IROM
export_ip_user_files -of_objects [get_files E:/JYD2025_Contest-rv32i55555/JYD2025_Contest-rv32i/digital_twin.srcs/sources_1/ip/IROM/IROM.xci] -no_script -sync -force -quiet
reset_run IROM_synth_1
WARNING: [Vivado 12-1017] Problems encountered:
1. Failed to delete one or more files in run directory E:/JYD2025_Contest-rv32i55555/JYD2025_Contest-rv32i/digital_twin.runs/IROM_synth_1

launch_runs IROM_synth_1 -jobs 16
INFO: [IP_Flow 19-6924] IPCACHE: Running cache check for IP inst: IROM
[Sun May  3 16:30:32 2026] Launched IROM_synth_1...
Run output will be captured here: E:/JYD2025_Contest-rv32i55555/JYD2025_Contest-rv32i/digital_twin.runs/IROM_synth_1/runme.log
export_simulation -of_objects [get_files E:/JYD2025_Contest-rv32i55555/JYD2025_Contest-rv32i/digital_twin.srcs/sources_1/ip/IROM/IROM.xci] -directory E:/JYD2025_Contest-rv32i55555/JYD2025_Contest-rv32i/digital_twin.ip_user_files/sim_scripts -ip_user_files_dir E:/JYD2025_Contest-rv32i55555/JYD2025_Contest-rv32i/digital_twin.ip_user_files -ipstatic_source_dir E:/JYD2025_Contest-rv32i55555/JYD2025_Contest-rv32i/digital_twin.ip_user_files/ipstatic -lib_map_path [list {modelsim=E:/JYD2025_Contest-rv32i55555/JYD2025_Contest-rv32i/digital_twin.cache/compile_simlib/modelsim} {questa=E:/JYD2025_Contest-rv32i55555/JYD2025_Contest-rv32i/digital_twin.cache/compile_simlib/questa} {riviera=E:/JYD2025_Contest-rv32i55555/JYD2025_Contest-rv32i/digital_twin.cache/compile_simlib/riviera} {activehdl=E:/JYD2025_Contest-rv32i55555/JYD2025_Contest-rv32i/digital_twin.cache/compile_simlib/activehdl}] -use_ip_compiled_libs -force -quiet
WARNING: [IP_Flow 19-4067] Ignoring invalid widget type specified checkbox.Providing a default widget
WARNING: [IP_Flow 19-4067] Ignoring invalid widget type specified checkbox.Providing a default widget
INFO: [IP_Flow 19-3484] Absolute path of file 'e:/coe/src1/dram.coe' provided. It will be converted relative to IP Instance files '../../../../../../coe/src1/dram.coe'
set_property CONFIG.Coe_File {E:/coe/src1/dram.coe} [get_ips DRAM_BRAM]
INFO: [IP_Flow 19-3484] Absolute path of file 'e:/coe/src1/dram.coe' provided. It will be converted relative to IP Instance files '../../../../../../coe/src1/dram.coe'
generate_target all [get_files  E:/JYD2025_Contest-rv32i55555/JYD2025_Contest-rv32i/digital_twin.srcs/sources_1/ip/DRAM_BRAM/DRAM_BRAM.xci]
INFO: [IP_Flow 19-1686] Generating 'Instantiation Template' target for IP 'DRAM_BRAM'...
INFO: [IP_Flow 19-1686] Generating 'Synthesis' target for IP 'DRAM_BRAM'...
INFO: [IP_Flow 19-1686] Generating 'Simulation' target for IP 'DRAM_BRAM'...
INFO: [IP_Flow 19-1686] Generating 'Miscellaneous' target for IP 'DRAM_BRAM'...
INFO: [IP_Flow 19-1686] Generating 'Change Log' target for IP 'DRAM_BRAM'...
catch { config_ip_cache -export [get_ips -all DRAM_BRAM] }
INFO: [IP_Flow 19-6924] IPCACHE: Running cache check for IP inst: DRAM_BRAM
export_ip_user_files -of_objects [get_files E:/JYD2025_Contest-rv32i55555/JYD2025_Contest-rv32i/digital_twin.srcs/sources_1/ip/DRAM_BRAM/DRAM_BRAM.xci] -no_script -sync -force -quiet
reset_run DRAM_BRAM_synth_1
launch_runs DRAM_BRAM_synth_1 -jobs 16
INFO: [IP_Flow 19-6924] IPCACHE: Running cache check for IP inst: DRAM_BRAM
[Sun May  3 16:31:56 2026] Launched DRAM_BRAM_synth_1...
Run output will be captured here: E:/JYD2025_Contest-rv32i55555/JYD2025_Contest-rv32i/digital_twin.runs/DRAM_BRAM_synth_1/runme.log
export_simulation -of_objects [get_files E:/JYD2025_Contest-rv32i55555/JYD2025_Contest-rv32i/digital_twin.srcs/sources_1/ip/DRAM_BRAM/DRAM_BRAM.xci] -directory E:/JYD2025_Contest-rv32i55555/JYD2025_Contest-rv32i/digital_twin.ip_user_files/sim_scripts -ip_user_files_dir E:/JYD2025_Contest-rv32i55555/JYD2025_Contest-rv32i/digital_twin.ip_user_files -ipstatic_source_dir E:/JYD2025_Contest-rv32i55555/JYD2025_Contest-rv32i/digital_twin.ip_user_files/ipstatic -lib_map_path [list {modelsim=E:/JYD2025_Contest-rv32i55555/JYD2025_Contest-rv32i/digital_twin.cache/compile_simlib/modelsim} {questa=E:/JYD2025_Contest-rv32i55555/JYD2025_Contest-rv32i/digital_twin.cache/compile_simlib/questa} {riviera=E:/JYD2025_Contest-rv32i55555/JYD2025_Contest-rv32i/digital_twin.cache/compile_simlib/riviera} {activehdl=E:/JYD2025_Contest-rv32i55555/JYD2025_Contest-rv32i/digital_twin.cache/compile_simlib/activehdl}] -use_ip_compiled_libs -force -quiet
reset_run synth_1
INFO: [Project 1-1161] Replacing file E:/JYD2025_Contest-rv32i55555/JYD2025_Contest-rv32i/digital_twin.srcs/utils_1/imports/synth_1/top.dcp with file E:/JYD2025_Contest-rv32i55555/JYD2025_Contest-rv32i/digital_twin.runs/synth_1/top.dcp
WARNING: [Vivado 12-1017] Problems encountered:
1. Failed to delete one or more files in run directory E:/JYD2025_Contest-rv32i55555/JYD2025_Contest-rv32i/digital_twin.runs/synth_1

launch_runs impl_1 -to_step write_bitstream -jobs 16
INFO: [Vivado 12-4149] The synthesis checkpoint for IP 'E:/JYD2025_Contest-rv32i55555/JYD2025_Contest-rv32i/digital_twin.srcs/sources_1/ip/pll_1/pll.xci' is already up-to-date
[Sun May  3 16:33:45 2026] Launched synth_1...
Run output will be captured here: E:/JYD2025_Contest-rv32i55555/JYD2025_Contest-rv32i/digital_twin.runs/synth_1/runme.log
[Sun May  3 16:33:45 2026] Launched impl_1...
Run output will be captured here: E:/JYD2025_Contest-rv32i55555/JYD2025_Contest-rv32i/digital_twin.runs/impl_1/runme.log
open_hw_manager
connect_hw_server -allow_non_jtag
INFO: [Labtools 27-2285] Connecting to hw_server url TCP:localhost:3121
INFO: [Labtools 27-2222] Launching hw_server...
INFO: [Labtools 27-2221] Launch Output:
ECHO 处于关闭状态。
ECHO 处于关闭状态。

****** Xilinx hw_server v2023.2
  **** Build date : Oct 13 2023 at 21:31:40
    ** Copyright 1986-2022 Xilinx, Inc. All Rights Reserved.


INFO: [Labtools 27-3415] Connecting to cs_server url TCP:localhost:0
INFO: [Labtools 27-3417] Launching cs_server...
INFO: [Labtools 27-2221] Launch Output:
ECHO 处于关闭状态。
ECHO 处于关闭状态。


******** Xilinx cs_server v2023.2.0
  ****** Build date   : Oct 10 2023-12:01:56
    **** Build number : 2023.2.1696910516
      ** Copyright 2017-2022 Xilinx, Inc. All Rights Reserved.
      ** Copyright 2022-2026 Advanced Micro Devices, Inc. All Rights Reserved.



connect_hw_server: Time (s): cpu = 00:00:00 ; elapsed = 00:00:05 . Memory (MB): peak = 3605.996 ; gain = 0.000
open_hw_target
INFO: [Labtoolstcl 44-466] Opening hw_target localhost:3121/xilinx_tcf/Digilent/250826101141
set_property PROGRAM.FILE {E:/JYD2025_Contest-rv32i55555/JYD2025_Contest-rv32i/digital_twin.runs/impl_1/top.bit} [get_hw_devices xc7k325t_0]
current_hw_device [get_hw_devices xc7k325t_0]
refresh_hw_device -update_hw_probes false [lindex [get_hw_devices xc7k325t_0] 0]
INFO: [Labtools 27-1434] Device xc7k325t (JTAG device index = 0) is programmed with a design that has no supported debug core(s) in it.
set_property PROBES.FILE {} [get_hw_devices xc7k325t_0]
set_property FULL_PROBES.FILE {} [get_hw_devices xc7k325t_0]
set_property PROGRAM.FILE {E:/JYD2025_Contest-rv32i55555/JYD2025_Contest-rv32i/digital_twin.runs/impl_1/top.bit} [get_hw_devices xc7k325t_0]
program_hw_devices [get_hw_devices xc7k325t_0]
INFO: [Labtools 27-3164] End of startup status: HIGH
program_hw_devices: Time (s): cpu = 00:00:07 ; elapsed = 00:00:07 . Memory (MB): peak = 3605.996 ; gain = 0.000
refresh_hw_device [lindex [get_hw_devices xc7k325t_0] 0]
INFO: [Labtools 27-1434] Device xc7k325t (JTAG device index = 0) is programmed with a design that has no supported debug core(s) in it.
close_hw_manager
set_property CONFIG.coefficient_file {E:/coe/src2/irom.coe} [get_ips IROM]
INFO: [IP_Flow 19-3484] Absolute path of file 'e:/coe/src2/irom.coe' provided. It will be converted relative to IP Instance files '../../../../../../coe/src2/irom.coe'
generate_target all [get_files  E:/JYD2025_Contest-rv32i55555/JYD2025_Contest-rv32i/digital_twin.srcs/sources_1/ip/IROM/IROM.xci]
INFO: [IP_Flow 19-1686] Generating 'Instantiation Template' target for IP 'IROM'...
INFO: [IP_Flow 19-1686] Generating 'Synthesis' target for IP 'IROM'...
INFO: [IP_Flow 19-1686] Generating 'Simulation' target for IP 'IROM'...
INFO: [IP_Flow 19-1686] Generating 'Change Log' target for IP 'IROM'...
catch { config_ip_cache -export [get_ips -all IROM] }
INFO: [IP_Flow 19-6924] IPCACHE: Running cache check for IP inst: IROM
export_ip_user_files -of_objects [get_files E:/JYD2025_Contest-rv32i55555/JYD2025_Contest-rv32i/digital_twin.srcs/sources_1/ip/IROM/IROM.xci] -no_script -sync -force -quiet
reset_run IROM_synth_1
WARNING: [Vivado 12-1017] Problems encountered:
1. Failed to delete one or more files in run directory E:/JYD2025_Contest-rv32i55555/JYD2025_Contest-rv32i/digital_twin.runs/IROM_synth_1

launch_runs IROM_synth_1 -jobs 16
INFO: [IP_Flow 19-6924] IPCACHE: Running cache check for IP inst: IROM
[Sun May  3 16:42:43 2026] Launched IROM_synth_1...
Run output will be captured here: E:/JYD2025_Contest-rv32i55555/JYD2025_Contest-rv32i/digital_twin.runs/IROM_synth_1/runme.log
export_simulation -of_objects [get_files E:/JYD2025_Contest-rv32i55555/JYD2025_Contest-rv32i/digital_twin.srcs/sources_1/ip/IROM/IROM.xci] -directory E:/JYD2025_Contest-rv32i55555/JYD2025_Contest-rv32i/digital_twin.ip_user_files/sim_scripts -ip_user_files_dir E:/JYD2025_Contest-rv32i55555/JYD2025_Contest-rv32i/digital_twin.ip_user_files -ipstatic_source_dir E:/JYD2025_Contest-rv32i55555/JYD2025_Contest-rv32i/digital_twin.ip_user_files/ipstatic -lib_map_path [list {modelsim=E:/JYD2025_Contest-rv32i55555/JYD2025_Contest-rv32i/digital_twin.cache/compile_simlib/modelsim} {questa=E:/JYD2025_Contest-rv32i55555/JYD2025_Contest-rv32i/digital_twin.cache/compile_simlib/questa} {riviera=E:/JYD2025_Contest-rv32i55555/JYD2025_Contest-rv32i/digital_twin.cache/compile_simlib/riviera} {activehdl=E:/JYD2025_Contest-rv32i55555/JYD2025_Contest-rv32i/digital_twin.cache/compile_simlib/activehdl}] -use_ip_compiled_libs -force -quiet
WARNING: [IP_Flow 19-4067] Ignoring invalid widget type specified checkbox.Providing a default widget
WARNING: [IP_Flow 19-4067] Ignoring invalid widget type specified checkbox.Providing a default widget
INFO: [IP_Flow 19-3484] Absolute path of file 'e:/coe/src2/dram.coe' provided. It will be converted relative to IP Instance files '../../../../../../coe/src2/dram.coe'
set_property CONFIG.Coe_File {E:/coe/src2/dram.coe} [get_ips DRAM_BRAM]
INFO: [IP_Flow 19-3484] Absolute path of file 'e:/coe/src2/dram.coe' provided. It will be converted relative to IP Instance files '../../../../../../coe/src2/dram.coe'
generate_target all [get_files  E:/JYD2025_Contest-rv32i55555/JYD2025_Contest-rv32i/digital_twin.srcs/sources_1/ip/DRAM_BRAM/DRAM_BRAM.xci]
INFO: [IP_Flow 19-1686] Generating 'Instantiation Template' target for IP 'DRAM_BRAM'...
INFO: [IP_Flow 19-1686] Generating 'Synthesis' target for IP 'DRAM_BRAM'...
INFO: [IP_Flow 19-1686] Generating 'Simulation' target for IP 'DRAM_BRAM'...
INFO: [IP_Flow 19-1686] Generating 'Miscellaneous' target for IP 'DRAM_BRAM'...
INFO: [IP_Flow 19-1686] Generating 'Change Log' target for IP 'DRAM_BRAM'...
catch { config_ip_cache -export [get_ips -all DRAM_BRAM] }
INFO: [IP_Flow 19-6924] IPCACHE: Running cache check for IP inst: DRAM_BRAM
export_ip_user_files -of_objects [get_files E:/JYD2025_Contest-rv32i55555/JYD2025_Contest-rv32i/digital_twin.srcs/sources_1/ip/DRAM_BRAM/DRAM_BRAM.xci] -no_script -sync -force -quiet
reset_run DRAM_BRAM_synth_1
launch_runs DRAM_BRAM_synth_1 -jobs 16
INFO: [IP_Flow 19-6924] IPCACHE: Running cache check for IP inst: DRAM_BRAM
[Sun May  3 16:44:14 2026] Launched DRAM_BRAM_synth_1...
Run output will be captured here: E:/JYD2025_Contest-rv32i55555/JYD2025_Contest-rv32i/digital_twin.runs/DRAM_BRAM_synth_1/runme.log
export_simulation -of_objects [get_files E:/JYD2025_Contest-rv32i55555/JYD2025_Contest-rv32i/digital_twin.srcs/sources_1/ip/DRAM_BRAM/DRAM_BRAM.xci] -directory E:/JYD2025_Contest-rv32i55555/JYD2025_Contest-rv32i/digital_twin.ip_user_files/sim_scripts -ip_user_files_dir E:/JYD2025_Contest-rv32i55555/JYD2025_Contest-rv32i/digital_twin.ip_user_files -ipstatic_source_dir E:/JYD2025_Contest-rv32i55555/JYD2025_Contest-rv32i/digital_twin.ip_user_files/ipstatic -lib_map_path [list {modelsim=E:/JYD2025_Contest-rv32i55555/JYD2025_Contest-rv32i/digital_twin.cache/compile_simlib/modelsim} {questa=E:/JYD2025_Contest-rv32i55555/JYD2025_Contest-rv32i/digital_twin.cache/compile_simlib/questa} {riviera=E:/JYD2025_Contest-rv32i55555/JYD2025_Contest-rv32i/digital_twin.cache/compile_simlib/riviera} {activehdl=E:/JYD2025_Contest-rv32i55555/JYD2025_Contest-rv32i/digital_twin.cache/compile_simlib/activehdl}] -use_ip_compiled_libs -force -quiet
reset_run synth_1
INFO: [Project 1-1161] Replacing file E:/JYD2025_Contest-rv32i55555/JYD2025_Contest-rv32i/digital_twin.srcs/utils_1/imports/synth_1/top.dcp with file E:/JYD2025_Contest-rv32i55555/JYD2025_Contest-rv32i/digital_twin.runs/synth_1/top.dcp
WARNING: [Vivado 12-1017] Problems encountered:
1. Failed to delete one or more files in run directory E:/JYD2025_Contest-rv32i55555/JYD2025_Contest-rv32i/digital_twin.runs/synth_1

launch_runs impl_1 -to_step write_bitstream -jobs 16
INFO: [Vivado 12-4149] The synthesis checkpoint for IP 'E:/JYD2025_Contest-rv32i55555/JYD2025_Contest-rv32i/digital_twin.srcs/sources_1/ip/pll_1/pll.xci' is already up-to-date
[Sun May  3 16:46:12 2026] Launched synth_1...
Run output will be captured here: E:/JYD2025_Contest-rv32i55555/JYD2025_Contest-rv32i/digital_twin.runs/synth_1/runme.log
[Sun May  3 16:46:12 2026] Launched impl_1...
Run output will be captured here: E:/JYD2025_Contest-rv32i55555/JYD2025_Contest-rv32i/digital_twin.runs/impl_1/runme.log
open_hw_manager
connect_hw_server -allow_non_jtag
INFO: [Labtools 27-2285] Connecting to hw_server url TCP:localhost:3121
INFO: [Labtools 27-2222] Launching hw_server...
INFO: [Labtools 27-2221] Launch Output:
ECHO 处于关闭状态。
ECHO 处于关闭状态。

****** Xilinx hw_server v2023.2
  **** Build date : Oct 13 2023 at 21:31:40
    ** Copyright 1986-2022 Xilinx, Inc. All Rights Reserved.


INFO: [Labtools 27-3415] Connecting to cs_server url TCP:localhost:0
INFO: [Labtools 27-3417] Launching cs_server...
INFO: [Labtools 27-2221] Launch Output:
ECHO 处于关闭状态。
ECHO 处于关闭状态。


******** Xilinx cs_server v2023.2.0
  ****** Build date   : Oct 10 2023-12:01:56
    **** Build number : 2023.2.1696910516
      ** Copyright 2017-2022 Xilinx, Inc. All Rights Reserved.
      ** Copyright 2022-2026 Advanced Micro Devices, Inc. All Rights Reserved.



connect_hw_server: Time (s): cpu = 00:00:01 ; elapsed = 00:00:05 . Memory (MB): peak = 3605.996 ; gain = 0.000
open_hw_target
INFO: [Labtoolstcl 44-466] Opening hw_target localhost:3121/xilinx_tcf/Digilent/250826101141
set_property PROGRAM.FILE {E:/JYD2025_Contest-rv32i55555/JYD2025_Contest-rv32i/digital_twin.runs/impl_1/top.bit} [get_hw_devices xc7k325t_0]
current_hw_device [get_hw_devices xc7k325t_0]
refresh_hw_device -update_hw_probes false [lindex [get_hw_devices xc7k325t_0] 0]
INFO: [Labtools 27-1434] Device xc7k325t (JTAG device index = 0) is programmed with a design that has no supported debug core(s) in it.
close_hw_manager
open_hw_manager
connect_hw_server -allow_non_jtag
INFO: [Labtools 27-2285] Connecting to hw_server url TCP:localhost:3121
INFO: [Labtools 27-2222] Launching hw_server...
INFO: [Labtools 27-2221] Launch Output:
ECHO 处于关闭状态。
ECHO 处于关闭状态。

****** Xilinx hw_server v2023.2
  **** Build date : Oct 13 2023 at 21:31:40
    ** Copyright 1986-2022 Xilinx, Inc. All Rights Reserved.


INFO: [Labtools 27-3415] Connecting to cs_server url TCP:localhost:0
INFO: [Labtools 27-3417] Launching cs_server...
INFO: [Labtools 27-2221] Launch Output:
ECHO 处于关闭状态。
ECHO 处于关闭状态。


******** Xilinx cs_server v2023.2.0
  ****** Build date   : Oct 10 2023-12:01:56
    **** Build number : 2023.2.1696910516
      ** Copyright 2017-2022 Xilinx, Inc. All Rights Reserved.
      ** Copyright 2022-2026 Advanced Micro Devices, Inc. All Rights Reserved.



connect_hw_server: Time (s): cpu = 00:00:00 ; elapsed = 00:00:05 . Memory (MB): peak = 3605.996 ; gain = 0.000
open_hw_target
INFO: [Labtoolstcl 44-466] Opening hw_target localhost:3121/xilinx_tcf/Digilent/250826101141
set_property PROGRAM.FILE {E:/JYD2025_Contest-rv32i55555/JYD2025_Contest-rv32i/digital_twin.runs/impl_1/top.bit} [get_hw_devices xc7k325t_0]
current_hw_device [get_hw_devices xc7k325t_0]
refresh_hw_device -update_hw_probes false [lindex [get_hw_devices xc7k325t_0] 0]
INFO: [Labtools 27-1435] Device xc7k325t (JTAG device index = 0) is not programmed (DONE status = 0).
set_property PROBES.FILE {} [get_hw_devices xc7k325t_0]
set_property FULL_PROBES.FILE {} [get_hw_devices xc7k325t_0]
set_property PROGRAM.FILE {E:/Afive-bit/top0.bit} [get_hw_devices xc7k325t_0]
program_hw_devices [get_hw_devices xc7k325t_0]
INFO: [Labtools 27-3164] End of startup status: HIGH
program_hw_devices: Time (s): cpu = 00:00:07 ; elapsed = 00:00:07 . Memory (MB): peak = 3605.996 ; gain = 0.000
refresh_hw_device [lindex [get_hw_devices xc7k325t_0] 0]
INFO: [Labtools 27-1434] Device xc7k325t (JTAG device index = 0) is programmed with a design that has no supported debug core(s) in it.
set_property PROBES.FILE {} [get_hw_devices xc7k325t_0]
set_property FULL_PROBES.FILE {} [get_hw_devices xc7k325t_0]
set_property PROGRAM.FILE {E:/Afive-bit/top1.bit} [get_hw_devices xc7k325t_0]
program_hw_devices [get_hw_devices xc7k325t_0]
INFO: [Labtools 27-3164] End of startup status: HIGH
program_hw_devices: Time (s): cpu = 00:00:07 ; elapsed = 00:00:07 . Memory (MB): peak = 3605.996 ; gain = 0.000
refresh_hw_device [lindex [get_hw_devices xc7k325t_0] 0]
INFO: [Labtools 27-1434] Device xc7k325t (JTAG device index = 0) is programmed with a design that has no supported debug core(s) in it.
set_property PROBES.FILE {} [get_hw_devices xc7k325t_0]
set_property FULL_PROBES.FILE {} [get_hw_devices xc7k325t_0]
set_property PROGRAM.FILE {E:/JYD2025_Contest-rv32i55555/JYD2025_Contest-rv32i/digital_twin.runs/impl_1/top.bit} [get_hw_devices xc7k325t_0]
program_hw_devices [get_hw_devices xc7k325t_0]
INFO: [Labtools 27-3164] End of startup status: HIGH
program_hw_devices: Time (s): cpu = 00:00:07 ; elapsed = 00:00:07 . Memory (MB): peak = 3605.996 ; gain = 0.000
refresh_hw_device [lindex [get_hw_devices xc7k325t_0] 0]
INFO: [Labtools 27-1434] Device xc7k325t (JTAG device index = 0) is programmed with a design that has no supported debug core(s) in it.
close_hw_manager
set_property -dict [list \
  CONFIG.CLKOUT1_JITTER {173.722} \
  CONFIG.CLKOUT1_PHASE_ERROR {164.344} \
  CONFIG.CLKOUT2_JITTER {136.649} \
  CONFIG.CLKOUT2_PHASE_ERROR {164.344} \
  CONFIG.CLKOUT2_REQUESTED_OUT_FREQ {175} \
  CONFIG.MMCM_CLKFBOUT_MULT_F {21} \
  CONFIG.MMCM_CLKOUT0_DIVIDE_F {21} \
  CONFIG.MMCM_DIVCLK_DIVIDE {4} \
] [get_ips pll]
generate_target all [get_files  E:/JYD2025_Contest-rv32i55555/JYD2025_Contest-rv32i/digital_twin.srcs/sources_1/ip/pll_1/pll.xci]
INFO: [IP_Flow 19-1686] Generating 'Instantiation Template' target for IP 'pll'...
INFO: [IP_Flow 19-1686] Generating 'Synthesis' target for IP 'pll'...
INFO: [IP_Flow 19-1686] Generating 'Simulation' target for IP 'pll'...
INFO: [IP_Flow 19-1686] Generating 'Implementation' target for IP 'pll'...
INFO: [IP_Flow 19-1686] Generating 'Change Log' target for IP 'pll'...
catch { config_ip_cache -export [get_ips -all pll] }
INFO: [IP_Flow 19-6924] IPCACHE: Running cache check for IP inst: pll
INFO: [IP_Flow 19-6922] IPCACHE: Exporting cached entry c34508fc5a6030c5 to dir: e:/JYD2025_Contest-rv32i55555/JYD2025_Contest-rv32i/digital_twin.gen/sources_1/ip/pll
INFO: [IP_Flow 19-6928] IPCACHE: copied cached file e:/JYD2025_Contest-rv32i55555/JYD2025_Contest-rv32i/digital_twin.cache/ip/2023.2/c/3/c34508fc5a6030c5/pll.dcp to e:/JYD2025_Contest-rv32i55555/JYD2025_Contest-rv32i/digital_twin.gen/sources_1/ip/pll/pll.dcp.
INFO: [IP_Flow 19-6926] IPCACHE: added file to list for BOM: e:/JYD2025_Contest-rv32i55555/JYD2025_Contest-rv32i/digital_twin.gen/sources_1/ip/pll/pll.dcp
INFO: [IP_Flow 19-6928] IPCACHE: copied cached file e:/JYD2025_Contest-rv32i55555/JYD2025_Contest-rv32i/digital_twin.cache/ip/2023.2/c/3/c34508fc5a6030c5/pll_sim_netlist.v to e:/JYD2025_Contest-rv32i55555/JYD2025_Contest-rv32i/digital_twin.gen/sources_1/ip/pll/pll_sim_netlist.v.
INFO: [IP_Flow 19-6926] IPCACHE: added file to list for BOM: e:/JYD2025_Contest-rv32i55555/JYD2025_Contest-rv32i/digital_twin.gen/sources_1/ip/pll/pll_sim_netlist.v
INFO: [IP_Flow 19-6928] IPCACHE: copied cached file e:/JYD2025_Contest-rv32i55555/JYD2025_Contest-rv32i/digital_twin.cache/ip/2023.2/c/3/c34508fc5a6030c5/pll_sim_netlist.vhdl to e:/JYD2025_Contest-rv32i55555/JYD2025_Contest-rv32i/digital_twin.gen/sources_1/ip/pll/pll_sim_netlist.vhdl.
INFO: [IP_Flow 19-6926] IPCACHE: added file to list for BOM: e:/JYD2025_Contest-rv32i55555/JYD2025_Contest-rv32i/digital_twin.gen/sources_1/ip/pll/pll_sim_netlist.vhdl
INFO: [IP_Flow 19-6928] IPCACHE: copied cached file e:/JYD2025_Contest-rv32i55555/JYD2025_Contest-rv32i/digital_twin.cache/ip/2023.2/c/3/c34508fc5a6030c5/pll_stub.v to e:/JYD2025_Contest-rv32i55555/JYD2025_Contest-rv32i/digital_twin.gen/sources_1/ip/pll/pll_stub.v.
INFO: [IP_Flow 19-6926] IPCACHE: added file to list for BOM: e:/JYD2025_Contest-rv32i55555/JYD2025_Contest-rv32i/digital_twin.gen/sources_1/ip/pll/pll_stub.v
INFO: [IP_Flow 19-6928] IPCACHE: copied cached file e:/JYD2025_Contest-rv32i55555/JYD2025_Contest-rv32i/digital_twin.cache/ip/2023.2/c/3/c34508fc5a6030c5/pll_stub.vhdl to e:/JYD2025_Contest-rv32i55555/JYD2025_Contest-rv32i/digital_twin.gen/sources_1/ip/pll/pll_stub.vhdl.
INFO: [IP_Flow 19-6926] IPCACHE: added file to list for BOM: e:/JYD2025_Contest-rv32i55555/JYD2025_Contest-rv32i/digital_twin.gen/sources_1/ip/pll/pll_stub.vhdl
INFO: [IP_Flow 19-4993] Using cached IP synthesis design for IP pll, cache-ID = c34508fc5a6030c5; cache size = 57.339 MB.
export_ip_user_files -of_objects [get_files E:/JYD2025_Contest-rv32i55555/JYD2025_Contest-rv32i/digital_twin.srcs/sources_1/ip/pll_1/pll.xci] -no_script -sync -force -quiet
create_ip_run [get_files -of_objects [get_fileset sources_1] E:/JYD2025_Contest-rv32i55555/JYD2025_Contest-rv32i/digital_twin.srcs/sources_1/ip/pll_1/pll.xci]
INFO: [Vivado 12-3453] The given sub-design is up-to-date, no action was taken.  If a run is still desired, use the '-force' option for the file:'E:/JYD2025_Contest-rv32i55555/JYD2025_Contest-rv32i/digital_twin.srcs/sources_1/ip/pll_1/pll.xci'
export_simulation -of_objects [get_files E:/JYD2025_Contest-rv32i55555/JYD2025_Contest-rv32i/digital_twin.srcs/sources_1/ip/pll_1/pll.xci] -directory E:/JYD2025_Contest-rv32i55555/JYD2025_Contest-rv32i/digital_twin.ip_user_files/sim_scripts -ip_user_files_dir E:/JYD2025_Contest-rv32i55555/JYD2025_Contest-rv32i/digital_twin.ip_user_files -ipstatic_source_dir E:/JYD2025_Contest-rv32i55555/JYD2025_Contest-rv32i/digital_twin.ip_user_files/ipstatic -lib_map_path [list {modelsim=E:/JYD2025_Contest-rv32i55555/JYD2025_Contest-rv32i/digital_twin.cache/compile_simlib/modelsim} {questa=E:/JYD2025_Contest-rv32i55555/JYD2025_Contest-rv32i/digital_twin.cache/compile_simlib/questa} {riviera=E:/JYD2025_Contest-rv32i55555/JYD2025_Contest-rv32i/digital_twin.cache/compile_simlib/riviera} {activehdl=E:/JYD2025_Contest-rv32i55555/JYD2025_Contest-rv32i/digital_twin.cache/compile_simlib/activehdl}] -use_ip_compiled_libs -force -quiet
reset_run synth_1
INFO: [Project 1-1161] Replacing file E:/JYD2025_Contest-rv32i55555/JYD2025_Contest-rv32i/digital_twin.srcs/utils_1/imports/synth_1/top.dcp with file E:/JYD2025_Contest-rv32i55555/JYD2025_Contest-rv32i/digital_twin.runs/synth_1/top.dcp
WARNING: [Vivado 12-1017] Problems encountered:
1. Failed to delete one or more files in run directory E:/JYD2025_Contest-rv32i55555/JYD2025_Contest-rv32i/digital_twin.runs/synth_1

set_property CONFIG.coefficient_file {E:/coe/src0/irom.coe} [get_ips IROM]
INFO: [IP_Flow 19-3484] Absolute path of file 'e:/coe/src0/irom.coe' provided. It will be converted relative to IP Instance files '../../../../../../coe/src0/irom.coe'
generate_target all [get_files  E:/JYD2025_Contest-rv32i55555/JYD2025_Contest-rv32i/digital_twin.srcs/sources_1/ip/IROM/IROM.xci]
INFO: [IP_Flow 19-1686] Generating 'Instantiation Template' target for IP 'IROM'...
INFO: [IP_Flow 19-1686] Generating 'Synthesis' target for IP 'IROM'...
INFO: [IP_Flow 19-1686] Generating 'Simulation' target for IP 'IROM'...
INFO: [IP_Flow 19-1686] Generating 'Change Log' target for IP 'IROM'...
catch { config_ip_cache -export [get_ips -all IROM] }
INFO: [IP_Flow 19-6924] IPCACHE: Running cache check for IP inst: IROM
export_ip_user_files -of_objects [get_files E:/JYD2025_Contest-rv32i55555/JYD2025_Contest-rv32i/digital_twin.srcs/sources_1/ip/IROM/IROM.xci] -no_script -sync -force -quiet
reset_run IROM_synth_1
WARNING: [Vivado 12-1017] Problems encountered:
1. Failed to delete one or more files in run directory E:/JYD2025_Contest-rv32i55555/JYD2025_Contest-rv32i/digital_twin.runs/IROM_synth_1

launch_runs IROM_synth_1 -jobs 16
INFO: [IP_Flow 19-6924] IPCACHE: Running cache check for IP inst: IROM
[Sun May  3 17:03:01 2026] Launched IROM_synth_1...
Run output will be captured here: E:/JYD2025_Contest-rv32i55555/JYD2025_Contest-rv32i/digital_twin.runs/IROM_synth_1/runme.log
export_simulation -of_objects [get_files E:/JYD2025_Contest-rv32i55555/JYD2025_Contest-rv32i/digital_twin.srcs/sources_1/ip/IROM/IROM.xci] -directory E:/JYD2025_Contest-rv32i55555/JYD2025_Contest-rv32i/digital_twin.ip_user_files/sim_scripts -ip_user_files_dir E:/JYD2025_Contest-rv32i55555/JYD2025_Contest-rv32i/digital_twin.ip_user_files -ipstatic_source_dir E:/JYD2025_Contest-rv32i55555/JYD2025_Contest-rv32i/digital_twin.ip_user_files/ipstatic -lib_map_path [list {modelsim=E:/JYD2025_Contest-rv32i55555/JYD2025_Contest-rv32i/digital_twin.cache/compile_simlib/modelsim} {questa=E:/JYD2025_Contest-rv32i55555/JYD2025_Contest-rv32i/digital_twin.cache/compile_simlib/questa} {riviera=E:/JYD2025_Contest-rv32i55555/JYD2025_Contest-rv32i/digital_twin.cache/compile_simlib/riviera} {activehdl=E:/JYD2025_Contest-rv32i55555/JYD2025_Contest-rv32i/digital_twin.cache/compile_simlib/activehdl}] -use_ip_compiled_libs -force -quiet
WARNING: [IP_Flow 19-4067] Ignoring invalid widget type specified checkbox.Providing a default widget
WARNING: [IP_Flow 19-4067] Ignoring invalid widget type specified checkbox.Providing a default widget
INFO: [IP_Flow 19-3484] Absolute path of file 'e:/coe/src0/dram.coe' provided. It will be converted relative to IP Instance files '../../../../../../coe/src0/dram.coe'
set_property CONFIG.Coe_File {E:/coe/src0/dram.coe} [get_ips DRAM_BRAM]
INFO: [IP_Flow 19-3484] Absolute path of file 'e:/coe/src0/dram.coe' provided. It will be converted relative to IP Instance files '../../../../../../coe/src0/dram.coe'
generate_target all [get_files  E:/JYD2025_Contest-rv32i55555/JYD2025_Contest-rv32i/digital_twin.srcs/sources_1/ip/DRAM_BRAM/DRAM_BRAM.xci]
INFO: [IP_Flow 19-1686] Generating 'Instantiation Template' target for IP 'DRAM_BRAM'...
INFO: [IP_Flow 19-1686] Generating 'Synthesis' target for IP 'DRAM_BRAM'...
INFO: [IP_Flow 19-1686] Generating 'Simulation' target for IP 'DRAM_BRAM'...
INFO: [IP_Flow 19-1686] Generating 'Miscellaneous' target for IP 'DRAM_BRAM'...
INFO: [IP_Flow 19-1686] Generating 'Change Log' target for IP 'DRAM_BRAM'...
catch { config_ip_cache -export [get_ips -all DRAM_BRAM] }
INFO: [IP_Flow 19-6924] IPCACHE: Running cache check for IP inst: DRAM_BRAM
export_ip_user_files -of_objects [get_files E:/JYD2025_Contest-rv32i55555/JYD2025_Contest-rv32i/digital_twin.srcs/sources_1/ip/DRAM_BRAM/DRAM_BRAM.xci] -no_script -sync -force -quiet
reset_run DRAM_BRAM_synth_1
launch_runs DRAM_BRAM_synth_1 -jobs 16
INFO: [IP_Flow 19-6924] IPCACHE: Running cache check for IP inst: DRAM_BRAM
[Sun May  3 17:04:25 2026] Launched DRAM_BRAM_synth_1...
Run output will be captured here: E:/JYD2025_Contest-rv32i55555/JYD2025_Contest-rv32i/digital_twin.runs/DRAM_BRAM_synth_1/runme.log
export_simulation -of_objects [get_files E:/JYD2025_Contest-rv32i55555/JYD2025_Contest-rv32i/digital_twin.srcs/sources_1/ip/DRAM_BRAM/DRAM_BRAM.xci] -directory E:/JYD2025_Contest-rv32i55555/JYD2025_Contest-rv32i/digital_twin.ip_user_files/sim_scripts -ip_user_files_dir E:/JYD2025_Contest-rv32i55555/JYD2025_Contest-rv32i/digital_twin.ip_user_files -ipstatic_source_dir E:/JYD2025_Contest-rv32i55555/JYD2025_Contest-rv32i/digital_twin.ip_user_files/ipstatic -lib_map_path [list {modelsim=E:/JYD2025_Contest-rv32i55555/JYD2025_Contest-rv32i/digital_twin.cache/compile_simlib/modelsim} {questa=E:/JYD2025_Contest-rv32i55555/JYD2025_Contest-rv32i/digital_twin.cache/compile_simlib/questa} {riviera=E:/JYD2025_Contest-rv32i55555/JYD2025_Contest-rv32i/digital_twin.cache/compile_simlib/riviera} {activehdl=E:/JYD2025_Contest-rv32i55555/JYD2025_Contest-rv32i/digital_twin.cache/compile_simlib/activehdl}] -use_ip_compiled_libs -force -quiet
launch_runs impl_1 -to_step write_bitstream -jobs 16
INFO: [Vivado 12-4149] The synthesis checkpoint for IP 'E:/JYD2025_Contest-rv32i55555/JYD2025_Contest-rv32i/digital_twin.srcs/sources_1/ip/pll_1/pll.xci' is already up-to-date
[Sun May  3 17:06:16 2026] Launched synth_1...
Run output will be captured here: E:/JYD2025_Contest-rv32i55555/JYD2025_Contest-rv32i/digital_twin.runs/synth_1/runme.log
[Sun May  3 17:06:16 2026] Launched impl_1...
Run output will be captured here: E:/JYD2025_Contest-rv32i55555/JYD2025_Contest-rv32i/digital_twin.runs/impl_1/runme.log
open_hw_manager
connect_hw_server -allow_non_jtag
INFO: [Labtools 27-2285] Connecting to hw_server url TCP:localhost:3121
INFO: [Labtools 27-2222] Launching hw_server...
INFO: [Labtools 27-2221] Launch Output:
ECHO 处于关闭状态。
ECHO 处于关闭状态。

****** Xilinx hw_server v2023.2
  **** Build date : Oct 13 2023 at 21:31:40
    ** Copyright 1986-2022 Xilinx, Inc. All Rights Reserved.


INFO: [Labtools 27-3415] Connecting to cs_server url TCP:localhost:0
INFO: [Labtools 27-3417] Launching cs_server...
INFO: [Labtools 27-2221] Launch Output:
ECHO 处于关闭状态。
ECHO 处于关闭状态。


******** Xilinx cs_server v2023.2.0
  ****** Build date   : Oct 10 2023-12:01:56
    **** Build number : 2023.2.1696910516
      ** Copyright 2017-2022 Xilinx, Inc. All Rights Reserved.
      ** Copyright 2022-2026 Advanced Micro Devices, Inc. All Rights Reserved.



connect_hw_server: Time (s): cpu = 00:00:00 ; elapsed = 00:00:05 . Memory (MB): peak = 3605.996 ; gain = 0.000
open_hw_target
INFO: [Labtoolstcl 44-466] Opening hw_target localhost:3121/xilinx_tcf/Digilent/250826101141
set_property PROGRAM.FILE {E:/JYD2025_Contest-rv32i55555/JYD2025_Contest-rv32i/digital_twin.runs/impl_1/top.bit} [get_hw_devices xc7k325t_0]
current_hw_device [get_hw_devices xc7k325t_0]
refresh_hw_device -update_hw_probes false [lindex [get_hw_devices xc7k325t_0] 0]
INFO: [Labtools 27-1435] Device xc7k325t (JTAG device index = 0) is not programmed (DONE status = 0).
set_property PROBES.FILE {} [get_hw_devices xc7k325t_0]
set_property FULL_PROBES.FILE {} [get_hw_devices xc7k325t_0]
set_property PROGRAM.FILE {E:/JYD2025_Contest-rv32i55555/JYD2025_Contest-rv32i/digital_twin.runs/impl_1/top.bit} [get_hw_devices xc7k325t_0]
program_hw_devices [get_hw_devices xc7k325t_0]
INFO: [Labtools 27-3164] End of startup status: HIGH
program_hw_devices: Time (s): cpu = 00:00:07 ; elapsed = 00:00:07 . Memory (MB): peak = 3605.996 ; gain = 0.000
refresh_hw_device [lindex [get_hw_devices xc7k325t_0] 0]
INFO: [Labtools 27-1434] Device xc7k325t (JTAG device index = 0) is programmed with a design that has no supported debug core(s) in it.
open_run impl_1
Netlist sorting complete. Time (s): cpu = 00:00:00 ; elapsed = 00:00:00.057 . Memory (MB): peak = 3605.996 ; gain = 0.000
INFO: [Netlist 29-17] Analyzing 1089 Unisim elements for replacement
INFO: [Netlist 29-28] Unisim Transformation completed in 0 CPU seconds
INFO: [Project 1-479] Netlist was created with Vivado 2023.2
INFO: [Project 1-570] Preparing netlist for logic optimization
Read ShapeDB Complete: Time (s): cpu = 00:00:00 ; elapsed = 00:00:00.017 . Memory (MB): peak = 3605.996 ; gain = 0.000
INFO: [Timing 38-478] Restoring timing data from binary archive.
INFO: [Timing 38-479] Binary timing data restore complete.
INFO: [Project 1-856] Restoring constraints from binary archive.
INFO: [Project 1-853] Binary constraint restore complete.
INFO: [Designutils 20-5722] Start Reading Physical Databases.
Reading placement.
Read Netlist Cache: Time (s): cpu = 00:00:00 ; elapsed = 00:00:00.016 . Memory (MB): peak = 3605.996 ; gain = 0.000
Reading placer database...
Read Device Cache: Time (s): cpu = 00:00:00 ; elapsed = 00:00:00.007 . Memory (MB): peak = 3605.996 ; gain = 0.000
Read PlaceDB: Time (s): cpu = 00:00:00 ; elapsed = 00:00:00.255 . Memory (MB): peak = 3605.996 ; gain = 0.000
Read PulsedLatchDB: Time (s): cpu = 00:00:00 ; elapsed = 00:00:00 . Memory (MB): peak = 3605.996 ; gain = 0.000
Reading routing.
Read RouteStorage: Time (s): cpu = 00:00:00 ; elapsed = 00:00:00.309 . Memory (MB): peak = 3605.996 ; gain = 0.000
Read Physdb Files: Time (s): cpu = 00:00:00 ; elapsed = 00:00:00.601 . Memory (MB): peak = 3605.996 ; gain = 0.000
Restored from archive | CPU: 0.000000 secs | Memory: 0.000000 MB |
Finished XDEF File Restore: Time (s): cpu = 00:00:00 ; elapsed = 00:00:00.601 . Memory (MB): peak = 3605.996 ; gain = 0.000
Netlist sorting complete. Time (s): cpu = 00:00:00 ; elapsed = 00:00:00.001 . Memory (MB): peak = 3605.996 ; gain = 0.000
INFO: [Project 1-111] Unisim Transformation Summary:
No Unisim elements were transformed.

CRITICAL WARNING: [Timing 38-282] The design failed to meet the timing requirements. Please see the timing summary report for details on the timing violations.
close_hw_manager
set_property -dict [list \
  CONFIG.CLKOUT1_JITTER {129.198} \
  CONFIG.CLKOUT1_PHASE_ERROR {89.971} \
  CONFIG.CLKOUT2_JITTER {98.146} \
  CONFIG.CLKOUT2_PHASE_ERROR {89.971} \
  CONFIG.CLKOUT2_REQUESTED_OUT_FREQ {200} \
  CONFIG.MMCM_CLKFBOUT_MULT_F {5} \
  CONFIG.MMCM_CLKOUT0_DIVIDE_F {20} \
  CONFIG.MMCM_CLKOUT1_DIVIDE {5} \
  CONFIG.MMCM_DIVCLK_DIVIDE {1} \
] [get_ips pll]
generate_target all [get_files  E:/JYD2025_Contest-rv32i55555/JYD2025_Contest-rv32i/digital_twin.srcs/sources_1/ip/pll_1/pll.xci]
INFO: [IP_Flow 19-1686] Generating 'Instantiation Template' target for IP 'pll'...
INFO: [IP_Flow 19-1686] Generating 'Synthesis' target for IP 'pll'...
INFO: [IP_Flow 19-1686] Generating 'Simulation' target for IP 'pll'...
INFO: [IP_Flow 19-1686] Generating 'Implementation' target for IP 'pll'...
INFO: [IP_Flow 19-1686] Generating 'Change Log' target for IP 'pll'...
catch { config_ip_cache -export [get_ips -all pll] }
INFO: [IP_Flow 19-6924] IPCACHE: Running cache check for IP inst: pll
INFO: [IP_Flow 19-6922] IPCACHE: Exporting cached entry b79e976ee1bd52dd to dir: e:/JYD2025_Contest-rv32i55555/JYD2025_Contest-rv32i/digital_twin.gen/sources_1/ip/pll
INFO: [IP_Flow 19-6928] IPCACHE: copied cached file e:/JYD2025_Contest-rv32i55555/JYD2025_Contest-rv32i/digital_twin.cache/ip/2023.2/b/7/b79e976ee1bd52dd/pll.dcp to e:/JYD2025_Contest-rv32i55555/JYD2025_Contest-rv32i/digital_twin.gen/sources_1/ip/pll/pll.dcp.
INFO: [IP_Flow 19-6926] IPCACHE: added file to list for BOM: e:/JYD2025_Contest-rv32i55555/JYD2025_Contest-rv32i/digital_twin.gen/sources_1/ip/pll/pll.dcp
INFO: [IP_Flow 19-6928] IPCACHE: copied cached file e:/JYD2025_Contest-rv32i55555/JYD2025_Contest-rv32i/digital_twin.cache/ip/2023.2/b/7/b79e976ee1bd52dd/pll_sim_netlist.v to e:/JYD2025_Contest-rv32i55555/JYD2025_Contest-rv32i/digital_twin.gen/sources_1/ip/pll/pll_sim_netlist.v.
INFO: [IP_Flow 19-6926] IPCACHE: added file to list for BOM: e:/JYD2025_Contest-rv32i55555/JYD2025_Contest-rv32i/digital_twin.gen/sources_1/ip/pll/pll_sim_netlist.v
INFO: [IP_Flow 19-6928] IPCACHE: copied cached file e:/JYD2025_Contest-rv32i55555/JYD2025_Contest-rv32i/digital_twin.cache/ip/2023.2/b/7/b79e976ee1bd52dd/pll_sim_netlist.vhdl to e:/JYD2025_Contest-rv32i55555/JYD2025_Contest-rv32i/digital_twin.gen/sources_1/ip/pll/pll_sim_netlist.vhdl.
INFO: [IP_Flow 19-6926] IPCACHE: added file to list for BOM: e:/JYD2025_Contest-rv32i55555/JYD2025_Contest-rv32i/digital_twin.gen/sources_1/ip/pll/pll_sim_netlist.vhdl
INFO: [IP_Flow 19-6928] IPCACHE: copied cached file e:/JYD2025_Contest-rv32i55555/JYD2025_Contest-rv32i/digital_twin.cache/ip/2023.2/b/7/b79e976ee1bd52dd/pll_stub.v to e:/JYD2025_Contest-rv32i55555/JYD2025_Contest-rv32i/digital_twin.gen/sources_1/ip/pll/pll_stub.v.
INFO: [IP_Flow 19-6926] IPCACHE: added file to list for BOM: e:/JYD2025_Contest-rv32i55555/JYD2025_Contest-rv32i/digital_twin.gen/sources_1/ip/pll/pll_stub.v
INFO: [IP_Flow 19-6928] IPCACHE: copied cached file e:/JYD2025_Contest-rv32i55555/JYD2025_Contest-rv32i/digital_twin.cache/ip/2023.2/b/7/b79e976ee1bd52dd/pll_stub.vhdl to e:/JYD2025_Contest-rv32i55555/JYD2025_Contest-rv32i/digital_twin.gen/sources_1/ip/pll/pll_stub.vhdl.
INFO: [IP_Flow 19-6926] IPCACHE: added file to list for BOM: e:/JYD2025_Contest-rv32i55555/JYD2025_Contest-rv32i/digital_twin.gen/sources_1/ip/pll/pll_stub.vhdl
INFO: [IP_Flow 19-4993] Using cached IP synthesis design for IP pll, cache-ID = b79e976ee1bd52dd; cache size = 57.339 MB.
export_ip_user_files -of_objects [get_files E:/JYD2025_Contest-rv32i55555/JYD2025_Contest-rv32i/digital_twin.srcs/sources_1/ip/pll_1/pll.xci] -no_script -sync -force -quiet
create_ip_run [get_files -of_objects [get_fileset sources_1] E:/JYD2025_Contest-rv32i55555/JYD2025_Contest-rv32i/digital_twin.srcs/sources_1/ip/pll_1/pll.xci]
INFO: [Vivado 12-3453] The given sub-design is up-to-date, no action was taken.  If a run is still desired, use the '-force' option for the file:'E:/JYD2025_Contest-rv32i55555/JYD2025_Contest-rv32i/digital_twin.srcs/sources_1/ip/pll_1/pll.xci'
export_simulation -of_objects [get_files E:/JYD2025_Contest-rv32i55555/JYD2025_Contest-rv32i/digital_twin.srcs/sources_1/ip/pll_1/pll.xci] -directory E:/JYD2025_Contest-rv32i55555/JYD2025_Contest-rv32i/digital_twin.ip_user_files/sim_scripts -ip_user_files_dir E:/JYD2025_Contest-rv32i55555/JYD2025_Contest-rv32i/digital_twin.ip_user_files -ipstatic_source_dir E:/JYD2025_Contest-rv32i55555/JYD2025_Contest-rv32i/digital_twin.ip_user_files/ipstatic -lib_map_path [list {modelsim=E:/JYD2025_Contest-rv32i55555/JYD2025_Contest-rv32i/digital_twin.cache/compile_simlib/modelsim} {questa=E:/JYD2025_Contest-rv32i55555/JYD2025_Contest-rv32i/digital_twin.cache/compile_simlib/questa} {riviera=E:/JYD2025_Contest-rv32i55555/JYD2025_Contest-rv32i/digital_twin.cache/compile_simlib/riviera} {activehdl=E:/JYD2025_Contest-rv32i55555/JYD2025_Contest-rv32i/digital_twin.cache/compile_simlib/activehdl}] -use_ip_compiled_libs -force -quiet
reset_run impl_1
launch_runs impl_1 -to_step write_bitstream -jobs 16
INFO: [Vivado 12-4149] The synthesis checkpoint for IP 'E:/JYD2025_Contest-rv32i55555/JYD2025_Contest-rv32i/digital_twin.srcs/sources_1/ip/pll_1/pll.xci' is already up-to-date
[Sun May  3 17:12:42 2026] Launched impl_1...
Run output will be captured here: E:/JYD2025_Contest-rv32i55555/JYD2025_Contest-rv32i/digital_twin.runs/impl_1/runme.log
open_hw_manager
connect_hw_server -allow_non_jtag
INFO: [Labtools 27-2285] Connecting to hw_server url TCP:localhost:3121
INFO: [Labtools 27-2222] Launching hw_server...
INFO: [Labtools 27-2221] Launch Output:
ECHO 处于关闭状态。
ECHO 处于关闭状态。

****** Xilinx hw_server v2023.2
  **** Build date : Oct 13 2023 at 21:31:40
    ** Copyright 1986-2022 Xilinx, Inc. All Rights Reserved.


INFO: [Labtools 27-3415] Connecting to cs_server url TCP:localhost:0
INFO: [Labtools 27-3417] Launching cs_server...
INFO: [Labtools 27-2221] Launch Output:
ECHO 处于关闭状态。
ECHO 处于关闭状态。


******** Xilinx cs_server v2023.2.0
  ****** Build date   : Oct 10 2023-12:01:56
    **** Build number : 2023.2.1696910516
      ** Copyright 2017-2022 Xilinx, Inc. All Rights Reserved.
      ** Copyright 2022-2026 Advanced Micro Devices, Inc. All Rights Reserved.



connect_hw_server: Time (s): cpu = 00:00:01 ; elapsed = 00:00:05 . Memory (MB): peak = 3605.996 ; gain = 0.000
open_hw_target
INFO: [Labtoolstcl 44-466] Opening hw_target localhost:3121/xilinx_tcf/Digilent/250826101141
set_property PROGRAM.FILE {E:/JYD2025_Contest-rv32i55555/JYD2025_Contest-rv32i/digital_twin.runs/impl_1/top.bit} [get_hw_devices xc7k325t_0]
current_hw_device [get_hw_devices xc7k325t_0]
refresh_hw_device -update_hw_probes false [lindex [get_hw_devices xc7k325t_0] 0]
INFO: [Labtools 27-1434] Device xc7k325t (JTAG device index = 0) is programmed with a design that has no supported debug core(s) in it.
set_property PROBES.FILE {} [get_hw_devices xc7k325t_0]
set_property FULL_PROBES.FILE {} [get_hw_devices xc7k325t_0]
set_property PROGRAM.FILE {E:/JYD2025_Contest-rv32i55555/JYD2025_Contest-rv32i/digital_twin.runs/impl_1/top.bit} [get_hw_devices xc7k325t_0]
program_hw_devices [get_hw_devices xc7k325t_0]
INFO: [Labtools 27-3164] End of startup status: HIGH
program_hw_devices: Time (s): cpu = 00:00:06 ; elapsed = 00:00:07 . Memory (MB): peak = 3605.996 ; gain = 0.000
refresh_hw_device [lindex [get_hw_devices xc7k325t_0] 0]
INFO: [Labtools 27-1434] Device xc7k325t (JTAG device index = 0) is programmed with a design that has no supported debug core(s) in it.
report_timing_summary -delay_type min_max -report_unconstrained -check_timing_verbose -max_paths 10 -input_pins -routable_nets -name timing_1
INFO: [Timing 38-91] UpdateTimingParams: Speed grade: -2, Delay Type: min_max.
INFO: [Timing 38-191] Multithreading enabled for timing update using a maximum of 2 CPUs
refresh_design
Netlist sorting complete. Time (s): cpu = 00:00:00 ; elapsed = 00:00:00.050 . Memory (MB): peak = 3605.996 ; gain = 0.000
INFO: [Netlist 29-17] Analyzing 1089 Unisim elements for replacement
INFO: [Netlist 29-28] Unisim Transformation completed in 0 CPU seconds
INFO: [Project 1-479] Netlist was created with Vivado 2023.2
INFO: [Project 1-570] Preparing netlist for logic optimization
Read ShapeDB Complete: Time (s): cpu = 00:00:00 ; elapsed = 00:00:00.014 . Memory (MB): peak = 3605.996 ; gain = 0.000
INFO: [Timing 38-478] Restoring timing data from binary archive.
INFO: [Timing 38-479] Binary timing data restore complete.
INFO: [Project 1-856] Restoring constraints from binary archive.
INFO: [Project 1-853] Binary constraint restore complete.
INFO: [Designutils 20-5722] Start Reading Physical Databases.
Reading placement.
Read Netlist Cache: Time (s): cpu = 00:00:00 ; elapsed = 00:00:00.008 . Memory (MB): peak = 3605.996 ; gain = 0.000
Reading placer database...
Read Device Cache: Time (s): cpu = 00:00:00 ; elapsed = 00:00:00.007 . Memory (MB): peak = 3605.996 ; gain = 0.000
Read PlaceDB: Time (s): cpu = 00:00:00 ; elapsed = 00:00:00.217 . Memory (MB): peak = 3605.996 ; gain = 0.000
Read PulsedLatchDB: Time (s): cpu = 00:00:00 ; elapsed = 00:00:00 . Memory (MB): peak = 3605.996 ; gain = 0.000
Reading routing.
Read RouteStorage: Time (s): cpu = 00:00:00 ; elapsed = 00:00:00.198 . Memory (MB): peak = 3605.996 ; gain = 0.000
Read Physdb Files: Time (s): cpu = 00:00:01 ; elapsed = 00:00:00.445 . Memory (MB): peak = 3605.996 ; gain = 0.000
Restored from archive | CPU: 1.000000 secs | Memory: 0.000000 MB |
Finished XDEF File Restore: Time (s): cpu = 00:00:01 ; elapsed = 00:00:00.446 . Memory (MB): peak = 3605.996 ; gain = 0.000
CRITICAL WARNING: [Timing 38-282] The design failed to meet the timing requirements. Please see the timing summary report for details on the timing violations.
set_property -dict [list \
  CONFIG.CLKOUT1_JITTER {157.199} \
  CONFIG.CLKOUT1_PHASE_ERROR {105.461} \
  CONFIG.CLKOUT2_JITTER {110.944} \
  CONFIG.CLKOUT2_PHASE_ERROR {105.461} \
  CONFIG.CLKOUT2_REQUESTED_OUT_FREQ {300} \
  CONFIG.MMCM_CLKFBOUT_MULT_F {9} \
  CONFIG.MMCM_CLKOUT0_DIVIDE_F {18} \
  CONFIG.MMCM_CLKOUT1_DIVIDE {3} \
  CONFIG.MMCM_DIVCLK_DIVIDE {2} \
] [get_ips pll]
generate_target all [get_files  E:/JYD2025_Contest-rv32i55555/JYD2025_Contest-rv32i/digital_twin.srcs/sources_1/ip/pll_1/pll.xci]
INFO: [IP_Flow 19-1686] Generating 'Instantiation Template' target for IP 'pll'...
INFO: [IP_Flow 19-1686] Generating 'Synthesis' target for IP 'pll'...
INFO: [IP_Flow 19-1686] Generating 'Simulation' target for IP 'pll'...
INFO: [IP_Flow 19-1686] Generating 'Implementation' target for IP 'pll'...
INFO: [IP_Flow 19-1686] Generating 'Change Log' target for IP 'pll'...
catch { config_ip_cache -export [get_ips -all pll] }
INFO: [IP_Flow 19-6924] IPCACHE: Running cache check for IP inst: pll
export_ip_user_files -of_objects [get_files E:/JYD2025_Contest-rv32i55555/JYD2025_Contest-rv32i/digital_twin.srcs/sources_1/ip/pll_1/pll.xci] -no_script -sync -force -quiet
create_ip_run [get_files -of_objects [get_fileset sources_1] E:/JYD2025_Contest-rv32i55555/JYD2025_Contest-rv32i/digital_twin.srcs/sources_1/ip/pll_1/pll.xci]
launch_runs pll_synth_1 -jobs 16
INFO: [IP_Flow 19-6924] IPCACHE: Running cache check for IP inst: pll
[Sun May  3 17:26:13 2026] Launched pll_synth_1...
Run output will be captured here: E:/JYD2025_Contest-rv32i55555/JYD2025_Contest-rv32i/digital_twin.runs/pll_synth_1/runme.log
export_simulation -of_objects [get_files E:/JYD2025_Contest-rv32i55555/JYD2025_Contest-rv32i/digital_twin.srcs/sources_1/ip/pll_1/pll.xci] -directory E:/JYD2025_Contest-rv32i55555/JYD2025_Contest-rv32i/digital_twin.ip_user_files/sim_scripts -ip_user_files_dir E:/JYD2025_Contest-rv32i55555/JYD2025_Contest-rv32i/digital_twin.ip_user_files -ipstatic_source_dir E:/JYD2025_Contest-rv32i55555/JYD2025_Contest-rv32i/digital_twin.ip_user_files/ipstatic -lib_map_path [list {modelsim=E:/JYD2025_Contest-rv32i55555/JYD2025_Contest-rv32i/digital_twin.cache/compile_simlib/modelsim} {questa=E:/JYD2025_Contest-rv32i55555/JYD2025_Contest-rv32i/digital_twin.cache/compile_simlib/questa} {riviera=E:/JYD2025_Contest-rv32i55555/JYD2025_Contest-rv32i/digital_twin.cache/compile_simlib/riviera} {activehdl=E:/JYD2025_Contest-rv32i55555/JYD2025_Contest-rv32i/digital_twin.cache/compile_simlib/activehdl}] -use_ip_compiled_libs -force -quiet
reset_run synth_1
INFO: [Project 1-1161] Replacing file E:/JYD2025_Contest-rv32i55555/JYD2025_Contest-rv32i/digital_twin.srcs/utils_1/imports/synth_1/top.dcp with file E:/JYD2025_Contest-rv32i55555/JYD2025_Contest-rv32i/digital_twin.runs/synth_1/top.dcp
WARNING: [Vivado 12-1017] Problems encountered:
1. Failed to delete one or more files in run directory E:/JYD2025_Contest-rv32i55555/JYD2025_Contest-rv32i/digital_twin.runs/synth_1

launch_runs impl_1 -to_step write_bitstream -jobs 16
[Sun May  3 17:27:06 2026] Launched synth_1...
Run output will be captured here: E:/JYD2025_Contest-rv32i55555/JYD2025_Contest-rv32i/digital_twin.runs/synth_1/runme.log
[Sun May  3 17:27:06 2026] Launched impl_1...
Run output will be captured here: E:/JYD2025_Contest-rv32i55555/JYD2025_Contest-rv32i/digital_twin.runs/impl_1/runme.log
close_hw_manager
open_hw_manager
connect_hw_server -allow_non_jtag
INFO: [Labtools 27-2285] Connecting to hw_server url TCP:localhost:3121
INFO: [Labtools 27-2222] Launching hw_server...
INFO: [Labtools 27-2221] Launch Output:
ECHO 处于关闭状态。
ECHO 处于关闭状态。

****** Xilinx hw_server v2023.2
  **** Build date : Oct 13 2023 at 21:31:40
    ** Copyright 1986-2022 Xilinx, Inc. All Rights Reserved.


INFO: [Labtools 27-3415] Connecting to cs_server url TCP:localhost:0
INFO: [Labtools 27-3417] Launching cs_server...
INFO: [Labtools 27-2221] Launch Output:
ECHO 处于关闭状态。
ECHO 处于关闭状态。


******** Xilinx cs_server v2023.2.0
  ****** Build date   : Oct 10 2023-12:01:56
    **** Build number : 2023.2.1696910516
      ** Copyright 2017-2022 Xilinx, Inc. All Rights Reserved.
      ** Copyright 2022-2026 Advanced Micro Devices, Inc. All Rights Reserved.



connect_hw_server: Time (s): cpu = 00:00:00 ; elapsed = 00:00:05 . Memory (MB): peak = 3605.996 ; gain = 0.000
open_hw_target
INFO: [Labtoolstcl 44-466] Opening hw_target localhost:3121/xilinx_tcf/Digilent/250826101141
set_property PROGRAM.FILE {E:/JYD2025_Contest-rv32i55555/JYD2025_Contest-rv32i/digital_twin.runs/impl_1/top.bit} [get_hw_devices xc7k325t_0]
current_hw_device [get_hw_devices xc7k325t_0]
refresh_hw_device -update_hw_probes false [lindex [get_hw_devices xc7k325t_0] 0]
INFO: [Labtools 27-1434] Device xc7k325t (JTAG device index = 0) is programmed with a design that has no supported debug core(s) in it.
set_property PROBES.FILE {} [get_hw_devices xc7k325t_0]
set_property FULL_PROBES.FILE {} [get_hw_devices xc7k325t_0]
set_property PROGRAM.FILE {E:/JYD2025_Contest-rv32i55555/JYD2025_Contest-rv32i/digital_twin.runs/impl_1/top.bit} [get_hw_devices xc7k325t_0]
program_hw_devices [get_hw_devices xc7k325t_0]
INFO: [Labtools 27-3164] End of startup status: HIGH
program_hw_devices: Time (s): cpu = 00:00:07 ; elapsed = 00:00:07 . Memory (MB): peak = 3605.996 ; gain = 0.000
refresh_hw_device [lindex [get_hw_devices xc7k325t_0] 0]
INFO: [Labtools 27-1434] Device xc7k325t (JTAG device index = 0) is programmed with a design that has no supported debug core(s) in it.
report_timing_summary -delay_type min_max -report_unconstrained -check_timing_verbose -max_paths 10 -input_pins -routable_nets -name timing_1
INFO: [Timing 38-91] UpdateTimingParams: Speed grade: -2, Delay Type: min_max.
INFO: [Timing 38-191] Multithreading enabled for timing update using a maximum of 2 CPUs
refresh_design
Netlist sorting complete. Time (s): cpu = 00:00:00 ; elapsed = 00:00:00.064 . Memory (MB): peak = 3605.996 ; gain = 0.000
INFO: [Netlist 29-17] Analyzing 1089 Unisim elements for replacement
INFO: [Netlist 29-28] Unisim Transformation completed in 0 CPU seconds
INFO: [Project 1-479] Netlist was created with Vivado 2023.2
INFO: [Project 1-570] Preparing netlist for logic optimization
Read ShapeDB Complete: Time (s): cpu = 00:00:00 ; elapsed = 00:00:00.013 . Memory (MB): peak = 3605.996 ; gain = 0.000
INFO: [Timing 38-478] Restoring timing data from binary archive.
INFO: [Timing 38-479] Binary timing data restore complete.
INFO: [Project 1-856] Restoring constraints from binary archive.
INFO: [Project 1-853] Binary constraint restore complete.
INFO: [Designutils 20-5722] Start Reading Physical Databases.
Reading placement.
Read Netlist Cache: Time (s): cpu = 00:00:00 ; elapsed = 00:00:00.009 . Memory (MB): peak = 3605.996 ; gain = 0.000
Reading placer database...
Read Device Cache: Time (s): cpu = 00:00:00 ; elapsed = 00:00:00.008 . Memory (MB): peak = 3605.996 ; gain = 0.000
Read PlaceDB: Time (s): cpu = 00:00:01 ; elapsed = 00:00:00.229 . Memory (MB): peak = 3605.996 ; gain = 0.000
Read PulsedLatchDB: Time (s): cpu = 00:00:00 ; elapsed = 00:00:00 . Memory (MB): peak = 3605.996 ; gain = 0.000
Reading routing.
Read RouteStorage: Time (s): cpu = 00:00:00 ; elapsed = 00:00:00.187 . Memory (MB): peak = 3605.996 ; gain = 0.000
Read Physdb Files: Time (s): cpu = 00:00:01 ; elapsed = 00:00:00.446 . Memory (MB): peak = 3605.996 ; gain = 0.000
Restored from archive | CPU: 1.000000 secs | Memory: 0.000000 MB |
Finished XDEF File Restore: Time (s): cpu = 00:00:01 ; elapsed = 00:00:00.447 . Memory (MB): peak = 3605.996 ; gain = 0.000
CRITICAL WARNING: [Timing 38-282] The design failed to meet the timing requirements. Please see the timing summary report for details on the timing violations.
close_hw_manager
set_property -dict [list \
  CONFIG.CLKOUT1_JITTER {129.198} \
  CONFIG.CLKOUT1_PHASE_ERROR {89.971} \
  CONFIG.CLKOUT2_JITTER {93.990} \
  CONFIG.CLKOUT2_PHASE_ERROR {89.971} \
  CONFIG.CLKOUT2_REQUESTED_OUT_FREQ {250} \
  CONFIG.MMCM_CLKFBOUT_MULT_F {5} \
  CONFIG.MMCM_CLKOUT0_DIVIDE_F {20} \
  CONFIG.MMCM_CLKOUT1_DIVIDE {4} \
  CONFIG.MMCM_DIVCLK_DIVIDE {1} \
] [get_ips pll]
generate_target all [get_files  E:/JYD2025_Contest-rv32i55555/JYD2025_Contest-rv32i/digital_twin.srcs/sources_1/ip/pll_1/pll.xci]
INFO: [IP_Flow 19-1686] Generating 'Instantiation Template' target for IP 'pll'...
INFO: [IP_Flow 19-1686] Generating 'Synthesis' target for IP 'pll'...
INFO: [IP_Flow 19-1686] Generating 'Simulation' target for IP 'pll'...
INFO: [IP_Flow 19-1686] Generating 'Implementation' target for IP 'pll'...
INFO: [IP_Flow 19-1686] Generating 'Change Log' target for IP 'pll'...
catch { config_ip_cache -export [get_ips -all pll] }
INFO: [IP_Flow 19-6924] IPCACHE: Running cache check for IP inst: pll
export_ip_user_files -of_objects [get_files E:/JYD2025_Contest-rv32i55555/JYD2025_Contest-rv32i/digital_twin.srcs/sources_1/ip/pll_1/pll.xci] -no_script -sync -force -quiet
reset_run pll_synth_1
launch_runs pll_synth_1 -jobs 16
INFO: [IP_Flow 19-6924] IPCACHE: Running cache check for IP inst: pll
[Sun May  3 17:35:25 2026] Launched pll_synth_1...
Run output will be captured here: E:/JYD2025_Contest-rv32i55555/JYD2025_Contest-rv32i/digital_twin.runs/pll_synth_1/runme.log
export_simulation -of_objects [get_files E:/JYD2025_Contest-rv32i55555/JYD2025_Contest-rv32i/digital_twin.srcs/sources_1/ip/pll_1/pll.xci] -directory E:/JYD2025_Contest-rv32i55555/JYD2025_Contest-rv32i/digital_twin.ip_user_files/sim_scripts -ip_user_files_dir E:/JYD2025_Contest-rv32i55555/JYD2025_Contest-rv32i/digital_twin.ip_user_files -ipstatic_source_dir E:/JYD2025_Contest-rv32i55555/JYD2025_Contest-rv32i/digital_twin.ip_user_files/ipstatic -lib_map_path [list {modelsim=E:/JYD2025_Contest-rv32i55555/JYD2025_Contest-rv32i/digital_twin.cache/compile_simlib/modelsim} {questa=E:/JYD2025_Contest-rv32i55555/JYD2025_Contest-rv32i/digital_twin.cache/compile_simlib/questa} {riviera=E:/JYD2025_Contest-rv32i55555/JYD2025_Contest-rv32i/digital_twin.cache/compile_simlib/riviera} {activehdl=E:/JYD2025_Contest-rv32i55555/JYD2025_Contest-rv32i/digital_twin.cache/compile_simlib/activehdl}] -use_ip_compiled_libs -force -quiet
reset_run synth_1
INFO: [Project 1-1161] Replacing file E:/JYD2025_Contest-rv32i55555/JYD2025_Contest-rv32i/digital_twin.srcs/utils_1/imports/synth_1/top.dcp with file E:/JYD2025_Contest-rv32i55555/JYD2025_Contest-rv32i/digital_twin.runs/synth_1/top.dcp
WARNING: [Vivado 12-1017] Problems encountered:
1. Failed to delete one or more files in run directory E:/JYD2025_Contest-rv32i55555/JYD2025_Contest-rv32i/digital_twin.runs/synth_1

launch_runs impl_1 -to_step write_bitstream -jobs 16
[Sun May  3 17:35:33 2026] Launched pll_synth_1, synth_1...
Run output will be captured here:
pll_synth_1: E:/JYD2025_Contest-rv32i55555/JYD2025_Contest-rv32i/digital_twin.runs/pll_synth_1/runme.log
synth_1: E:/JYD2025_Contest-rv32i55555/JYD2025_Contest-rv32i/digital_twin.runs/synth_1/runme.log
[Sun May  3 17:35:33 2026] Launched impl_1...
Run output will be captured here: E:/JYD2025_Contest-rv32i55555/JYD2025_Contest-rv32i/digital_twin.runs/impl_1/runme.log
open_hw_manager
connect_hw_server -allow_non_jtag
INFO: [Labtools 27-2285] Connecting to hw_server url TCP:localhost:3121
INFO: [Labtools 27-2222] Launching hw_server...
INFO: [Labtools 27-2221] Launch Output:
ECHO 处于关闭状态。
ECHO 处于关闭状态。

****** Xilinx hw_server v2023.2
  **** Build date : Oct 13 2023 at 21:31:40
    ** Copyright 1986-2022 Xilinx, Inc. All Rights Reserved.


INFO: [Labtools 27-3415] Connecting to cs_server url TCP:localhost:0
INFO: [Labtools 27-3417] Launching cs_server...
INFO: [Labtools 27-2221] Launch Output:
ECHO 处于关闭状态。
ECHO 处于关闭状态。


******** Xilinx cs_server v2023.2.0
  ****** Build date   : Oct 10 2023-12:01:56
    **** Build number : 2023.2.1696910516
      ** Copyright 2017-2022 Xilinx, Inc. All Rights Reserved.
      ** Copyright 2022-2026 Advanced Micro Devices, Inc. All Rights Reserved.



connect_hw_server: Time (s): cpu = 00:00:01 ; elapsed = 00:00:05 . Memory (MB): peak = 3663.477 ; gain = 0.000
open_hw_target
INFO: [Labtoolstcl 44-466] Opening hw_target localhost:3121/xilinx_tcf/Digilent/250826101141
set_property PROGRAM.FILE {E:/JYD2025_Contest-rv32i55555/JYD2025_Contest-rv32i/digital_twin.runs/impl_1/top.bit} [get_hw_devices xc7k325t_0]
current_hw_device [get_hw_devices xc7k325t_0]
refresh_hw_device -update_hw_probes false [lindex [get_hw_devices xc7k325t_0] 0]
INFO: [Labtools 27-1434] Device xc7k325t (JTAG device index = 0) is programmed with a design that has no supported debug core(s) in it.
set_property PROBES.FILE {} [get_hw_devices xc7k325t_0]
set_property FULL_PROBES.FILE {} [get_hw_devices xc7k325t_0]
set_property PROGRAM.FILE {E:/JYD2025_Contest-rv32i55555/JYD2025_Contest-rv32i/digital_twin.runs/impl_1/top.bit} [get_hw_devices xc7k325t_0]
program_hw_devices [get_hw_devices xc7k325t_0]
INFO: [Labtools 27-3164] End of startup status: HIGH
program_hw_devices: Time (s): cpu = 00:00:07 ; elapsed = 00:00:07 . Memory (MB): peak = 3663.477 ; gain = 0.000
refresh_hw_device [lindex [get_hw_devices xc7k325t_0] 0]
INFO: [Labtools 27-1434] Device xc7k325t (JTAG device index = 0) is programmed with a design that has no supported debug core(s) in it.
report_timing_summary -delay_type min_max -report_unconstrained -check_timing_verbose -max_paths 10 -input_pins -routable_nets -name timing_1
INFO: [Timing 38-91] UpdateTimingParams: Speed grade: -2, Delay Type: min_max.
INFO: [Timing 38-191] Multithreading enabled for timing update using a maximum of 2 CPUs
refresh_design
Netlist sorting complete. Time (s): cpu = 00:00:00 ; elapsed = 00:00:00.060 . Memory (MB): peak = 3698.445 ; gain = 0.000
INFO: [Netlist 29-17] Analyzing 1089 Unisim elements for replacement
INFO: [Netlist 29-28] Unisim Transformation completed in 0 CPU seconds
INFO: [Project 1-479] Netlist was created with Vivado 2023.2
INFO: [Project 1-570] Preparing netlist for logic optimization
Read ShapeDB Complete: Time (s): cpu = 00:00:00 ; elapsed = 00:00:00.013 . Memory (MB): peak = 3698.445 ; gain = 0.000
INFO: [Timing 38-478] Restoring timing data from binary archive.
INFO: [Timing 38-479] Binary timing data restore complete.
INFO: [Project 1-856] Restoring constraints from binary archive.
INFO: [Project 1-853] Binary constraint restore complete.
INFO: [Designutils 20-5722] Start Reading Physical Databases.
Reading placement.
Read Netlist Cache: Time (s): cpu = 00:00:00 ; elapsed = 00:00:00.008 . Memory (MB): peak = 3698.445 ; gain = 0.000
Reading placer database...
Read Device Cache: Time (s): cpu = 00:00:00 ; elapsed = 00:00:00.007 . Memory (MB): peak = 3698.445 ; gain = 0.000
Read PlaceDB: Time (s): cpu = 00:00:00 ; elapsed = 00:00:00.211 . Memory (MB): peak = 3698.445 ; gain = 0.000
Read PulsedLatchDB: Time (s): cpu = 00:00:00 ; elapsed = 00:00:00 . Memory (MB): peak = 3698.445 ; gain = 0.000
Reading routing.
Read RouteStorage: Time (s): cpu = 00:00:00 ; elapsed = 00:00:00.160 . Memory (MB): peak = 3698.445 ; gain = 0.000
Read Physdb Files: Time (s): cpu = 00:00:00 ; elapsed = 00:00:00.399 . Memory (MB): peak = 3698.445 ; gain = 0.000
Restored from archive | CPU: 0.000000 secs | Memory: 0.000000 MB |
Finished XDEF File Restore: Time (s): cpu = 00:00:00 ; elapsed = 00:00:00.399 . Memory (MB): peak = 3698.445 ; gain = 0.000
CRITICAL WARNING: [Timing 38-282] The design failed to meet the timing requirements. Please see the timing summary report for details on the timing violations.
close_hw_manager
