Copyright 1986-2022 Xilinx, Inc. All Rights Reserved. Copyright 2022-2023 Advanced Micro Devices, Inc. All Rights Reserved.
------------------------------------------------------------------------------------------------------------------------------------------------------------------------------------------------------
| Tool Version : Vivado v.2023.2 (win64) Build 4029153 Fri Oct 13 20:14:34 MDT 2023
| Date         : Mon May  4 18:28:22 2026
| Host         : o running 64-bit major release  (build 9200)
| Command      : report_timing_summary -max_paths 10 -report_unconstrained -file top_timing_summary_routed.rpt -pb top_timing_summary_routed.pb -rpx top_timing_summary_routed.rpx -warn_on_violation
| Design       : top
| Device       : 7k325t-ffg900
| Speed File   : -2  PRODUCTION 1.12 2017-02-17
| Design State : Routed
------------------------------------------------------------------------------------------------------------------------------------------------------------------------------------------------------

Timing Summary Report

------------------------------------------------------------------------------------------------
| Timer Settings
| --------------
------------------------------------------------------------------------------------------------

  Enable Multi Corner Analysis               :  Yes
  Enable Pessimism Removal                   :  Yes
  Pessimism Removal Resolution               :  Nearest Common Node
  Enable Input Delay Default Clock           :  No
  Enable Preset / Clear Arcs                 :  No
  Disable Flight Delays                      :  No
  Ignore I/O Paths                           :  No
  Timing Early Launch at Borrowing Latches   :  No
  Borrow Time for Max Delay Exceptions       :  Yes
  Merge Timing Exceptions                    :  Yes
  Inter-SLR Compensation                     :  Conservative

  Corner  Analyze    Analyze    
  Name    Max Paths  Min Paths  
  ------  ---------  ---------  
  Slow    Yes        Yes        
  Fast    Yes        Yes        


------------------------------------------------------------------------------------------------
| Report Methodology
| ------------------
------------------------------------------------------------------------------------------------

No report available as report_methodology has not been run prior. Run report_methodology on the current design for the summary of methodology violations.



check_timing report

Table of Contents
-----------------
1. checking no_clock (0)
2. checking constant_clock (0)
3. checking pulse_width_clock (0)
4. checking unconstrained_internal_endpoints (0)
5. checking no_input_delay (1)
6. checking no_output_delay (69)
7. checking multiple_clock (0)
8. checking generated_clocks (0)
9. checking loops (0)
10. checking partial_input_delay (0)
11. checking partial_output_delay (0)
12. checking latch_loops (0)

1. checking no_clock (0)
------------------------
 There are 0 register/latch pins with no clock.


2. checking constant_clock (0)
------------------------------
 There are 0 register/latch pins with constant_clock.


3. checking pulse_width_clock (0)
---------------------------------
 There are 0 register/latch pins which need pulse_width check


4. checking unconstrained_internal_endpoints (0)
------------------------------------------------
 There are 0 pins that are not constrained for maximum delay.

 There are 0 pins that are not constrained for maximum delay due to constant clock.


5. checking no_input_delay (1)
------------------------------
 There is 1 input port with no input delay specified. (HIGH)

 There are 0 input ports with no input delay but user has a false path constraint.


6. checking no_output_delay (69)
--------------------------------
 There are 69 ports with no output delay specified. (HIGH)

 There are 0 ports with no output delay but user has a false path constraint

 There are 0 ports with no output delay but with a timing clock defined on it or propagating through it


7. checking multiple_clock (0)
------------------------------
 There are 0 register/latch pins with multiple clocks.


8. checking generated_clocks (0)
--------------------------------
 There are 0 generated clocks that are not connected to a clock source.


9. checking loops (0)
---------------------
 There are 0 combinational loops in the design.


10. checking partial_input_delay (0)
------------------------------------
 There are 0 input ports with partial input delay specified.


11. checking partial_output_delay (0)
-------------------------------------
 There are 0 ports with partial output delay specified.


12. checking latch_loops (0)
----------------------------
 There are 0 combinational latch loops in the design through latch input



------------------------------------------------------------------------------------------------
| Design Timing Summary
| ---------------------
------------------------------------------------------------------------------------------------

    WNS(ns)      TNS(ns)  TNS Failing Endpoints  TNS Total Endpoints      WHS(ns)      THS(ns)  THS Failing Endpoints  THS Total Endpoints     WPWS(ns)     TPWS(ns)  TPWS Failing Endpoints  TPWS Total Endpoints  
    -------      -------  ---------------------  -------------------      -------      -------  ---------------------  -------------------     --------     --------  ----------------------  --------------------  
      0.513        0.000                      0                 7341        0.102        0.000                      0                 7341        1.100        0.000                       0                  2400  


All user specified timing constraints are met.


------------------------------------------------------------------------------------------------
| Clock Summary
| -------------
------------------------------------------------------------------------------------------------

Clock           Waveform(ns)         Period(ns)      Frequency(MHz)
-----           ------------         ----------      --------------
i_sys_clk_p     {0.000 2.500}        5.000           200.000         
  clk_out1_pll  {0.000 10.000}       20.000          50.000          
  clk_out2_pll  {0.000 3.333}        6.667           150.000         
  clkfbout_pll  {0.000 5.000}        10.000          100.000         


------------------------------------------------------------------------------------------------
| Intra Clock Table
| -----------------
------------------------------------------------------------------------------------------------

Clock               WNS(ns)      TNS(ns)  TNS Failing Endpoints  TNS Total Endpoints      WHS(ns)      THS(ns)  THS Failing Endpoints  THS Total Endpoints     WPWS(ns)     TPWS(ns)  TPWS Failing Endpoints  TPWS Total Endpoints  
-----               -------      -------  ---------------------  -------------------      -------      -------  ---------------------  -------------------     --------     --------  ----------------------  --------------------  
i_sys_clk_p                                                                                                                                                       1.100        0.000                       0                     1  
  clk_out1_pll       16.743        0.000                      0                  558        0.102        0.000                      0                  558        9.600        0.000                       0                   356  
  clk_out2_pll        0.513        0.000                      0                 4897        0.106        0.000                      0                 4897        2.933        0.000                       0                  2040  
  clkfbout_pll                                                                                                                                                    8.592        0.000                       0                     3  


------------------------------------------------------------------------------------------------
| Inter Clock Table
| -----------------
------------------------------------------------------------------------------------------------

From Clock    To Clock          WNS(ns)      TNS(ns)  TNS Failing Endpoints  TNS Total Endpoints      WHS(ns)      THS(ns)  THS Failing Endpoints  THS Total Endpoints  
----------    --------          -------      -------  ---------------------  -------------------      -------      -------  ---------------------  -------------------  
clk_out2_pll  clk_out1_pll        4.060        0.000                      0                  112        0.138        0.000                      0                  112  
clk_out1_pll  clk_out2_pll        4.392        0.000                      0                  104        0.119        0.000                      0                  104  


------------------------------------------------------------------------------------------------
| Other Path Groups Table
| -----------------------
------------------------------------------------------------------------------------------------

Path Group         From Clock         To Clock               WNS(ns)      TNS(ns)  TNS Failing Endpoints  TNS Total Endpoints      WHS(ns)      THS(ns)  THS Failing Endpoints  THS Total Endpoints  
----------         ----------         --------               -------      -------  ---------------------  -------------------      -------      -------  ---------------------  -------------------  
**async_default**  clk_out2_pll       clk_out2_pll             1.015        0.000                      0                 1687        0.369        0.000                      0                 1687  


------------------------------------------------------------------------------------------------
| User Ignored Path Table
| -----------------------
------------------------------------------------------------------------------------------------

Path Group    From Clock    To Clock    
----------    ----------    --------    


------------------------------------------------------------------------------------------------
| Unconstrained Path Table
| ------------------------
------------------------------------------------------------------------------------------------

Path Group    From Clock    To Clock    
----------    ----------    --------    
(none)        clk_out1_pll                
(none)        clk_out2_pll                
(none)        clkfbout_pll                
(none)                      clk_out1_pll  


------------------------------------------------------------------------------------------------
| Timing Details
| --------------
------------------------------------------------------------------------------------------------


---------------------------------------------------------------------------------------------------
From Clock:  i_sys_clk_p
  To Clock:  i_sys_clk_p

Setup :           NA  Failing Endpoints,  Worst Slack           NA  ,  Total Violation           NA
Hold  :           NA  Failing Endpoints,  Worst Slack           NA  ,  Total Violation           NA
PW    :            0  Failing Endpoints,  Worst Slack        1.100ns,  Total Violation        0.000ns
---------------------------------------------------------------------------------------------------


Pulse Width Checks
--------------------------------------------------------------------------------------
Clock Name:         i_sys_clk_p
Waveform(ns):       { 0.000 2.500 }
Period(ns):         5.000
Sources:            { i_sys_clk_p }

Check Type        Corner  Lib Pin           Reference Pin  Required(ns)  Actual(ns)  Slack(ns)  Location        Pin
Min Period        n/a     PLLE2_ADV/CLKIN1  n/a            1.071         5.000       3.929      PLLE2_ADV_X1Y1  pll_inst/inst/plle2_adv_inst/CLKIN1
Max Period        n/a     PLLE2_ADV/CLKIN1  n/a            52.633        5.000       47.633     PLLE2_ADV_X1Y1  pll_inst/inst/plle2_adv_inst/CLKIN1
Low Pulse Width   Slow    PLLE2_ADV/CLKIN1  n/a            1.400         2.500       1.100      PLLE2_ADV_X1Y1  pll_inst/inst/plle2_adv_inst/CLKIN1
Low Pulse Width   Fast    PLLE2_ADV/CLKIN1  n/a            1.400         2.500       1.100      PLLE2_ADV_X1Y1  pll_inst/inst/plle2_adv_inst/CLKIN1
High Pulse Width  Slow    PLLE2_ADV/CLKIN1  n/a            1.400         2.500       1.100      PLLE2_ADV_X1Y1  pll_inst/inst/plle2_adv_inst/CLKIN1
High Pulse Width  Fast    PLLE2_ADV/CLKIN1  n/a            1.400         2.500       1.100      PLLE2_ADV_X1Y1  pll_inst/inst/plle2_adv_inst/CLKIN1



---------------------------------------------------------------------------------------------------
From Clock:  clk_out1_pll
  To Clock:  clk_out1_pll

Setup :            0  Failing Endpoints,  Worst Slack       16.743ns,  Total Violation        0.000ns
Hold  :            0  Failing Endpoints,  Worst Slack        0.102ns,  Total Violation        0.000ns
PW    :            0  Failing Endpoints,  Worst Slack        9.600ns,  Total Violation        0.000ns
---------------------------------------------------------------------------------------------------


Max Delay Paths
--------------------------------------------------------------------------------------
Slack (MET) :             16.743ns  (required time - arrival time)
  Source:                 uart_inst/rx_data_reg[0]/C
                            (rising edge-triggered cell FDCE clocked by clk_out1_pll  {rise@0.000ns fall@10.000ns period=20.000ns})
  Destination:            twin_controller_inst/status_buffer_reg[0][3]/CE
                            (rising edge-triggered cell FDCE clocked by clk_out1_pll  {rise@0.000ns fall@10.000ns period=20.000ns})
  Path Group:             clk_out1_pll
  Path Type:              Setup (Max at Slow Process Corner)
  Requirement:            20.000ns  (clk_out1_pll rise@20.000ns - clk_out1_pll rise@0.000ns)
  Data Path Delay:        2.934ns  (logic 0.309ns (10.530%)  route 2.625ns (89.470%))
  Logic Levels:           2  (LUT5=1 LUT6=1)
  Clock Path Skew:        -0.035ns (DCD - SCD + CPR)
    Destination Clock Delay (DCD):    -2.227ns = ( 17.773 - 20.000 ) 
    Source Clock Delay      (SCD):    -2.568ns
    Clock Pessimism Removal (CPR):    -0.377ns
  Clock Uncertainty:      0.086ns  ((TSJ^2 + DJ^2)^1/2) / 2 + PE
    Total System Jitter     (TSJ):    0.071ns
    Discrete Jitter          (DJ):    0.157ns
    Phase Error              (PE):    0.000ns

    Location             Delay type                Incr(ns)  Path(ns)    Netlist Resource(s)
  -------------------------------------------------------------------    -------------------
                         (clock clk_out1_pll rise edge)
                                                      0.000     0.000 r  
    AD12                                              0.000     0.000 r  i_sys_clk_p (IN)
                         net (fo=0)                   0.000     0.000    pll_inst/inst/clk_in1_p
    AD12                 IBUFDS (Prop_ibufds_I_O)     0.906     0.906 r  pll_inst/inst/clkin1_ibufgds/O
                         net (fo=1, routed)           1.098     2.004    pll_inst/inst/clk_in1_pll
    PLLE2_ADV_X1Y1       PLLE2_ADV (Prop_plle2_adv_CLKIN1_CLKOUT0)
                                                     -8.058    -6.054 r  pll_inst/inst/plle2_adv_inst/CLKOUT0
                         net (fo=1, routed)           2.128    -3.926    pll_inst/inst/clk_out1_pll
    BUFGCTRL_X0Y1        BUFG (Prop_bufg_I_O)         0.093    -3.833 r  pll_inst/inst/clkout1_buf/O
                         net (fo=354, routed)         1.265    -2.568    uart_inst/clk_out1
    SLICE_X44Y174        FDCE                                         r  uart_inst/rx_data_reg[0]/C
  -------------------------------------------------------------------    -------------------
    SLICE_X44Y174        FDCE (Prop_fdce_C_Q)         0.223    -2.345 f  uart_inst/rx_data_reg[0]/Q
                         net (fo=47, routed)          0.840    -1.506    uart_inst/rx_data[0]
    SLICE_X42Y177        LUT6 (Prop_lut6_I1_O)        0.043    -1.463 r  uart_inst/status_buffer[0][6]_i_2/O
                         net (fo=1, routed)           0.336    -1.127    uart_inst/status_buffer[0][6]_i_2_n_0
    SLICE_X42Y177        LUT5 (Prop_lut5_I2_O)        0.043    -1.084 r  uart_inst/status_buffer[0][6]_i_1/O
                         net (fo=134, routed)         1.450     0.366    twin_controller_inst/E[0]
    SLICE_X36Y178        FDCE                                         r  twin_controller_inst/status_buffer_reg[0][3]/CE
  -------------------------------------------------------------------    -------------------

                         (clock clk_out1_pll rise edge)
                                                     20.000    20.000 r  
    AD12                                              0.000    20.000 r  i_sys_clk_p (IN)
                         net (fo=0)                   0.000    20.000    pll_inst/inst/clk_in1_p
    AD12                 IBUFDS (Prop_ibufds_I_O)     0.803    20.803 r  pll_inst/inst/clkin1_ibufgds/O
                         net (fo=1, routed)           1.001    21.804    pll_inst/inst/clk_in1_pll
    PLLE2_ADV_X1Y1       PLLE2_ADV (Prop_plle2_adv_CLKIN1_CLKOUT0)
                                                     -7.261    14.543 r  pll_inst/inst/plle2_adv_inst/CLKOUT0
                         net (fo=1, routed)           2.003    16.546    pll_inst/inst/clk_out1_pll
    BUFGCTRL_X0Y1        BUFG (Prop_bufg_I_O)         0.083    16.629 r  pll_inst/inst/clkout1_buf/O
                         net (fo=354, routed)         1.144    17.773    twin_controller_inst/clk_out1
    SLICE_X36Y178        FDCE                                         r  twin_controller_inst/status_buffer_reg[0][3]/C
                         clock pessimism             -0.377    17.397    
                         clock uncertainty           -0.086    17.310    
    SLICE_X36Y178        FDCE (Setup_fdce_C_CE)      -0.201    17.109    twin_controller_inst/status_buffer_reg[0][3]
  -------------------------------------------------------------------
                         required time                         17.109    
                         arrival time                          -0.366    
  -------------------------------------------------------------------
                         slack                                 16.743    

Slack (MET) :             16.743ns  (required time - arrival time)
  Source:                 uart_inst/rx_data_reg[0]/C
                            (rising edge-triggered cell FDCE clocked by clk_out1_pll  {rise@0.000ns fall@10.000ns period=20.000ns})
  Destination:            twin_controller_inst/status_buffer_reg[0][4]/CE
                            (rising edge-triggered cell FDCE clocked by clk_out1_pll  {rise@0.000ns fall@10.000ns period=20.000ns})
  Path Group:             clk_out1_pll
  Path Type:              Setup (Max at Slow Process Corner)
  Requirement:            20.000ns  (clk_out1_pll rise@20.000ns - clk_out1_pll rise@0.000ns)
  Data Path Delay:        2.934ns  (logic 0.309ns (10.530%)  route 2.625ns (89.470%))
  Logic Levels:           2  (LUT5=1 LUT6=1)
  Clock Path Skew:        -0.035ns (DCD - SCD + CPR)
    Destination Clock Delay (DCD):    -2.227ns = ( 17.773 - 20.000 ) 
    Source Clock Delay      (SCD):    -2.568ns
    Clock Pessimism Removal (CPR):    -0.377ns
  Clock Uncertainty:      0.086ns  ((TSJ^2 + DJ^2)^1/2) / 2 + PE
    Total System Jitter     (TSJ):    0.071ns
    Discrete Jitter          (DJ):    0.157ns
    Phase Error              (PE):    0.000ns

    Location             Delay type                Incr(ns)  Path(ns)    Netlist Resource(s)
  -------------------------------------------------------------------    -------------------
                         (clock clk_out1_pll rise edge)
                                                      0.000     0.000 r  
    AD12                                              0.000     0.000 r  i_sys_clk_p (IN)
                         net (fo=0)                   0.000     0.000    pll_inst/inst/clk_in1_p
    AD12                 IBUFDS (Prop_ibufds_I_O)     0.906     0.906 r  pll_inst/inst/clkin1_ibufgds/O
                         net (fo=1, routed)           1.098     2.004    pll_inst/inst/clk_in1_pll
    PLLE2_ADV_X1Y1       PLLE2_ADV (Prop_plle2_adv_CLKIN1_CLKOUT0)
                                                     -8.058    -6.054 r  pll_inst/inst/plle2_adv_inst/CLKOUT0
                         net (fo=1, routed)           2.128    -3.926    pll_inst/inst/clk_out1_pll
    BUFGCTRL_X0Y1        BUFG (Prop_bufg_I_O)         0.093    -3.833 r  pll_inst/inst/clkout1_buf/O
                         net (fo=354, routed)         1.265    -2.568    uart_inst/clk_out1
    SLICE_X44Y174        FDCE                                         r  uart_inst/rx_data_reg[0]/C
  -------------------------------------------------------------------    -------------------
    SLICE_X44Y174        FDCE (Prop_fdce_C_Q)         0.223    -2.345 f  uart_inst/rx_data_reg[0]/Q
                         net (fo=47, routed)          0.840    -1.506    uart_inst/rx_data[0]
    SLICE_X42Y177        LUT6 (Prop_lut6_I1_O)        0.043    -1.463 r  uart_inst/status_buffer[0][6]_i_2/O
                         net (fo=1, routed)           0.336    -1.127    uart_inst/status_buffer[0][6]_i_2_n_0
    SLICE_X42Y177        LUT5 (Prop_lut5_I2_O)        0.043    -1.084 r  uart_inst/status_buffer[0][6]_i_1/O
                         net (fo=134, routed)         1.450     0.366    twin_controller_inst/E[0]
    SLICE_X36Y178        FDCE                                         r  twin_controller_inst/status_buffer_reg[0][4]/CE
  -------------------------------------------------------------------    -------------------

                         (clock clk_out1_pll rise edge)
                                                     20.000    20.000 r  
    AD12                                              0.000    20.000 r  i_sys_clk_p (IN)
                         net (fo=0)                   0.000    20.000    pll_inst/inst/clk_in1_p
    AD12                 IBUFDS (Prop_ibufds_I_O)     0.803    20.803 r  pll_inst/inst/clkin1_ibufgds/O
                         net (fo=1, routed)           1.001    21.804    pll_inst/inst/clk_in1_pll
    PLLE2_ADV_X1Y1       PLLE2_ADV (Prop_plle2_adv_CLKIN1_CLKOUT0)
                                                     -7.261    14.543 r  pll_inst/inst/plle2_adv_inst/CLKOUT0
                         net (fo=1, routed)           2.003    16.546    pll_inst/inst/clk_out1_pll
    BUFGCTRL_X0Y1        BUFG (Prop_bufg_I_O)         0.083    16.629 r  pll_inst/inst/clkout1_buf/O
                         net (fo=354, routed)         1.144    17.773    twin_controller_inst/clk_out1
    SLICE_X36Y178        FDCE                                         r  twin_controller_inst/status_buffer_reg[0][4]/C
                         clock pessimism             -0.377    17.397    
                         clock uncertainty           -0.086    17.310    
    SLICE_X36Y178        FDCE (Setup_fdce_C_CE)      -0.201    17.109    twin_controller_inst/status_buffer_reg[0][4]
  -------------------------------------------------------------------
                         required time                         17.109    
                         arrival time                          -0.366    
  -------------------------------------------------------------------
                         slack                                 16.743    

Slack (MET) :             16.743ns  (required time - arrival time)
  Source:                 uart_inst/rx_data_reg[0]/C
                            (rising edge-triggered cell FDCE clocked by clk_out1_pll  {rise@0.000ns fall@10.000ns period=20.000ns})
  Destination:            twin_controller_inst/status_buffer_reg[0][5]/CE
                            (rising edge-triggered cell FDCE clocked by clk_out1_pll  {rise@0.000ns fall@10.000ns period=20.000ns})
  Path Group:             clk_out1_pll
  Path Type:              Setup (Max at Slow Process Corner)
  Requirement:            20.000ns  (clk_out1_pll rise@20.000ns - clk_out1_pll rise@0.000ns)
  Data Path Delay:        2.934ns  (logic 0.309ns (10.530%)  route 2.625ns (89.470%))
  Logic Levels:           2  (LUT5=1 LUT6=1)
  Clock Path Skew:        -0.035ns (DCD - SCD + CPR)
    Destination Clock Delay (DCD):    -2.227ns = ( 17.773 - 20.000 ) 
    Source Clock Delay      (SCD):    -2.568ns
    Clock Pessimism Removal (CPR):    -0.377ns
  Clock Uncertainty:      0.086ns  ((TSJ^2 + DJ^2)^1/2) / 2 + PE
    Total System Jitter     (TSJ):    0.071ns
    Discrete Jitter          (DJ):    0.157ns
    Phase Error              (PE):    0.000ns

    Location             Delay type                Incr(ns)  Path(ns)    Netlist Resource(s)
  -------------------------------------------------------------------    -------------------
                         (clock clk_out1_pll rise edge)
                                                      0.000     0.000 r  
    AD12                                              0.000     0.000 r  i_sys_clk_p (IN)
                         net (fo=0)                   0.000     0.000    pll_inst/inst/clk_in1_p
    AD12                 IBUFDS (Prop_ibufds_I_O)     0.906     0.906 r  pll_inst/inst/clkin1_ibufgds/O
                         net (fo=1, routed)           1.098     2.004    pll_inst/inst/clk_in1_pll
    PLLE2_ADV_X1Y1       PLLE2_ADV (Prop_plle2_adv_CLKIN1_CLKOUT0)
                                                     -8.058    -6.054 r  pll_inst/inst/plle2_adv_inst/CLKOUT0
                         net (fo=1, routed)           2.128    -3.926    pll_inst/inst/clk_out1_pll
    BUFGCTRL_X0Y1        BUFG (Prop_bufg_I_O)         0.093    -3.833 r  pll_inst/inst/clkout1_buf/O
                         net (fo=354, routed)         1.265    -2.568    uart_inst/clk_out1
    SLICE_X44Y174        FDCE                                         r  uart_inst/rx_data_reg[0]/C
  -------------------------------------------------------------------    -------------------
    SLICE_X44Y174        FDCE (Prop_fdce_C_Q)         0.223    -2.345 f  uart_inst/rx_data_reg[0]/Q
                         net (fo=47, routed)          0.840    -1.506    uart_inst/rx_data[0]
    SLICE_X42Y177        LUT6 (Prop_lut6_I1_O)        0.043    -1.463 r  uart_inst/status_buffer[0][6]_i_2/O
                         net (fo=1, routed)           0.336    -1.127    uart_inst/status_buffer[0][6]_i_2_n_0
    SLICE_X42Y177        LUT5 (Prop_lut5_I2_O)        0.043    -1.084 r  uart_inst/status_buffer[0][6]_i_1/O
                         net (fo=134, routed)         1.450     0.366    twin_controller_inst/E[0]
    SLICE_X37Y178        FDCE                                         r  twin_controller_inst/status_buffer_reg[0][5]/CE
  -------------------------------------------------------------------    -------------------

                         (clock clk_out1_pll rise edge)
                                                     20.000    20.000 r  
    AD12                                              0.000    20.000 r  i_sys_clk_p (IN)
                         net (fo=0)                   0.000    20.000    pll_inst/inst/clk_in1_p
    AD12                 IBUFDS (Prop_ibufds_I_O)     0.803    20.803 r  pll_inst/inst/clkin1_ibufgds/O
                         net (fo=1, routed)           1.001    21.804    pll_inst/inst/clk_in1_pll
    PLLE2_ADV_X1Y1       PLLE2_ADV (Prop_plle2_adv_CLKIN1_CLKOUT0)
                                                     -7.261    14.543 r  pll_inst/inst/plle2_adv_inst/CLKOUT0
                         net (fo=1, routed)           2.003    16.546    pll_inst/inst/clk_out1_pll
    BUFGCTRL_X0Y1        BUFG (Prop_bufg_I_O)         0.083    16.629 r  pll_inst/inst/clkout1_buf/O
                         net (fo=354, routed)         1.144    17.773    twin_controller_inst/clk_out1
    SLICE_X37Y178        FDCE                                         r  twin_controller_inst/status_buffer_reg[0][5]/C
                         clock pessimism             -0.377    17.397    
                         clock uncertainty           -0.086    17.310    
    SLICE_X37Y178        FDCE (Setup_fdce_C_CE)      -0.201    17.109    twin_controller_inst/status_buffer_reg[0][5]
  -------------------------------------------------------------------
                         required time                         17.109    
                         arrival time                          -0.366    
  -------------------------------------------------------------------
                         slack                                 16.743    

Slack (MET) :             16.743ns  (required time - arrival time)
  Source:                 uart_inst/rx_data_reg[0]/C
                            (rising edge-triggered cell FDCE clocked by clk_out1_pll  {rise@0.000ns fall@10.000ns period=20.000ns})
  Destination:            twin_controller_inst/status_buffer_reg[12][5]/CE
                            (rising edge-triggered cell FDCE clocked by clk_out1_pll  {rise@0.000ns fall@10.000ns period=20.000ns})
  Path Group:             clk_out1_pll
  Path Type:              Setup (Max at Slow Process Corner)
  Requirement:            20.000ns  (clk_out1_pll rise@20.000ns - clk_out1_pll rise@0.000ns)
  Data Path Delay:        2.934ns  (logic 0.309ns (10.530%)  route 2.625ns (89.470%))
  Logic Levels:           2  (LUT5=1 LUT6=1)
  Clock Path Skew:        -0.035ns (DCD - SCD + CPR)
    Destination Clock Delay (DCD):    -2.227ns = ( 17.773 - 20.000 ) 
    Source Clock Delay      (SCD):    -2.568ns
    Clock Pessimism Removal (CPR):    -0.377ns
  Clock Uncertainty:      0.086ns  ((TSJ^2 + DJ^2)^1/2) / 2 + PE
    Total System Jitter     (TSJ):    0.071ns
    Discrete Jitter          (DJ):    0.157ns
    Phase Error              (PE):    0.000ns

    Location             Delay type                Incr(ns)  Path(ns)    Netlist Resource(s)
  -------------------------------------------------------------------    -------------------
                         (clock clk_out1_pll rise edge)
                                                      0.000     0.000 r  
    AD12                                              0.000     0.000 r  i_sys_clk_p (IN)
                         net (fo=0)                   0.000     0.000    pll_inst/inst/clk_in1_p
    AD12                 IBUFDS (Prop_ibufds_I_O)     0.906     0.906 r  pll_inst/inst/clkin1_ibufgds/O
                         net (fo=1, routed)           1.098     2.004    pll_inst/inst/clk_in1_pll
    PLLE2_ADV_X1Y1       PLLE2_ADV (Prop_plle2_adv_CLKIN1_CLKOUT0)
                                                     -8.058    -6.054 r  pll_inst/inst/plle2_adv_inst/CLKOUT0
                         net (fo=1, routed)           2.128    -3.926    pll_inst/inst/clk_out1_pll
    BUFGCTRL_X0Y1        BUFG (Prop_bufg_I_O)         0.093    -3.833 r  pll_inst/inst/clkout1_buf/O
                         net (fo=354, routed)         1.265    -2.568    uart_inst/clk_out1
    SLICE_X44Y174        FDCE                                         r  uart_inst/rx_data_reg[0]/C
  -------------------------------------------------------------------    -------------------
    SLICE_X44Y174        FDCE (Prop_fdce_C_Q)         0.223    -2.345 f  uart_inst/rx_data_reg[0]/Q
                         net (fo=47, routed)          0.840    -1.506    uart_inst/rx_data[0]
    SLICE_X42Y177        LUT6 (Prop_lut6_I1_O)        0.043    -1.463 r  uart_inst/status_buffer[0][6]_i_2/O
                         net (fo=1, routed)           0.336    -1.127    uart_inst/status_buffer[0][6]_i_2_n_0
    SLICE_X42Y177        LUT5 (Prop_lut5_I2_O)        0.043    -1.084 r  uart_inst/status_buffer[0][6]_i_1/O
                         net (fo=134, routed)         1.450     0.366    twin_controller_inst/E[0]
    SLICE_X37Y178        FDCE                                         r  twin_controller_inst/status_buffer_reg[12][5]/CE
  -------------------------------------------------------------------    -------------------

                         (clock clk_out1_pll rise edge)
                                                     20.000    20.000 r  
    AD12                                              0.000    20.000 r  i_sys_clk_p (IN)
                         net (fo=0)                   0.000    20.000    pll_inst/inst/clk_in1_p
    AD12                 IBUFDS (Prop_ibufds_I_O)     0.803    20.803 r  pll_inst/inst/clkin1_ibufgds/O
                         net (fo=1, routed)           1.001    21.804    pll_inst/inst/clk_in1_pll
    PLLE2_ADV_X1Y1       PLLE2_ADV (Prop_plle2_adv_CLKIN1_CLKOUT0)
                                                     -7.261    14.543 r  pll_inst/inst/plle2_adv_inst/CLKOUT0
                         net (fo=1, routed)           2.003    16.546    pll_inst/inst/clk_out1_pll
    BUFGCTRL_X0Y1        BUFG (Prop_bufg_I_O)         0.083    16.629 r  pll_inst/inst/clkout1_buf/O
                         net (fo=354, routed)         1.144    17.773    twin_controller_inst/clk_out1
    SLICE_X37Y178        FDCE                                         r  twin_controller_inst/status_buffer_reg[12][5]/C
                         clock pessimism             -0.377    17.397    
                         clock uncertainty           -0.086    17.310    
    SLICE_X37Y178        FDCE (Setup_fdce_C_CE)      -0.201    17.109    twin_controller_inst/status_buffer_reg[12][5]
  -------------------------------------------------------------------
                         required time                         17.109    
                         arrival time                          -0.366    
  -------------------------------------------------------------------
                         slack                                 16.743    

Slack (MET) :             16.743ns  (required time - arrival time)
  Source:                 uart_inst/rx_data_reg[0]/C
                            (rising edge-triggered cell FDCE clocked by clk_out1_pll  {rise@0.000ns fall@10.000ns period=20.000ns})
  Destination:            twin_controller_inst/status_buffer_reg[14][5]/CE
                            (rising edge-triggered cell FDCE clocked by clk_out1_pll  {rise@0.000ns fall@10.000ns period=20.000ns})
  Path Group:             clk_out1_pll
  Path Type:              Setup (Max at Slow Process Corner)
  Requirement:            20.000ns  (clk_out1_pll rise@20.000ns - clk_out1_pll rise@0.000ns)
  Data Path Delay:        2.934ns  (logic 0.309ns (10.530%)  route 2.625ns (89.470%))
  Logic Levels:           2  (LUT5=1 LUT6=1)
  Clock Path Skew:        -0.035ns (DCD - SCD + CPR)
    Destination Clock Delay (DCD):    -2.227ns = ( 17.773 - 20.000 ) 
    Source Clock Delay      (SCD):    -2.568ns
    Clock Pessimism Removal (CPR):    -0.377ns
  Clock Uncertainty:      0.086ns  ((TSJ^2 + DJ^2)^1/2) / 2 + PE
    Total System Jitter     (TSJ):    0.071ns
    Discrete Jitter          (DJ):    0.157ns
    Phase Error              (PE):    0.000ns

    Location             Delay type                Incr(ns)  Path(ns)    Netlist Resource(s)
  -------------------------------------------------------------------    -------------------
                         (clock clk_out1_pll rise edge)
                                                      0.000     0.000 r  
    AD12                                              0.000     0.000 r  i_sys_clk_p (IN)
                         net (fo=0)                   0.000     0.000    pll_inst/inst/clk_in1_p
    AD12                 IBUFDS (Prop_ibufds_I_O)     0.906     0.906 r  pll_inst/inst/clkin1_ibufgds/O
                         net (fo=1, routed)           1.098     2.004    pll_inst/inst/clk_in1_pll
    PLLE2_ADV_X1Y1       PLLE2_ADV (Prop_plle2_adv_CLKIN1_CLKOUT0)
                                                     -8.058    -6.054 r  pll_inst/inst/plle2_adv_inst/CLKOUT0
                         net (fo=1, routed)           2.128    -3.926    pll_inst/inst/clk_out1_pll
    BUFGCTRL_X0Y1        BUFG (Prop_bufg_I_O)         0.093    -3.833 r  pll_inst/inst/clkout1_buf/O
                         net (fo=354, routed)         1.265    -2.568    uart_inst/clk_out1
    SLICE_X44Y174        FDCE                                         r  uart_inst/rx_data_reg[0]/C
  -------------------------------------------------------------------    -------------------
    SLICE_X44Y174        FDCE (Prop_fdce_C_Q)         0.223    -2.345 f  uart_inst/rx_data_reg[0]/Q
                         net (fo=47, routed)          0.840    -1.506    uart_inst/rx_data[0]
    SLICE_X42Y177        LUT6 (Prop_lut6_I1_O)        0.043    -1.463 r  uart_inst/status_buffer[0][6]_i_2/O
                         net (fo=1, routed)           0.336    -1.127    uart_inst/status_buffer[0][6]_i_2_n_0
    SLICE_X42Y177        LUT5 (Prop_lut5_I2_O)        0.043    -1.084 r  uart_inst/status_buffer[0][6]_i_1/O
                         net (fo=134, routed)         1.450     0.366    twin_controller_inst/E[0]
    SLICE_X37Y178        FDCE                                         r  twin_controller_inst/status_buffer_reg[14][5]/CE
  -------------------------------------------------------------------    -------------------

                         (clock clk_out1_pll rise edge)
                                                     20.000    20.000 r  
    AD12                                              0.000    20.000 r  i_sys_clk_p (IN)
                         net (fo=0)                   0.000    20.000    pll_inst/inst/clk_in1_p
    AD12                 IBUFDS (Prop_ibufds_I_O)     0.803    20.803 r  pll_inst/inst/clkin1_ibufgds/O
                         net (fo=1, routed)           1.001    21.804    pll_inst/inst/clk_in1_pll
    PLLE2_ADV_X1Y1       PLLE2_ADV (Prop_plle2_adv_CLKIN1_CLKOUT0)
                                                     -7.261    14.543 r  pll_inst/inst/plle2_adv_inst/CLKOUT0
                         net (fo=1, routed)           2.003    16.546    pll_inst/inst/clk_out1_pll
    BUFGCTRL_X0Y1        BUFG (Prop_bufg_I_O)         0.083    16.629 r  pll_inst/inst/clkout1_buf/O
                         net (fo=354, routed)         1.144    17.773    twin_controller_inst/clk_out1
    SLICE_X37Y178        FDCE                                         r  twin_controller_inst/status_buffer_reg[14][5]/C
                         clock pessimism             -0.377    17.397    
                         clock uncertainty           -0.086    17.310    
    SLICE_X37Y178        FDCE (Setup_fdce_C_CE)      -0.201    17.109    twin_controller_inst/status_buffer_reg[14][5]
  -------------------------------------------------------------------
                         required time                         17.109    
                         arrival time                          -0.366    
  -------------------------------------------------------------------
                         slack                                 16.743    

Slack (MET) :             16.743ns  (required time - arrival time)
  Source:                 uart_inst/rx_data_reg[0]/C
                            (rising edge-triggered cell FDCE clocked by clk_out1_pll  {rise@0.000ns fall@10.000ns period=20.000ns})
  Destination:            twin_controller_inst/status_buffer_reg[1][5]/CE
                            (rising edge-triggered cell FDCE clocked by clk_out1_pll  {rise@0.000ns fall@10.000ns period=20.000ns})
  Path Group:             clk_out1_pll
  Path Type:              Setup (Max at Slow Process Corner)
  Requirement:            20.000ns  (clk_out1_pll rise@20.000ns - clk_out1_pll rise@0.000ns)
  Data Path Delay:        2.934ns  (logic 0.309ns (10.530%)  route 2.625ns (89.470%))
  Logic Levels:           2  (LUT5=1 LUT6=1)
  Clock Path Skew:        -0.035ns (DCD - SCD + CPR)
    Destination Clock Delay (DCD):    -2.227ns = ( 17.773 - 20.000 ) 
    Source Clock Delay      (SCD):    -2.568ns
    Clock Pessimism Removal (CPR):    -0.377ns
  Clock Uncertainty:      0.086ns  ((TSJ^2 + DJ^2)^1/2) / 2 + PE
    Total System Jitter     (TSJ):    0.071ns
    Discrete Jitter          (DJ):    0.157ns
    Phase Error              (PE):    0.000ns

    Location             Delay type                Incr(ns)  Path(ns)    Netlist Resource(s)
  -------------------------------------------------------------------    -------------------
                         (clock clk_out1_pll rise edge)
                                                      0.000     0.000 r  
    AD12                                              0.000     0.000 r  i_sys_clk_p (IN)
                         net (fo=0)                   0.000     0.000    pll_inst/inst/clk_in1_p
    AD12                 IBUFDS (Prop_ibufds_I_O)     0.906     0.906 r  pll_inst/inst/clkin1_ibufgds/O
                         net (fo=1, routed)           1.098     2.004    pll_inst/inst/clk_in1_pll
    PLLE2_ADV_X1Y1       PLLE2_ADV (Prop_plle2_adv_CLKIN1_CLKOUT0)
                                                     -8.058    -6.054 r  pll_inst/inst/plle2_adv_inst/CLKOUT0
                         net (fo=1, routed)           2.128    -3.926    pll_inst/inst/clk_out1_pll
    BUFGCTRL_X0Y1        BUFG (Prop_bufg_I_O)         0.093    -3.833 r  pll_inst/inst/clkout1_buf/O
                         net (fo=354, routed)         1.265    -2.568    uart_inst/clk_out1
    SLICE_X44Y174        FDCE                                         r  uart_inst/rx_data_reg[0]/C
  -------------------------------------------------------------------    -------------------
    SLICE_X44Y174        FDCE (Prop_fdce_C_Q)         0.223    -2.345 f  uart_inst/rx_data_reg[0]/Q
                         net (fo=47, routed)          0.840    -1.506    uart_inst/rx_data[0]
    SLICE_X42Y177        LUT6 (Prop_lut6_I1_O)        0.043    -1.463 r  uart_inst/status_buffer[0][6]_i_2/O
                         net (fo=1, routed)           0.336    -1.127    uart_inst/status_buffer[0][6]_i_2_n_0
    SLICE_X42Y177        LUT5 (Prop_lut5_I2_O)        0.043    -1.084 r  uart_inst/status_buffer[0][6]_i_1/O
                         net (fo=134, routed)         1.450     0.366    twin_controller_inst/E[0]
    SLICE_X37Y178        FDCE                                         r  twin_controller_inst/status_buffer_reg[1][5]/CE
  -------------------------------------------------------------------    -------------------

                         (clock clk_out1_pll rise edge)
                                                     20.000    20.000 r  
    AD12                                              0.000    20.000 r  i_sys_clk_p (IN)
                         net (fo=0)                   0.000    20.000    pll_inst/inst/clk_in1_p
    AD12                 IBUFDS (Prop_ibufds_I_O)     0.803    20.803 r  pll_inst/inst/clkin1_ibufgds/O
                         net (fo=1, routed)           1.001    21.804    pll_inst/inst/clk_in1_pll
    PLLE2_ADV_X1Y1       PLLE2_ADV (Prop_plle2_adv_CLKIN1_CLKOUT0)
                                                     -7.261    14.543 r  pll_inst/inst/plle2_adv_inst/CLKOUT0
                         net (fo=1, routed)           2.003    16.546    pll_inst/inst/clk_out1_pll
    BUFGCTRL_X0Y1        BUFG (Prop_bufg_I_O)         0.083    16.629 r  pll_inst/inst/clkout1_buf/O
                         net (fo=354, routed)         1.144    17.773    twin_controller_inst/clk_out1
    SLICE_X37Y178        FDCE                                         r  twin_controller_inst/status_buffer_reg[1][5]/C
                         clock pessimism             -0.377    17.397    
                         clock uncertainty           -0.086    17.310    
    SLICE_X37Y178        FDCE (Setup_fdce_C_CE)      -0.201    17.109    twin_controller_inst/status_buffer_reg[1][5]
  -------------------------------------------------------------------
                         required time                         17.109    
                         arrival time                          -0.366    
  -------------------------------------------------------------------
                         slack                                 16.743    

Slack (MET) :             16.836ns  (required time - arrival time)
  Source:                 student_top_inst/bridge_inst/counter_inst/cnt_1ms_reg[7]/C
                            (rising edge-triggered cell FDRE clocked by clk_out1_pll  {rise@0.000ns fall@10.000ns period=20.000ns})
  Destination:            student_top_inst/bridge_inst/counter_inst/cnt_1ms_reg[4]/R
                            (rising edge-triggered cell FDRE clocked by clk_out1_pll  {rise@0.000ns fall@10.000ns period=20.000ns})
  Path Group:             clk_out1_pll
  Path Type:              Setup (Max at Slow Process Corner)
  Requirement:            20.000ns  (clk_out1_pll rise@20.000ns - clk_out1_pll rise@0.000ns)
  Data Path Delay:        2.797ns  (logic 0.431ns (15.411%)  route 2.366ns (84.589%))
  Logic Levels:           4  (LUT3=1 LUT4=1 LUT5=1 LUT6=1)
  Clock Path Skew:        0.000ns (DCD - SCD + CPR)
    Destination Clock Delay (DCD):    -2.291ns = ( 17.709 - 20.000 ) 
    Source Clock Delay      (SCD):    -2.625ns
    Clock Pessimism Removal (CPR):    -0.335ns
  Clock Uncertainty:      0.086ns  ((TSJ^2 + DJ^2)^1/2) / 2 + PE
    Total System Jitter     (TSJ):    0.071ns
    Discrete Jitter          (DJ):    0.157ns
    Phase Error              (PE):    0.000ns

    Location             Delay type                Incr(ns)  Path(ns)    Netlist Resource(s)
  -------------------------------------------------------------------    -------------------
                         (clock clk_out1_pll rise edge)
                                                      0.000     0.000 r  
    AD12                                              0.000     0.000 r  i_sys_clk_p (IN)
                         net (fo=0)                   0.000     0.000    pll_inst/inst/clk_in1_p
    AD12                 IBUFDS (Prop_ibufds_I_O)     0.906     0.906 r  pll_inst/inst/clkin1_ibufgds/O
                         net (fo=1, routed)           1.098     2.004    pll_inst/inst/clk_in1_pll
    PLLE2_ADV_X1Y1       PLLE2_ADV (Prop_plle2_adv_CLKIN1_CLKOUT0)
                                                     -8.058    -6.054 r  pll_inst/inst/plle2_adv_inst/CLKOUT0
                         net (fo=1, routed)           2.128    -3.926    pll_inst/inst/clk_out1_pll
    BUFGCTRL_X0Y1        BUFG (Prop_bufg_I_O)         0.093    -3.833 r  pll_inst/inst/clkout1_buf/O
                         net (fo=354, routed)         1.208    -2.625    student_top_inst/bridge_inst/counter_inst/clk_out1
    SLICE_X52Y171        FDRE                                         r  student_top_inst/bridge_inst/counter_inst/cnt_1ms_reg[7]/C
  -------------------------------------------------------------------    -------------------
    SLICE_X52Y171        FDRE (Prop_fdre_C_Q)         0.259    -2.366 f  student_top_inst/bridge_inst/counter_inst/cnt_1ms_reg[7]/Q
                         net (fo=2, routed)           0.452    -1.914    student_top_inst/bridge_inst/counter_inst/cnt_1ms_reg[7]
    SLICE_X53Y171        LUT4 (Prop_lut4_I3_O)        0.043    -1.871 f  student_top_inst/bridge_inst/counter_inst/cnt_1ms[0]_i_7/O
                         net (fo=1, routed)           0.355    -1.516    student_top_inst/bridge_inst/counter_inst/cnt_1ms[0]_i_7_n_0
    SLICE_X53Y171        LUT5 (Prop_lut5_I4_O)        0.043    -1.473 f  student_top_inst/bridge_inst/counter_inst/cnt_1ms[0]_i_6/O
                         net (fo=1, routed)           0.232    -1.241    student_top_inst/bridge_inst/counter_inst/cnt_1ms[0]_i_6_n_0
    SLICE_X53Y171        LUT6 (Prop_lut6_I5_O)        0.043    -1.198 r  student_top_inst/bridge_inst/counter_inst/cnt_1ms[0]_i_3/O
                         net (fo=2, routed)           0.512    -0.687    student_top_inst/bridge_inst/counter_inst/cnt_1ms[0]_i_3_n_0
    SLICE_X53Y172        LUT3 (Prop_lut3_I2_O)        0.043    -0.644 r  student_top_inst/bridge_inst/counter_inst/cnt_1ms[0]_i_1/O
                         net (fo=16, routed)          0.815     0.171    student_top_inst/bridge_inst/counter_inst/cnt_1ms[0]_i_1_n_0
    SLICE_X52Y171        FDRE                                         r  student_top_inst/bridge_inst/counter_inst/cnt_1ms_reg[4]/R
  -------------------------------------------------------------------    -------------------

                         (clock clk_out1_pll rise edge)
                                                     20.000    20.000 r  
    AD12                                              0.000    20.000 r  i_sys_clk_p (IN)
                         net (fo=0)                   0.000    20.000    pll_inst/inst/clk_in1_p
    AD12                 IBUFDS (Prop_ibufds_I_O)     0.803    20.803 r  pll_inst/inst/clkin1_ibufgds/O
                         net (fo=1, routed)           1.001    21.804    pll_inst/inst/clk_in1_pll
    PLLE2_ADV_X1Y1       PLLE2_ADV (Prop_plle2_adv_CLKIN1_CLKOUT0)
                                                     -7.261    14.543 r  pll_inst/inst/plle2_adv_inst/CLKOUT0
                         net (fo=1, routed)           2.003    16.546    pll_inst/inst/clk_out1_pll
    BUFGCTRL_X0Y1        BUFG (Prop_bufg_I_O)         0.083    16.629 r  pll_inst/inst/clkout1_buf/O
                         net (fo=354, routed)         1.080    17.709    student_top_inst/bridge_inst/counter_inst/clk_out1
    SLICE_X52Y171        FDRE                                         r  student_top_inst/bridge_inst/counter_inst/cnt_1ms_reg[4]/C
                         clock pessimism             -0.335    17.375    
                         clock uncertainty           -0.086    17.288    
    SLICE_X52Y171        FDRE (Setup_fdre_C_R)       -0.281    17.007    student_top_inst/bridge_inst/counter_inst/cnt_1ms_reg[4]
  -------------------------------------------------------------------
                         required time                         17.007    
                         arrival time                          -0.171    
  -------------------------------------------------------------------
                         slack                                 16.836    

Slack (MET) :             16.836ns  (required time - arrival time)
  Source:                 student_top_inst/bridge_inst/counter_inst/cnt_1ms_reg[7]/C
                            (rising edge-triggered cell FDRE clocked by clk_out1_pll  {rise@0.000ns fall@10.000ns period=20.000ns})
  Destination:            student_top_inst/bridge_inst/counter_inst/cnt_1ms_reg[5]/R
                            (rising edge-triggered cell FDRE clocked by clk_out1_pll  {rise@0.000ns fall@10.000ns period=20.000ns})
  Path Group:             clk_out1_pll
  Path Type:              Setup (Max at Slow Process Corner)
  Requirement:            20.000ns  (clk_out1_pll rise@20.000ns - clk_out1_pll rise@0.000ns)
  Data Path Delay:        2.797ns  (logic 0.431ns (15.411%)  route 2.366ns (84.589%))
  Logic Levels:           4  (LUT3=1 LUT4=1 LUT5=1 LUT6=1)
  Clock Path Skew:        0.000ns (DCD - SCD + CPR)
    Destination Clock Delay (DCD):    -2.291ns = ( 17.709 - 20.000 ) 
    Source Clock Delay      (SCD):    -2.625ns
    Clock Pessimism Removal (CPR):    -0.335ns
  Clock Uncertainty:      0.086ns  ((TSJ^2 + DJ^2)^1/2) / 2 + PE
    Total System Jitter     (TSJ):    0.071ns
    Discrete Jitter          (DJ):    0.157ns
    Phase Error              (PE):    0.000ns

    Location             Delay type                Incr(ns)  Path(ns)    Netlist Resource(s)
  -------------------------------------------------------------------    -------------------
                         (clock clk_out1_pll rise edge)
                                                      0.000     0.000 r  
    AD12                                              0.000     0.000 r  i_sys_clk_p (IN)
                         net (fo=0)                   0.000     0.000    pll_inst/inst/clk_in1_p
    AD12                 IBUFDS (Prop_ibufds_I_O)     0.906     0.906 r  pll_inst/inst/clkin1_ibufgds/O
                         net (fo=1, routed)           1.098     2.004    pll_inst/inst/clk_in1_pll
    PLLE2_ADV_X1Y1       PLLE2_ADV (Prop_plle2_adv_CLKIN1_CLKOUT0)
                                                     -8.058    -6.054 r  pll_inst/inst/plle2_adv_inst/CLKOUT0
                         net (fo=1, routed)           2.128    -3.926    pll_inst/inst/clk_out1_pll
    BUFGCTRL_X0Y1        BUFG (Prop_bufg_I_O)         0.093    -3.833 r  pll_inst/inst/clkout1_buf/O
                         net (fo=354, routed)         1.208    -2.625    student_top_inst/bridge_inst/counter_inst/clk_out1
    SLICE_X52Y171        FDRE                                         r  student_top_inst/bridge_inst/counter_inst/cnt_1ms_reg[7]/C
  -------------------------------------------------------------------    -------------------
    SLICE_X52Y171        FDRE (Prop_fdre_C_Q)         0.259    -2.366 f  student_top_inst/bridge_inst/counter_inst/cnt_1ms_reg[7]/Q
                         net (fo=2, routed)           0.452    -1.914    student_top_inst/bridge_inst/counter_inst/cnt_1ms_reg[7]
    SLICE_X53Y171        LUT4 (Prop_lut4_I3_O)        0.043    -1.871 f  student_top_inst/bridge_inst/counter_inst/cnt_1ms[0]_i_7/O
                         net (fo=1, routed)           0.355    -1.516    student_top_inst/bridge_inst/counter_inst/cnt_1ms[0]_i_7_n_0
    SLICE_X53Y171        LUT5 (Prop_lut5_I4_O)        0.043    -1.473 f  student_top_inst/bridge_inst/counter_inst/cnt_1ms[0]_i_6/O
                         net (fo=1, routed)           0.232    -1.241    student_top_inst/bridge_inst/counter_inst/cnt_1ms[0]_i_6_n_0
    SLICE_X53Y171        LUT6 (Prop_lut6_I5_O)        0.043    -1.198 r  student_top_inst/bridge_inst/counter_inst/cnt_1ms[0]_i_3/O
                         net (fo=2, routed)           0.512    -0.687    student_top_inst/bridge_inst/counter_inst/cnt_1ms[0]_i_3_n_0
    SLICE_X53Y172        LUT3 (Prop_lut3_I2_O)        0.043    -0.644 r  student_top_inst/bridge_inst/counter_inst/cnt_1ms[0]_i_1/O
                         net (fo=16, routed)          0.815     0.171    student_top_inst/bridge_inst/counter_inst/cnt_1ms[0]_i_1_n_0
    SLICE_X52Y171        FDRE                                         r  student_top_inst/bridge_inst/counter_inst/cnt_1ms_reg[5]/R
  -------------------------------------------------------------------    -------------------

                         (clock clk_out1_pll rise edge)
                                                     20.000    20.000 r  
    AD12                                              0.000    20.000 r  i_sys_clk_p (IN)
                         net (fo=0)                   0.000    20.000    pll_inst/inst/clk_in1_p
    AD12                 IBUFDS (Prop_ibufds_I_O)     0.803    20.803 r  pll_inst/inst/clkin1_ibufgds/O
                         net (fo=1, routed)           1.001    21.804    pll_inst/inst/clk_in1_pll
    PLLE2_ADV_X1Y1       PLLE2_ADV (Prop_plle2_adv_CLKIN1_CLKOUT0)
                                                     -7.261    14.543 r  pll_inst/inst/plle2_adv_inst/CLKOUT0
                         net (fo=1, routed)           2.003    16.546    pll_inst/inst/clk_out1_pll
    BUFGCTRL_X0Y1        BUFG (Prop_bufg_I_O)         0.083    16.629 r  pll_inst/inst/clkout1_buf/O
                         net (fo=354, routed)         1.080    17.709    student_top_inst/bridge_inst/counter_inst/clk_out1
    SLICE_X52Y171        FDRE                                         r  student_top_inst/bridge_inst/counter_inst/cnt_1ms_reg[5]/C
                         clock pessimism             -0.335    17.375    
                         clock uncertainty           -0.086    17.288    
    SLICE_X52Y171        FDRE (Setup_fdre_C_R)       -0.281    17.007    student_top_inst/bridge_inst/counter_inst/cnt_1ms_reg[5]
  -------------------------------------------------------------------
                         required time                         17.007    
                         arrival time                          -0.171    
  -------------------------------------------------------------------
                         slack                                 16.836    

Slack (MET) :             16.836ns  (required time - arrival time)
  Source:                 student_top_inst/bridge_inst/counter_inst/cnt_1ms_reg[7]/C
                            (rising edge-triggered cell FDRE clocked by clk_out1_pll  {rise@0.000ns fall@10.000ns period=20.000ns})
  Destination:            student_top_inst/bridge_inst/counter_inst/cnt_1ms_reg[6]/R
                            (rising edge-triggered cell FDRE clocked by clk_out1_pll  {rise@0.000ns fall@10.000ns period=20.000ns})
  Path Group:             clk_out1_pll
  Path Type:              Setup (Max at Slow Process Corner)
  Requirement:            20.000ns  (clk_out1_pll rise@20.000ns - clk_out1_pll rise@0.000ns)
  Data Path Delay:        2.797ns  (logic 0.431ns (15.411%)  route 2.366ns (84.589%))
  Logic Levels:           4  (LUT3=1 LUT4=1 LUT5=1 LUT6=1)
  Clock Path Skew:        0.000ns (DCD - SCD + CPR)
    Destination Clock Delay (DCD):    -2.291ns = ( 17.709 - 20.000 ) 
    Source Clock Delay      (SCD):    -2.625ns
    Clock Pessimism Removal (CPR):    -0.335ns
  Clock Uncertainty:      0.086ns  ((TSJ^2 + DJ^2)^1/2) / 2 + PE
    Total System Jitter     (TSJ):    0.071ns
    Discrete Jitter          (DJ):    0.157ns
    Phase Error              (PE):    0.000ns

    Location             Delay type                Incr(ns)  Path(ns)    Netlist Resource(s)
  -------------------------------------------------------------------    -------------------
                         (clock clk_out1_pll rise edge)
                                                      0.000     0.000 r  
    AD12                                              0.000     0.000 r  i_sys_clk_p (IN)
                         net (fo=0)                   0.000     0.000    pll_inst/inst/clk_in1_p
    AD12                 IBUFDS (Prop_ibufds_I_O)     0.906     0.906 r  pll_inst/inst/clkin1_ibufgds/O
                         net (fo=1, routed)           1.098     2.004    pll_inst/inst/clk_in1_pll
    PLLE2_ADV_X1Y1       PLLE2_ADV (Prop_plle2_adv_CLKIN1_CLKOUT0)
                                                     -8.058    -6.054 r  pll_inst/inst/plle2_adv_inst/CLKOUT0
                         net (fo=1, routed)           2.128    -3.926    pll_inst/inst/clk_out1_pll
    BUFGCTRL_X0Y1        BUFG (Prop_bufg_I_O)         0.093    -3.833 r  pll_inst/inst/clkout1_buf/O
                         net (fo=354, routed)         1.208    -2.625    student_top_inst/bridge_inst/counter_inst/clk_out1
    SLICE_X52Y171        FDRE                                         r  student_top_inst/bridge_inst/counter_inst/cnt_1ms_reg[7]/C
  -------------------------------------------------------------------    -------------------
    SLICE_X52Y171        FDRE (Prop_fdre_C_Q)         0.259    -2.366 f  student_top_inst/bridge_inst/counter_inst/cnt_1ms_reg[7]/Q
                         net (fo=2, routed)           0.452    -1.914    student_top_inst/bridge_inst/counter_inst/cnt_1ms_reg[7]
    SLICE_X53Y171        LUT4 (Prop_lut4_I3_O)        0.043    -1.871 f  student_top_inst/bridge_inst/counter_inst/cnt_1ms[0]_i_7/O
                         net (fo=1, routed)           0.355    -1.516    student_top_inst/bridge_inst/counter_inst/cnt_1ms[0]_i_7_n_0
    SLICE_X53Y171        LUT5 (Prop_lut5_I4_O)        0.043    -1.473 f  student_top_inst/bridge_inst/counter_inst/cnt_1ms[0]_i_6/O
                         net (fo=1, routed)           0.232    -1.241    student_top_inst/bridge_inst/counter_inst/cnt_1ms[0]_i_6_n_0
    SLICE_X53Y171        LUT6 (Prop_lut6_I5_O)        0.043    -1.198 r  student_top_inst/bridge_inst/counter_inst/cnt_1ms[0]_i_3/O
                         net (fo=2, routed)           0.512    -0.687    student_top_inst/bridge_inst/counter_inst/cnt_1ms[0]_i_3_n_0
    SLICE_X53Y172        LUT3 (Prop_lut3_I2_O)        0.043    -0.644 r  student_top_inst/bridge_inst/counter_inst/cnt_1ms[0]_i_1/O
                         net (fo=16, routed)          0.815     0.171    student_top_inst/bridge_inst/counter_inst/cnt_1ms[0]_i_1_n_0
    SLICE_X52Y171        FDRE                                         r  student_top_inst/bridge_inst/counter_inst/cnt_1ms_reg[6]/R
  -------------------------------------------------------------------    -------------------

                         (clock clk_out1_pll rise edge)
                                                     20.000    20.000 r  
    AD12                                              0.000    20.000 r  i_sys_clk_p (IN)
                         net (fo=0)                   0.000    20.000    pll_inst/inst/clk_in1_p
    AD12                 IBUFDS (Prop_ibufds_I_O)     0.803    20.803 r  pll_inst/inst/clkin1_ibufgds/O
                         net (fo=1, routed)           1.001    21.804    pll_inst/inst/clk_in1_pll
    PLLE2_ADV_X1Y1       PLLE2_ADV (Prop_plle2_adv_CLKIN1_CLKOUT0)
                                                     -7.261    14.543 r  pll_inst/inst/plle2_adv_inst/CLKOUT0
                         net (fo=1, routed)           2.003    16.546    pll_inst/inst/clk_out1_pll
    BUFGCTRL_X0Y1        BUFG (Prop_bufg_I_O)         0.083    16.629 r  pll_inst/inst/clkout1_buf/O
                         net (fo=354, routed)         1.080    17.709    student_top_inst/bridge_inst/counter_inst/clk_out1
    SLICE_X52Y171        FDRE                                         r  student_top_inst/bridge_inst/counter_inst/cnt_1ms_reg[6]/C
                         clock pessimism             -0.335    17.375    
                         clock uncertainty           -0.086    17.288    
    SLICE_X52Y171        FDRE (Setup_fdre_C_R)       -0.281    17.007    student_top_inst/bridge_inst/counter_inst/cnt_1ms_reg[6]
  -------------------------------------------------------------------
                         required time                         17.007    
                         arrival time                          -0.171    
  -------------------------------------------------------------------
                         slack                                 16.836    

Slack (MET) :             16.836ns  (required time - arrival time)
  Source:                 student_top_inst/bridge_inst/counter_inst/cnt_1ms_reg[7]/C
                            (rising edge-triggered cell FDRE clocked by clk_out1_pll  {rise@0.000ns fall@10.000ns period=20.000ns})
  Destination:            student_top_inst/bridge_inst/counter_inst/cnt_1ms_reg[7]/R
                            (rising edge-triggered cell FDRE clocked by clk_out1_pll  {rise@0.000ns fall@10.000ns period=20.000ns})
  Path Group:             clk_out1_pll
  Path Type:              Setup (Max at Slow Process Corner)
  Requirement:            20.000ns  (clk_out1_pll rise@20.000ns - clk_out1_pll rise@0.000ns)
  Data Path Delay:        2.797ns  (logic 0.431ns (15.411%)  route 2.366ns (84.589%))
  Logic Levels:           4  (LUT3=1 LUT4=1 LUT5=1 LUT6=1)
  Clock Path Skew:        0.000ns (DCD - SCD + CPR)
    Destination Clock Delay (DCD):    -2.291ns = ( 17.709 - 20.000 ) 
    Source Clock Delay      (SCD):    -2.625ns
    Clock Pessimism Removal (CPR):    -0.335ns
  Clock Uncertainty:      0.086ns  ((TSJ^2 + DJ^2)^1/2) / 2 + PE
    Total System Jitter     (TSJ):    0.071ns
    Discrete Jitter          (DJ):    0.157ns
    Phase Error              (PE):    0.000ns

    Location             Delay type                Incr(ns)  Path(ns)    Netlist Resource(s)
  -------------------------------------------------------------------    -------------------
                         (clock clk_out1_pll rise edge)
                                                      0.000     0.000 r  
    AD12                                              0.000     0.000 r  i_sys_clk_p (IN)
                         net (fo=0)                   0.000     0.000    pll_inst/inst/clk_in1_p
    AD12                 IBUFDS (Prop_ibufds_I_O)     0.906     0.906 r  pll_inst/inst/clkin1_ibufgds/O
                         net (fo=1, routed)           1.098     2.004    pll_inst/inst/clk_in1_pll
    PLLE2_ADV_X1Y1       PLLE2_ADV (Prop_plle2_adv_CLKIN1_CLKOUT0)
                                                     -8.058    -6.054 r  pll_inst/inst/plle2_adv_inst/CLKOUT0
                         net (fo=1, routed)           2.128    -3.926    pll_inst/inst/clk_out1_pll
    BUFGCTRL_X0Y1        BUFG (Prop_bufg_I_O)         0.093    -3.833 r  pll_inst/inst/clkout1_buf/O
                         net (fo=354, routed)         1.208    -2.625    student_top_inst/bridge_inst/counter_inst/clk_out1
    SLICE_X52Y171        FDRE                                         r  student_top_inst/bridge_inst/counter_inst/cnt_1ms_reg[7]/C
  -------------------------------------------------------------------    -------------------
    SLICE_X52Y171        FDRE (Prop_fdre_C_Q)         0.259    -2.366 f  student_top_inst/bridge_inst/counter_inst/cnt_1ms_reg[7]/Q
                         net (fo=2, routed)           0.452    -1.914    student_top_inst/bridge_inst/counter_inst/cnt_1ms_reg[7]
    SLICE_X53Y171        LUT4 (Prop_lut4_I3_O)        0.043    -1.871 f  student_top_inst/bridge_inst/counter_inst/cnt_1ms[0]_i_7/O
                         net (fo=1, routed)           0.355    -1.516    student_top_inst/bridge_inst/counter_inst/cnt_1ms[0]_i_7_n_0
    SLICE_X53Y171        LUT5 (Prop_lut5_I4_O)        0.043    -1.473 f  student_top_inst/bridge_inst/counter_inst/cnt_1ms[0]_i_6/O
                         net (fo=1, routed)           0.232    -1.241    student_top_inst/bridge_inst/counter_inst/cnt_1ms[0]_i_6_n_0
    SLICE_X53Y171        LUT6 (Prop_lut6_I5_O)        0.043    -1.198 r  student_top_inst/bridge_inst/counter_inst/cnt_1ms[0]_i_3/O
                         net (fo=2, routed)           0.512    -0.687    student_top_inst/bridge_inst/counter_inst/cnt_1ms[0]_i_3_n_0
    SLICE_X53Y172        LUT3 (Prop_lut3_I2_O)        0.043    -0.644 r  student_top_inst/bridge_inst/counter_inst/cnt_1ms[0]_i_1/O
                         net (fo=16, routed)          0.815     0.171    student_top_inst/bridge_inst/counter_inst/cnt_1ms[0]_i_1_n_0
    SLICE_X52Y171        FDRE                                         r  student_top_inst/bridge_inst/counter_inst/cnt_1ms_reg[7]/R
  -------------------------------------------------------------------    -------------------

                         (clock clk_out1_pll rise edge)
                                                     20.000    20.000 r  
    AD12                                              0.000    20.000 r  i_sys_clk_p (IN)
                         net (fo=0)                   0.000    20.000    pll_inst/inst/clk_in1_p
    AD12                 IBUFDS (Prop_ibufds_I_O)     0.803    20.803 r  pll_inst/inst/clkin1_ibufgds/O
                         net (fo=1, routed)           1.001    21.804    pll_inst/inst/clk_in1_pll
    PLLE2_ADV_X1Y1       PLLE2_ADV (Prop_plle2_adv_CLKIN1_CLKOUT0)
                                                     -7.261    14.543 r  pll_inst/inst/plle2_adv_inst/CLKOUT0
                         net (fo=1, routed)           2.003    16.546    pll_inst/inst/clk_out1_pll
    BUFGCTRL_X0Y1        BUFG (Prop_bufg_I_O)         0.083    16.629 r  pll_inst/inst/clkout1_buf/O
                         net (fo=354, routed)         1.080    17.709    student_top_inst/bridge_inst/counter_inst/clk_out1
    SLICE_X52Y171        FDRE                                         r  student_top_inst/bridge_inst/counter_inst/cnt_1ms_reg[7]/C
                         clock pessimism             -0.335    17.375    
                         clock uncertainty           -0.086    17.288    
    SLICE_X52Y171        FDRE (Setup_fdre_C_R)       -0.281    17.007    student_top_inst/bridge_inst/counter_inst/cnt_1ms_reg[7]
  -------------------------------------------------------------------
                         required time                         17.007    
                         arrival time                          -0.171    
  -------------------------------------------------------------------
                         slack                                 16.836    





Min Delay Paths
--------------------------------------------------------------------------------------
Slack (MET) :             0.102ns  (arrival time - required time)
  Source:                 twin_controller_inst/sw_reg[50]/C
                            (rising edge-triggered cell FDCE clocked by clk_out1_pll  {rise@0.000ns fall@10.000ns period=20.000ns})
  Destination:            twin_controller_inst/status_buffer_reg[12][2]/D
                            (rising edge-triggered cell FDCE clocked by clk_out1_pll  {rise@0.000ns fall@10.000ns period=20.000ns})
  Path Group:             clk_out1_pll
  Path Type:              Hold (Min at Fast Process Corner)
  Requirement:            0.000ns  (clk_out1_pll rise@0.000ns - clk_out1_pll rise@0.000ns)
  Data Path Delay:        0.172ns  (logic 0.100ns (58.064%)  route 0.072ns (41.936%))
  Logic Levels:           0  
  Clock Path Skew:        0.011ns (DCD - SCD - CPR)
    Destination Clock Delay (DCD):    -0.675ns
    Source Clock Delay      (SCD):    -0.462ns
    Clock Pessimism Removal (CPR):    -0.225ns

    Location             Delay type                Incr(ns)  Path(ns)    Netlist Resource(s)
  -------------------------------------------------------------------    -------------------
                         (clock clk_out1_pll rise edge)
                                                      0.000     0.000 r  
    AD12                                              0.000     0.000 r  i_sys_clk_p (IN)
                         net (fo=0)                   0.000     0.000    pll_inst/inst/clk_in1_p
    AD12                 IBUFDS (Prop_ibufds_I_O)     0.388     0.388 r  pll_inst/inst/clkin1_ibufgds/O
                         net (fo=1, routed)           0.503     0.891    pll_inst/inst/clk_in1_pll
    PLLE2_ADV_X1Y1       PLLE2_ADV (Prop_plle2_adv_CLKIN1_CLKOUT0)
                                                     -2.908    -2.017 r  pll_inst/inst/plle2_adv_inst/CLKOUT0
                         net (fo=1, routed)           0.958    -1.059    pll_inst/inst/clk_out1_pll
    BUFGCTRL_X0Y1        BUFG (Prop_bufg_I_O)         0.026    -1.033 r  pll_inst/inst/clkout1_buf/O
                         net (fo=354, routed)         0.571    -0.462    twin_controller_inst/clk_out1
    SLICE_X43Y181        FDCE                                         r  twin_controller_inst/sw_reg[50]/C
  -------------------------------------------------------------------    -------------------
    SLICE_X43Y181        FDCE (Prop_fdce_C_Q)         0.100    -0.362 r  twin_controller_inst/sw_reg[50]/Q
                         net (fo=3, routed)           0.072    -0.289    twin_controller_inst/virtual_sw[50]
    SLICE_X42Y181        FDCE                                         r  twin_controller_inst/status_buffer_reg[12][2]/D
  -------------------------------------------------------------------    -------------------

                         (clock clk_out1_pll rise edge)
                                                      0.000     0.000 r  
    AD12                                              0.000     0.000 r  i_sys_clk_p (IN)
                         net (fo=0)                   0.000     0.000    pll_inst/inst/clk_in1_p
    AD12                 IBUFDS (Prop_ibufds_I_O)     0.470     0.470 r  pll_inst/inst/clkin1_ibufgds/O
                         net (fo=1, routed)           0.554     1.024    pll_inst/inst/clk_in1_pll
    PLLE2_ADV_X1Y1       PLLE2_ADV (Prop_plle2_adv_CLKIN1_CLKOUT0)
                                                     -3.524    -2.500 r  pll_inst/inst/plle2_adv_inst/CLKOUT0
                         net (fo=1, routed)           1.027    -1.473    pll_inst/inst/clk_out1_pll
    BUFGCTRL_X0Y1        BUFG (Prop_bufg_I_O)         0.030    -1.443 r  pll_inst/inst/clkout1_buf/O
                         net (fo=354, routed)         0.768    -0.675    twin_controller_inst/clk_out1
    SLICE_X42Y181        FDCE                                         r  twin_controller_inst/status_buffer_reg[12][2]/C
                         clock pessimism              0.225    -0.451    
    SLICE_X42Y181        FDCE (Hold_fdce_C_D)         0.059    -0.392    twin_controller_inst/status_buffer_reg[12][2]
  -------------------------------------------------------------------
                         required time                          0.392    
                         arrival time                          -0.289    
  -------------------------------------------------------------------
                         slack                                  0.102    

Slack (MET) :             0.103ns  (arrival time - required time)
  Source:                 twin_controller_inst/sw_reg[36]/C
                            (rising edge-triggered cell FDCE clocked by clk_out1_pll  {rise@0.000ns fall@10.000ns period=20.000ns})
  Destination:            twin_controller_inst/status_buffer_reg[10][4]/D
                            (rising edge-triggered cell FDCE clocked by clk_out1_pll  {rise@0.000ns fall@10.000ns period=20.000ns})
  Path Group:             clk_out1_pll
  Path Type:              Hold (Min at Fast Process Corner)
  Requirement:            0.000ns  (clk_out1_pll rise@0.000ns - clk_out1_pll rise@0.000ns)
  Data Path Delay:        0.173ns  (logic 0.100ns (57.728%)  route 0.073ns (42.272%))
  Logic Levels:           0  
  Clock Path Skew:        0.011ns (DCD - SCD - CPR)
    Destination Clock Delay (DCD):    -0.679ns
    Source Clock Delay      (SCD):    -0.466ns
    Clock Pessimism Removal (CPR):    -0.225ns

    Location             Delay type                Incr(ns)  Path(ns)    Netlist Resource(s)
  -------------------------------------------------------------------    -------------------
                         (clock clk_out1_pll rise edge)
                                                      0.000     0.000 r  
    AD12                                              0.000     0.000 r  i_sys_clk_p (IN)
                         net (fo=0)                   0.000     0.000    pll_inst/inst/clk_in1_p
    AD12                 IBUFDS (Prop_ibufds_I_O)     0.388     0.388 r  pll_inst/inst/clkin1_ibufgds/O
                         net (fo=1, routed)           0.503     0.891    pll_inst/inst/clk_in1_pll
    PLLE2_ADV_X1Y1       PLLE2_ADV (Prop_plle2_adv_CLKIN1_CLKOUT0)
                                                     -2.908    -2.017 r  pll_inst/inst/plle2_adv_inst/CLKOUT0
                         net (fo=1, routed)           0.958    -1.059    pll_inst/inst/clk_out1_pll
    BUFGCTRL_X0Y1        BUFG (Prop_bufg_I_O)         0.026    -1.033 r  pll_inst/inst/clkout1_buf/O
                         net (fo=354, routed)         0.567    -0.466    twin_controller_inst/clk_out1
    SLICE_X47Y179        FDCE                                         r  twin_controller_inst/sw_reg[36]/C
  -------------------------------------------------------------------    -------------------
    SLICE_X47Y179        FDCE (Prop_fdce_C_Q)         0.100    -0.366 r  twin_controller_inst/sw_reg[36]/Q
                         net (fo=3, routed)           0.073    -0.292    twin_controller_inst/virtual_sw[36]
    SLICE_X46Y179        FDCE                                         r  twin_controller_inst/status_buffer_reg[10][4]/D
  -------------------------------------------------------------------    -------------------

                         (clock clk_out1_pll rise edge)
                                                      0.000     0.000 r  
    AD12                                              0.000     0.000 r  i_sys_clk_p (IN)
                         net (fo=0)                   0.000     0.000    pll_inst/inst/clk_in1_p
    AD12                 IBUFDS (Prop_ibufds_I_O)     0.470     0.470 r  pll_inst/inst/clkin1_ibufgds/O
                         net (fo=1, routed)           0.554     1.024    pll_inst/inst/clk_in1_pll
    PLLE2_ADV_X1Y1       PLLE2_ADV (Prop_plle2_adv_CLKIN1_CLKOUT0)
                                                     -3.524    -2.500 r  pll_inst/inst/plle2_adv_inst/CLKOUT0
                         net (fo=1, routed)           1.027    -1.473    pll_inst/inst/clk_out1_pll
    BUFGCTRL_X0Y1        BUFG (Prop_bufg_I_O)         0.030    -1.443 r  pll_inst/inst/clkout1_buf/O
                         net (fo=354, routed)         0.764    -0.679    twin_controller_inst/clk_out1
    SLICE_X46Y179        FDCE                                         r  twin_controller_inst/status_buffer_reg[10][4]/C
                         clock pessimism              0.225    -0.455    
    SLICE_X46Y179        FDCE (Hold_fdce_C_D)         0.059    -0.396    twin_controller_inst/status_buffer_reg[10][4]
  -------------------------------------------------------------------
                         required time                          0.396    
                         arrival time                          -0.292    
  -------------------------------------------------------------------
                         slack                                  0.103    

Slack (MET) :             0.123ns  (arrival time - required time)
  Source:                 twin_controller_inst/tx_data_reg[1]/C
                            (rising edge-triggered cell FDCE clocked by clk_out1_pll  {rise@0.000ns fall@10.000ns period=20.000ns})
  Destination:            uart_inst/tx_shift_reg[2]/D
                            (rising edge-triggered cell FDPE clocked by clk_out1_pll  {rise@0.000ns fall@10.000ns period=20.000ns})
  Path Group:             clk_out1_pll
  Path Type:              Hold (Min at Fast Process Corner)
  Requirement:            0.000ns  (clk_out1_pll rise@0.000ns - clk_out1_pll rise@0.000ns)
  Data Path Delay:        0.209ns  (logic 0.130ns (62.278%)  route 0.079ns (37.722%))
  Logic Levels:           1  (LUT3=1)
  Clock Path Skew:        0.011ns (DCD - SCD - CPR)
    Destination Clock Delay (DCD):    -0.677ns
    Source Clock Delay      (SCD):    -0.465ns
    Clock Pessimism Removal (CPR):    -0.224ns

    Location             Delay type                Incr(ns)  Path(ns)    Netlist Resource(s)
  -------------------------------------------------------------------    -------------------
                         (clock clk_out1_pll rise edge)
                                                      0.000     0.000 r  
    AD12                                              0.000     0.000 r  i_sys_clk_p (IN)
                         net (fo=0)                   0.000     0.000    pll_inst/inst/clk_in1_p
    AD12                 IBUFDS (Prop_ibufds_I_O)     0.388     0.388 r  pll_inst/inst/clkin1_ibufgds/O
                         net (fo=1, routed)           0.503     0.891    pll_inst/inst/clk_in1_pll
    PLLE2_ADV_X1Y1       PLLE2_ADV (Prop_plle2_adv_CLKIN1_CLKOUT0)
                                                     -2.908    -2.017 r  pll_inst/inst/plle2_adv_inst/CLKOUT0
                         net (fo=1, routed)           0.958    -1.059    pll_inst/inst/clk_out1_pll
    BUFGCTRL_X0Y1        BUFG (Prop_bufg_I_O)         0.026    -1.033 r  pll_inst/inst/clkout1_buf/O
                         net (fo=354, routed)         0.568    -0.465    twin_controller_inst/clk_out1
    SLICE_X40Y177        FDCE                                         r  twin_controller_inst/tx_data_reg[1]/C
  -------------------------------------------------------------------    -------------------
    SLICE_X40Y177        FDCE (Prop_fdce_C_Q)         0.100    -0.365 r  twin_controller_inst/tx_data_reg[1]/Q
                         net (fo=1, routed)           0.079    -0.286    uart_inst/Q[1]
    SLICE_X41Y177        LUT3 (Prop_lut3_I2_O)        0.030    -0.256 r  uart_inst/tx_shift[2]_i_1/O
                         net (fo=1, routed)           0.000    -0.256    uart_inst/tx_shift0_in[2]
    SLICE_X41Y177        FDPE                                         r  uart_inst/tx_shift_reg[2]/D
  -------------------------------------------------------------------    -------------------

                         (clock clk_out1_pll rise edge)
                                                      0.000     0.000 r  
    AD12                                              0.000     0.000 r  i_sys_clk_p (IN)
                         net (fo=0)                   0.000     0.000    pll_inst/inst/clk_in1_p
    AD12                 IBUFDS (Prop_ibufds_I_O)     0.470     0.470 r  pll_inst/inst/clkin1_ibufgds/O
                         net (fo=1, routed)           0.554     1.024    pll_inst/inst/clk_in1_pll
    PLLE2_ADV_X1Y1       PLLE2_ADV (Prop_plle2_adv_CLKIN1_CLKOUT0)
                                                     -3.524    -2.500 r  pll_inst/inst/plle2_adv_inst/CLKOUT0
                         net (fo=1, routed)           1.027    -1.473    pll_inst/inst/clk_out1_pll
    BUFGCTRL_X0Y1        BUFG (Prop_bufg_I_O)         0.030    -1.443 r  pll_inst/inst/clkout1_buf/O
                         net (fo=354, routed)         0.766    -0.677    uart_inst/clk_out1
    SLICE_X41Y177        FDPE                                         r  uart_inst/tx_shift_reg[2]/C
                         clock pessimism              0.224    -0.454    
    SLICE_X41Y177        FDPE (Hold_fdpe_C_D)         0.075    -0.379    uart_inst/tx_shift_reg[2]
  -------------------------------------------------------------------
                         required time                          0.379    
                         arrival time                          -0.256    
  -------------------------------------------------------------------
                         slack                                  0.123    

Slack (MET) :             0.134ns  (arrival time - required time)
  Source:                 twin_controller_inst/sw_reg[51]/C
                            (rising edge-triggered cell FDCE clocked by clk_out1_pll  {rise@0.000ns fall@10.000ns period=20.000ns})
  Destination:            twin_controller_inst/status_buffer_reg[12][3]/D
                            (rising edge-triggered cell FDCE clocked by clk_out1_pll  {rise@0.000ns fall@10.000ns period=20.000ns})
  Path Group:             clk_out1_pll
  Path Type:              Hold (Min at Fast Process Corner)
  Requirement:            0.000ns  (clk_out1_pll rise@0.000ns - clk_out1_pll rise@0.000ns)
  Data Path Delay:        0.205ns  (logic 0.100ns (48.755%)  route 0.105ns (51.245%))
  Logic Levels:           0  
  Clock Path Skew:        0.012ns (DCD - SCD - CPR)
    Destination Clock Delay (DCD):    -0.679ns
    Source Clock Delay      (SCD):    -0.466ns
    Clock Pessimism Removal (CPR):    -0.226ns

    Location             Delay type                Incr(ns)  Path(ns)    Netlist Resource(s)
  -------------------------------------------------------------------    -------------------
                         (clock clk_out1_pll rise edge)
                                                      0.000     0.000 r  
    AD12                                              0.000     0.000 r  i_sys_clk_p (IN)
                         net (fo=0)                   0.000     0.000    pll_inst/inst/clk_in1_p
    AD12                 IBUFDS (Prop_ibufds_I_O)     0.388     0.388 r  pll_inst/inst/clkin1_ibufgds/O
                         net (fo=1, routed)           0.503     0.891    pll_inst/inst/clk_in1_pll
    PLLE2_ADV_X1Y1       PLLE2_ADV (Prop_plle2_adv_CLKIN1_CLKOUT0)
                                                     -2.908    -2.017 r  pll_inst/inst/plle2_adv_inst/CLKOUT0
                         net (fo=1, routed)           0.958    -1.059    pll_inst/inst/clk_out1_pll
    BUFGCTRL_X0Y1        BUFG (Prop_bufg_I_O)         0.026    -1.033 r  pll_inst/inst/clkout1_buf/O
                         net (fo=354, routed)         0.567    -0.466    twin_controller_inst/clk_out1
    SLICE_X49Y179        FDCE                                         r  twin_controller_inst/sw_reg[51]/C
  -------------------------------------------------------------------    -------------------
    SLICE_X49Y179        FDCE (Prop_fdce_C_Q)         0.100    -0.366 r  twin_controller_inst/sw_reg[51]/Q
                         net (fo=3, routed)           0.105    -0.260    twin_controller_inst/virtual_sw[51]
    SLICE_X46Y179        FDCE                                         r  twin_controller_inst/status_buffer_reg[12][3]/D
  -------------------------------------------------------------------    -------------------

                         (clock clk_out1_pll rise edge)
                                                      0.000     0.000 r  
    AD12                                              0.000     0.000 r  i_sys_clk_p (IN)
                         net (fo=0)                   0.000     0.000    pll_inst/inst/clk_in1_p
    AD12                 IBUFDS (Prop_ibufds_I_O)     0.470     0.470 r  pll_inst/inst/clkin1_ibufgds/O
                         net (fo=1, routed)           0.554     1.024    pll_inst/inst/clk_in1_pll
    PLLE2_ADV_X1Y1       PLLE2_ADV (Prop_plle2_adv_CLKIN1_CLKOUT0)
                                                     -3.524    -2.500 r  pll_inst/inst/plle2_adv_inst/CLKOUT0
                         net (fo=1, routed)           1.027    -1.473    pll_inst/inst/clk_out1_pll
    BUFGCTRL_X0Y1        BUFG (Prop_bufg_I_O)         0.030    -1.443 r  pll_inst/inst/clkout1_buf/O
                         net (fo=354, routed)         0.764    -0.679    twin_controller_inst/clk_out1
    SLICE_X46Y179        FDCE                                         r  twin_controller_inst/status_buffer_reg[12][3]/C
                         clock pessimism              0.226    -0.454    
    SLICE_X46Y179        FDCE (Hold_fdce_C_D)         0.059    -0.395    twin_controller_inst/status_buffer_reg[12][3]
  -------------------------------------------------------------------
                         required time                          0.395    
                         arrival time                          -0.260    
  -------------------------------------------------------------------
                         slack                                  0.134    

Slack (MET) :             0.140ns  (arrival time - required time)
  Source:                 uart_inst/FSM_sequential_tx_state_reg/C
                            (rising edge-triggered cell FDCE clocked by clk_out1_pll  {rise@0.000ns fall@10.000ns period=20.000ns})
  Destination:            uart_inst/tx_bit_cnt_reg[1]/D
                            (rising edge-triggered cell FDCE clocked by clk_out1_pll  {rise@0.000ns fall@10.000ns period=20.000ns})
  Path Group:             clk_out1_pll
  Path Type:              Hold (Min at Fast Process Corner)
  Requirement:            0.000ns  (clk_out1_pll rise@0.000ns - clk_out1_pll rise@0.000ns)
  Data Path Delay:        0.247ns  (logic 0.130ns (52.691%)  route 0.117ns (47.309%))
  Logic Levels:           1  (LUT3=1)
  Clock Path Skew:        0.011ns (DCD - SCD - CPR)
    Destination Clock Delay (DCD):    -0.675ns
    Source Clock Delay      (SCD):    -0.463ns
    Clock Pessimism Removal (CPR):    -0.224ns

    Location             Delay type                Incr(ns)  Path(ns)    Netlist Resource(s)
  -------------------------------------------------------------------    -------------------
                         (clock clk_out1_pll rise edge)
                                                      0.000     0.000 r  
    AD12                                              0.000     0.000 r  i_sys_clk_p (IN)
                         net (fo=0)                   0.000     0.000    pll_inst/inst/clk_in1_p
    AD12                 IBUFDS (Prop_ibufds_I_O)     0.388     0.388 r  pll_inst/inst/clkin1_ibufgds/O
                         net (fo=1, routed)           0.503     0.891    pll_inst/inst/clk_in1_pll
    PLLE2_ADV_X1Y1       PLLE2_ADV (Prop_plle2_adv_CLKIN1_CLKOUT0)
                                                     -2.908    -2.017 r  pll_inst/inst/plle2_adv_inst/CLKOUT0
                         net (fo=1, routed)           0.958    -1.059    pll_inst/inst/clk_out1_pll
    BUFGCTRL_X0Y1        BUFG (Prop_bufg_I_O)         0.026    -1.033 r  pll_inst/inst/clkout1_buf/O
                         net (fo=354, routed)         0.570    -0.463    uart_inst/clk_out1
    SLICE_X39Y170        FDCE                                         r  uart_inst/FSM_sequential_tx_state_reg/C
  -------------------------------------------------------------------    -------------------
    SLICE_X39Y170        FDCE (Prop_fdce_C_Q)         0.100    -0.363 r  uart_inst/FSM_sequential_tx_state_reg/Q
                         net (fo=21, routed)          0.117    -0.246    uart_inst/tx_state__0
    SLICE_X38Y170        LUT3 (Prop_lut3_I2_O)        0.030    -0.216 r  uart_inst/tx_bit_cnt[1]_i_1/O
                         net (fo=1, routed)           0.000    -0.216    uart_inst/tx_bit_cnt[1]_i_1_n_0
    SLICE_X38Y170        FDCE                                         r  uart_inst/tx_bit_cnt_reg[1]/D
  -------------------------------------------------------------------    -------------------

                         (clock clk_out1_pll rise edge)
                                                      0.000     0.000 r  
    AD12                                              0.000     0.000 r  i_sys_clk_p (IN)
                         net (fo=0)                   0.000     0.000    pll_inst/inst/clk_in1_p
    AD12                 IBUFDS (Prop_ibufds_I_O)     0.470     0.470 r  pll_inst/inst/clkin1_ibufgds/O
                         net (fo=1, routed)           0.554     1.024    pll_inst/inst/clk_in1_pll
    PLLE2_ADV_X1Y1       PLLE2_ADV (Prop_plle2_adv_CLKIN1_CLKOUT0)
                                                     -3.524    -2.500 r  pll_inst/inst/plle2_adv_inst/CLKOUT0
                         net (fo=1, routed)           1.027    -1.473    pll_inst/inst/clk_out1_pll
    BUFGCTRL_X0Y1        BUFG (Prop_bufg_I_O)         0.030    -1.443 r  pll_inst/inst/clkout1_buf/O
                         net (fo=354, routed)         0.768    -0.675    uart_inst/clk_out1
    SLICE_X38Y170        FDCE                                         r  uart_inst/tx_bit_cnt_reg[1]/C
                         clock pessimism              0.224    -0.452    
    SLICE_X38Y170        FDCE (Hold_fdce_C_D)         0.096    -0.356    uart_inst/tx_bit_cnt_reg[1]
  -------------------------------------------------------------------
                         required time                          0.356    
                         arrival time                          -0.216    
  -------------------------------------------------------------------
                         slack                                  0.140    

Slack (MET) :             0.143ns  (arrival time - required time)
  Source:                 twin_controller_inst/sw_reg[38]/C
                            (rising edge-triggered cell FDCE clocked by clk_out1_pll  {rise@0.000ns fall@10.000ns period=20.000ns})
  Destination:            twin_controller_inst/status_buffer_reg[10][6]/D
                            (rising edge-triggered cell FDCE clocked by clk_out1_pll  {rise@0.000ns fall@10.000ns period=20.000ns})
  Path Group:             clk_out1_pll
  Path Type:              Hold (Min at Fast Process Corner)
  Requirement:            0.000ns  (clk_out1_pll rise@0.000ns - clk_out1_pll rise@0.000ns)
  Data Path Delay:        0.215ns  (logic 0.100ns (46.430%)  route 0.115ns (53.570%))
  Logic Levels:           0  
  Clock Path Skew:        0.013ns (DCD - SCD - CPR)
    Destination Clock Delay (DCD):    -0.677ns
    Source Clock Delay      (SCD):    -0.465ns
    Clock Pessimism Removal (CPR):    -0.226ns

    Location             Delay type                Incr(ns)  Path(ns)    Netlist Resource(s)
  -------------------------------------------------------------------    -------------------
                         (clock clk_out1_pll rise edge)
                                                      0.000     0.000 r  
    AD12                                              0.000     0.000 r  i_sys_clk_p (IN)
                         net (fo=0)                   0.000     0.000    pll_inst/inst/clk_in1_p
    AD12                 IBUFDS (Prop_ibufds_I_O)     0.388     0.388 r  pll_inst/inst/clkin1_ibufgds/O
                         net (fo=1, routed)           0.503     0.891    pll_inst/inst/clk_in1_pll
    PLLE2_ADV_X1Y1       PLLE2_ADV (Prop_plle2_adv_CLKIN1_CLKOUT0)
                                                     -2.908    -2.017 r  pll_inst/inst/plle2_adv_inst/CLKOUT0
                         net (fo=1, routed)           0.958    -1.059    pll_inst/inst/clk_out1_pll
    BUFGCTRL_X0Y1        BUFG (Prop_bufg_I_O)         0.026    -1.033 r  pll_inst/inst/clkout1_buf/O
                         net (fo=354, routed)         0.568    -0.465    twin_controller_inst/clk_out1
    SLICE_X47Y180        FDCE                                         r  twin_controller_inst/sw_reg[38]/C
  -------------------------------------------------------------------    -------------------
    SLICE_X47Y180        FDCE (Prop_fdce_C_Q)         0.100    -0.365 r  twin_controller_inst/sw_reg[38]/Q
                         net (fo=3, routed)           0.115    -0.249    twin_controller_inst/virtual_sw[38]
    SLICE_X46Y181        FDCE                                         r  twin_controller_inst/status_buffer_reg[10][6]/D
  -------------------------------------------------------------------    -------------------

                         (clock clk_out1_pll rise edge)
                                                      0.000     0.000 r  
    AD12                                              0.000     0.000 r  i_sys_clk_p (IN)
                         net (fo=0)                   0.000     0.000    pll_inst/inst/clk_in1_p
    AD12                 IBUFDS (Prop_ibufds_I_O)     0.470     0.470 r  pll_inst/inst/clkin1_ibufgds/O
                         net (fo=1, routed)           0.554     1.024    pll_inst/inst/clk_in1_pll
    PLLE2_ADV_X1Y1       PLLE2_ADV (Prop_plle2_adv_CLKIN1_CLKOUT0)
                                                     -3.524    -2.500 r  pll_inst/inst/plle2_adv_inst/CLKOUT0
                         net (fo=1, routed)           1.027    -1.473    pll_inst/inst/clk_out1_pll
    BUFGCTRL_X0Y1        BUFG (Prop_bufg_I_O)         0.030    -1.443 r  pll_inst/inst/clkout1_buf/O
                         net (fo=354, routed)         0.766    -0.677    twin_controller_inst/clk_out1
    SLICE_X46Y181        FDCE                                         r  twin_controller_inst/status_buffer_reg[10][6]/C
                         clock pessimism              0.226    -0.452    
    SLICE_X46Y181        FDCE (Hold_fdce_C_D)         0.059    -0.393    twin_controller_inst/status_buffer_reg[10][6]
  -------------------------------------------------------------------
                         required time                          0.393    
                         arrival time                          -0.249    
  -------------------------------------------------------------------
                         slack                                  0.143    

Slack (MET) :             0.144ns  (arrival time - required time)
  Source:                 uart_inst/FSM_sequential_tx_state_reg/C
                            (rising edge-triggered cell FDCE clocked by clk_out1_pll  {rise@0.000ns fall@10.000ns period=20.000ns})
  Destination:            uart_inst/tx_bit_cnt_reg[3]/D
                            (rising edge-triggered cell FDCE clocked by clk_out1_pll  {rise@0.000ns fall@10.000ns period=20.000ns})
  Path Group:             clk_out1_pll
  Path Type:              Hold (Min at Fast Process Corner)
  Requirement:            0.000ns  (clk_out1_pll rise@0.000ns - clk_out1_pll rise@0.000ns)
  Data Path Delay:        0.251ns  (logic 0.132ns (52.648%)  route 0.119ns (47.352%))
  Logic Levels:           1  (LUT5=1)
  Clock Path Skew:        0.011ns (DCD - SCD - CPR)
    Destination Clock Delay (DCD):    -0.675ns
    Source Clock Delay      (SCD):    -0.463ns
    Clock Pessimism Removal (CPR):    -0.224ns

    Location             Delay type                Incr(ns)  Path(ns)    Netlist Resource(s)
  -------------------------------------------------------------------    -------------------
                         (clock clk_out1_pll rise edge)
                                                      0.000     0.000 r  
    AD12                                              0.000     0.000 r  i_sys_clk_p (IN)
                         net (fo=0)                   0.000     0.000    pll_inst/inst/clk_in1_p
    AD12                 IBUFDS (Prop_ibufds_I_O)     0.388     0.388 r  pll_inst/inst/clkin1_ibufgds/O
                         net (fo=1, routed)           0.503     0.891    pll_inst/inst/clk_in1_pll
    PLLE2_ADV_X1Y1       PLLE2_ADV (Prop_plle2_adv_CLKIN1_CLKOUT0)
                                                     -2.908    -2.017 r  pll_inst/inst/plle2_adv_inst/CLKOUT0
                         net (fo=1, routed)           0.958    -1.059    pll_inst/inst/clk_out1_pll
    BUFGCTRL_X0Y1        BUFG (Prop_bufg_I_O)         0.026    -1.033 r  pll_inst/inst/clkout1_buf/O
                         net (fo=354, routed)         0.570    -0.463    uart_inst/clk_out1
    SLICE_X39Y170        FDCE                                         r  uart_inst/FSM_sequential_tx_state_reg/C
  -------------------------------------------------------------------    -------------------
    SLICE_X39Y170        FDCE (Prop_fdce_C_Q)         0.100    -0.363 r  uart_inst/FSM_sequential_tx_state_reg/Q
                         net (fo=21, routed)          0.119    -0.244    uart_inst/tx_state__0
    SLICE_X38Y170        LUT5 (Prop_lut5_I0_O)        0.032    -0.212 r  uart_inst/tx_bit_cnt[3]_i_2/O
                         net (fo=1, routed)           0.000    -0.212    uart_inst/tx_bit_cnt[3]_i_2_n_0
    SLICE_X38Y170        FDCE                                         r  uart_inst/tx_bit_cnt_reg[3]/D
  -------------------------------------------------------------------    -------------------

                         (clock clk_out1_pll rise edge)
                                                      0.000     0.000 r  
    AD12                                              0.000     0.000 r  i_sys_clk_p (IN)
                         net (fo=0)                   0.000     0.000    pll_inst/inst/clk_in1_p
    AD12                 IBUFDS (Prop_ibufds_I_O)     0.470     0.470 r  pll_inst/inst/clkin1_ibufgds/O
                         net (fo=1, routed)           0.554     1.024    pll_inst/inst/clk_in1_pll
    PLLE2_ADV_X1Y1       PLLE2_ADV (Prop_plle2_adv_CLKIN1_CLKOUT0)
                                                     -3.524    -2.500 r  pll_inst/inst/plle2_adv_inst/CLKOUT0
                         net (fo=1, routed)           1.027    -1.473    pll_inst/inst/clk_out1_pll
    BUFGCTRL_X0Y1        BUFG (Prop_bufg_I_O)         0.030    -1.443 r  pll_inst/inst/clkout1_buf/O
                         net (fo=354, routed)         0.768    -0.675    uart_inst/clk_out1
    SLICE_X38Y170        FDCE                                         r  uart_inst/tx_bit_cnt_reg[3]/C
                         clock pessimism              0.224    -0.452    
    SLICE_X38Y170        FDCE (Hold_fdce_C_D)         0.096    -0.356    uart_inst/tx_bit_cnt_reg[3]
  -------------------------------------------------------------------
                         required time                          0.356    
                         arrival time                          -0.212    
  -------------------------------------------------------------------
                         slack                                  0.144    

Slack (MET) :             0.147ns  (arrival time - required time)
  Source:                 twin_controller_inst/sw_reg[54]/C
                            (rising edge-triggered cell FDCE clocked by clk_out1_pll  {rise@0.000ns fall@10.000ns period=20.000ns})
  Destination:            twin_controller_inst/status_buffer_reg[12][6]/D
                            (rising edge-triggered cell FDCE clocked by clk_out1_pll  {rise@0.000ns fall@10.000ns period=20.000ns})
  Path Group:             clk_out1_pll
  Path Type:              Hold (Min at Fast Process Corner)
  Requirement:            0.000ns  (clk_out1_pll rise@0.000ns - clk_out1_pll rise@0.000ns)
  Data Path Delay:        0.200ns  (logic 0.100ns (50.098%)  route 0.100ns (49.902%))
  Logic Levels:           0  
  Clock Path Skew:        0.013ns (DCD - SCD - CPR)
    Destination Clock Delay (DCD):    -0.676ns
    Source Clock Delay      (SCD):    -0.464ns
    Clock Pessimism Removal (CPR):    -0.226ns

    Location             Delay type                Incr(ns)  Path(ns)    Netlist Resource(s)
  -------------------------------------------------------------------    -------------------
                         (clock clk_out1_pll rise edge)
                                                      0.000     0.000 r  
    AD12                                              0.000     0.000 r  i_sys_clk_p (IN)
                         net (fo=0)                   0.000     0.000    pll_inst/inst/clk_in1_p
    AD12                 IBUFDS (Prop_ibufds_I_O)     0.388     0.388 r  pll_inst/inst/clkin1_ibufgds/O
                         net (fo=1, routed)           0.503     0.891    pll_inst/inst/clk_in1_pll
    PLLE2_ADV_X1Y1       PLLE2_ADV (Prop_plle2_adv_CLKIN1_CLKOUT0)
                                                     -2.908    -2.017 r  pll_inst/inst/plle2_adv_inst/CLKOUT0
                         net (fo=1, routed)           0.958    -1.059    pll_inst/inst/clk_out1_pll
    BUFGCTRL_X0Y1        BUFG (Prop_bufg_I_O)         0.026    -1.033 r  pll_inst/inst/clkout1_buf/O
                         net (fo=354, routed)         0.569    -0.464    twin_controller_inst/clk_out1
    SLICE_X49Y181        FDCE                                         r  twin_controller_inst/sw_reg[54]/C
  -------------------------------------------------------------------    -------------------
    SLICE_X49Y181        FDCE (Prop_fdce_C_Q)         0.100    -0.364 r  twin_controller_inst/sw_reg[54]/Q
                         net (fo=3, routed)           0.100    -0.264    twin_controller_inst/virtual_sw[54]
    SLICE_X47Y182        FDCE                                         r  twin_controller_inst/status_buffer_reg[12][6]/D
  -------------------------------------------------------------------    -------------------

                         (clock clk_out1_pll rise edge)
                                                      0.000     0.000 r  
    AD12                                              0.000     0.000 r  i_sys_clk_p (IN)
                         net (fo=0)                   0.000     0.000    pll_inst/inst/clk_in1_p
    AD12                 IBUFDS (Prop_ibufds_I_O)     0.470     0.470 r  pll_inst/inst/clkin1_ibufgds/O
                         net (fo=1, routed)           0.554     1.024    pll_inst/inst/clk_in1_pll
    PLLE2_ADV_X1Y1       PLLE2_ADV (Prop_plle2_adv_CLKIN1_CLKOUT0)
                                                     -3.524    -2.500 r  pll_inst/inst/plle2_adv_inst/CLKOUT0
                         net (fo=1, routed)           1.027    -1.473    pll_inst/inst/clk_out1_pll
    BUFGCTRL_X0Y1        BUFG (Prop_bufg_I_O)         0.030    -1.443 r  pll_inst/inst/clkout1_buf/O
                         net (fo=354, routed)         0.767    -0.676    twin_controller_inst/clk_out1
    SLICE_X47Y182        FDCE                                         r  twin_controller_inst/status_buffer_reg[12][6]/C
                         clock pessimism              0.226    -0.451    
    SLICE_X47Y182        FDCE (Hold_fdce_C_D)         0.040    -0.411    twin_controller_inst/status_buffer_reg[12][6]
  -------------------------------------------------------------------
                         required time                          0.411    
                         arrival time                          -0.264    
  -------------------------------------------------------------------
                         slack                                  0.147    

Slack (MET) :             0.147ns  (arrival time - required time)
  Source:                 uart_inst/FSM_sequential_tx_state_reg/C
                            (rising edge-triggered cell FDCE clocked by clk_out1_pll  {rise@0.000ns fall@10.000ns period=20.000ns})
  Destination:            uart_inst/tx_bit_cnt_reg[0]/D
                            (rising edge-triggered cell FDCE clocked by clk_out1_pll  {rise@0.000ns fall@10.000ns period=20.000ns})
  Path Group:             clk_out1_pll
  Path Type:              Hold (Min at Fast Process Corner)
  Requirement:            0.000ns  (clk_out1_pll rise@0.000ns - clk_out1_pll rise@0.000ns)
  Data Path Delay:        0.245ns  (logic 0.128ns (52.304%)  route 0.117ns (47.696%))
  Logic Levels:           1  (LUT2=1)
  Clock Path Skew:        0.011ns (DCD - SCD - CPR)
    Destination Clock Delay (DCD):    -0.675ns
    Source Clock Delay      (SCD):    -0.463ns
    Clock Pessimism Removal (CPR):    -0.224ns

    Location             Delay type                Incr(ns)  Path(ns)    Netlist Resource(s)
  -------------------------------------------------------------------    -------------------
                         (clock clk_out1_pll rise edge)
                                                      0.000     0.000 r  
    AD12                                              0.000     0.000 r  i_sys_clk_p (IN)
                         net (fo=0)                   0.000     0.000    pll_inst/inst/clk_in1_p
    AD12                 IBUFDS (Prop_ibufds_I_O)     0.388     0.388 r  pll_inst/inst/clkin1_ibufgds/O
                         net (fo=1, routed)           0.503     0.891    pll_inst/inst/clk_in1_pll
    PLLE2_ADV_X1Y1       PLLE2_ADV (Prop_plle2_adv_CLKIN1_CLKOUT0)
                                                     -2.908    -2.017 r  pll_inst/inst/plle2_adv_inst/CLKOUT0
                         net (fo=1, routed)           0.958    -1.059    pll_inst/inst/clk_out1_pll
    BUFGCTRL_X0Y1        BUFG (Prop_bufg_I_O)         0.026    -1.033 r  pll_inst/inst/clkout1_buf/O
                         net (fo=354, routed)         0.570    -0.463    uart_inst/clk_out1
    SLICE_X39Y170        FDCE                                         r  uart_inst/FSM_sequential_tx_state_reg/C
  -------------------------------------------------------------------    -------------------
    SLICE_X39Y170        FDCE (Prop_fdce_C_Q)         0.100    -0.363 r  uart_inst/FSM_sequential_tx_state_reg/Q
                         net (fo=21, routed)          0.117    -0.246    uart_inst/tx_state__0
    SLICE_X38Y170        LUT2 (Prop_lut2_I0_O)        0.028    -0.218 r  uart_inst/tx_bit_cnt[0]_i_1/O
                         net (fo=1, routed)           0.000    -0.218    uart_inst/tx_bit_cnt[0]_i_1_n_0
    SLICE_X38Y170        FDCE                                         r  uart_inst/tx_bit_cnt_reg[0]/D
  -------------------------------------------------------------------    -------------------

                         (clock clk_out1_pll rise edge)
                                                      0.000     0.000 r  
    AD12                                              0.000     0.000 r  i_sys_clk_p (IN)
                         net (fo=0)                   0.000     0.000    pll_inst/inst/clk_in1_p
    AD12                 IBUFDS (Prop_ibufds_I_O)     0.470     0.470 r  pll_inst/inst/clkin1_ibufgds/O
                         net (fo=1, routed)           0.554     1.024    pll_inst/inst/clk_in1_pll
    PLLE2_ADV_X1Y1       PLLE2_ADV (Prop_plle2_adv_CLKIN1_CLKOUT0)
                                                     -3.524    -2.500 r  pll_inst/inst/plle2_adv_inst/CLKOUT0
                         net (fo=1, routed)           1.027    -1.473    pll_inst/inst/clk_out1_pll
    BUFGCTRL_X0Y1        BUFG (Prop_bufg_I_O)         0.030    -1.443 r  pll_inst/inst/clkout1_buf/O
                         net (fo=354, routed)         0.768    -0.675    uart_inst/clk_out1
    SLICE_X38Y170        FDCE                                         r  uart_inst/tx_bit_cnt_reg[0]/C
                         clock pessimism              0.224    -0.452    
    SLICE_X38Y170        FDCE (Hold_fdce_C_D)         0.087    -0.365    uart_inst/tx_bit_cnt_reg[0]
  -------------------------------------------------------------------
                         required time                          0.365    
                         arrival time                          -0.218    
  -------------------------------------------------------------------
                         slack                                  0.147    

Slack (MET) :             0.147ns  (arrival time - required time)
  Source:                 twin_controller_inst/sw_reg[7]/C
                            (rising edge-triggered cell FDCE clocked by clk_out1_pll  {rise@0.000ns fall@10.000ns period=20.000ns})
  Destination:            twin_controller_inst/status_buffer_reg[6][7]/D
                            (rising edge-triggered cell FDCE clocked by clk_out1_pll  {rise@0.000ns fall@10.000ns period=20.000ns})
  Path Group:             clk_out1_pll
  Path Type:              Hold (Min at Fast Process Corner)
  Requirement:            0.000ns  (clk_out1_pll rise@0.000ns - clk_out1_pll rise@0.000ns)
  Data Path Delay:        0.221ns  (logic 0.100ns (45.269%)  route 0.121ns (54.731%))
  Logic Levels:           0  
  Clock Path Skew:        0.031ns (DCD - SCD - CPR)
    Destination Clock Delay (DCD):    -0.676ns
    Source Clock Delay      (SCD):    -0.465ns
    Clock Pessimism Removal (CPR):    -0.243ns

    Location             Delay type                Incr(ns)  Path(ns)    Netlist Resource(s)
  -------------------------------------------------------------------    -------------------
                         (clock clk_out1_pll rise edge)
                                                      0.000     0.000 r  
    AD12                                              0.000     0.000 r  i_sys_clk_p (IN)
                         net (fo=0)                   0.000     0.000    pll_inst/inst/clk_in1_p
    AD12                 IBUFDS (Prop_ibufds_I_O)     0.388     0.388 r  pll_inst/inst/clkin1_ibufgds/O
                         net (fo=1, routed)           0.503     0.891    pll_inst/inst/clk_in1_pll
    PLLE2_ADV_X1Y1       PLLE2_ADV (Prop_plle2_adv_CLKIN1_CLKOUT0)
                                                     -2.908    -2.017 r  pll_inst/inst/plle2_adv_inst/CLKOUT0
                         net (fo=1, routed)           0.958    -1.059    pll_inst/inst/clk_out1_pll
    BUFGCTRL_X0Y1        BUFG (Prop_bufg_I_O)         0.026    -1.033 r  pll_inst/inst/clkout1_buf/O
                         net (fo=354, routed)         0.568    -0.465    twin_controller_inst/clk_out1
    SLICE_X47Y180        FDCE                                         r  twin_controller_inst/sw_reg[7]/C
  -------------------------------------------------------------------    -------------------
    SLICE_X47Y180        FDCE (Prop_fdce_C_Q)         0.100    -0.365 r  twin_controller_inst/sw_reg[7]/Q
                         net (fo=3, routed)           0.121    -0.244    twin_controller_inst/virtual_sw[7]
    SLICE_X45Y180        FDCE                                         r  twin_controller_inst/status_buffer_reg[6][7]/D
  -------------------------------------------------------------------    -------------------

                         (clock clk_out1_pll rise edge)
                                                      0.000     0.000 r  
    AD12                                              0.000     0.000 r  i_sys_clk_p (IN)
                         net (fo=0)                   0.000     0.000    pll_inst/inst/clk_in1_p
    AD12                 IBUFDS (Prop_ibufds_I_O)     0.470     0.470 r  pll_inst/inst/clkin1_ibufgds/O
                         net (fo=1, routed)           0.554     1.024    pll_inst/inst/clk_in1_pll
    PLLE2_ADV_X1Y1       PLLE2_ADV (Prop_plle2_adv_CLKIN1_CLKOUT0)
                                                     -3.524    -2.500 r  pll_inst/inst/plle2_adv_inst/CLKOUT0
                         net (fo=1, routed)           1.027    -1.473    pll_inst/inst/clk_out1_pll
    BUFGCTRL_X0Y1        BUFG (Prop_bufg_I_O)         0.030    -1.443 r  pll_inst/inst/clkout1_buf/O
                         net (fo=354, routed)         0.767    -0.676    twin_controller_inst/clk_out1
    SLICE_X45Y180        FDCE                                         r  twin_controller_inst/status_buffer_reg[6][7]/C
                         clock pessimism              0.243    -0.434    
    SLICE_X45Y180        FDCE (Hold_fdce_C_D)         0.043    -0.391    twin_controller_inst/status_buffer_reg[6][7]
  -------------------------------------------------------------------
                         required time                          0.391    
                         arrival time                          -0.244    
  -------------------------------------------------------------------
                         slack                                  0.147    





Pulse Width Checks
--------------------------------------------------------------------------------------
Clock Name:         clk_out1_pll
Waveform(ns):       { 0.000 10.000 }
Period(ns):         20.000
Sources:            { pll_inst/inst/plle2_adv_inst/CLKOUT0 }

Check Type        Corner  Lib Pin            Reference Pin  Required(ns)  Actual(ns)  Slack(ns)  Location        Pin
Min Period        n/a     BUFG/I             n/a            1.408         20.000      18.591     BUFGCTRL_X0Y1   pll_inst/inst/clkout1_buf/I
Min Period        n/a     PLLE2_ADV/CLKOUT0  n/a            1.071         20.000      18.929     PLLE2_ADV_X1Y1  pll_inst/inst/plle2_adv_inst/CLKOUT0
Min Period        n/a     FDCE/C             n/a            0.750         20.000      19.250     SLICE_X44Y177   twin_controller_inst/send_cnt_reg[1]/C
Min Period        n/a     FDCE/C             n/a            0.750         20.000      19.250     SLICE_X44Y177   twin_controller_inst/send_cnt_reg[3]/C
Min Period        n/a     FDCE/C             n/a            0.750         20.000      19.250     SLICE_X41Y182   twin_controller_inst/status_buffer_reg[15][2]/C
Min Period        n/a     FDCE/C             n/a            0.750         20.000      19.250     SLICE_X38Y179   twin_controller_inst/status_buffer_reg[15][5]/C
Min Period        n/a     FDCE/C             n/a            0.750         20.000      19.250     SLICE_X44Y180   twin_controller_inst/status_buffer_reg[15][7]/C
Min Period        n/a     FDCE/C             n/a            0.750         20.000      19.250     SLICE_X46Y177   twin_controller_inst/status_buffer_reg[17][4]/C
Min Period        n/a     FDCE/C             n/a            0.750         20.000      19.250     SLICE_X46Y177   twin_controller_inst/status_buffer_reg[17][7]/C
Min Period        n/a     FDCE/C             n/a            0.750         20.000      19.250     SLICE_X39Y177   twin_controller_inst/status_buffer_reg[1][1]/C
Max Period        n/a     PLLE2_ADV/CLKOUT0  n/a            160.000       20.000      140.000    PLLE2_ADV_X1Y1  pll_inst/inst/plle2_adv_inst/CLKOUT0
Low Pulse Width   Slow    FDCE/C             n/a            0.400         10.000      9.600      SLICE_X44Y177   twin_controller_inst/send_cnt_reg[1]/C
Low Pulse Width   Fast    FDCE/C             n/a            0.400         10.000      9.600      SLICE_X44Y177   twin_controller_inst/send_cnt_reg[1]/C
Low Pulse Width   Slow    FDCE/C             n/a            0.400         10.000      9.600      SLICE_X44Y177   twin_controller_inst/send_cnt_reg[3]/C
Low Pulse Width   Fast    FDCE/C             n/a            0.400         10.000      9.600      SLICE_X44Y177   twin_controller_inst/send_cnt_reg[3]/C
Low Pulse Width   Slow    FDCE/C             n/a            0.400         10.000      9.600      SLICE_X41Y182   twin_controller_inst/status_buffer_reg[15][2]/C
Low Pulse Width   Fast    FDCE/C             n/a            0.400         10.000      9.600      SLICE_X41Y182   twin_controller_inst/status_buffer_reg[15][2]/C
Low Pulse Width   Slow    FDCE/C             n/a            0.400         10.000      9.600      SLICE_X38Y179   twin_controller_inst/status_buffer_reg[15][5]/C
Low Pulse Width   Fast    FDCE/C             n/a            0.400         10.000      9.600      SLICE_X38Y179   twin_controller_inst/status_buffer_reg[15][5]/C
Low Pulse Width   Slow    FDCE/C             n/a            0.400         10.000      9.600      SLICE_X44Y180   twin_controller_inst/status_buffer_reg[15][7]/C
Low Pulse Width   Fast    FDCE/C             n/a            0.400         10.000      9.600      SLICE_X44Y180   twin_controller_inst/status_buffer_reg[15][7]/C
High Pulse Width  Slow    FDRE/C             n/a            0.350         10.000      9.650      SLICE_X52Y170   student_top_inst/bridge_inst/counter_inst/cnt_1ms_reg[0]/C
High Pulse Width  Fast    FDRE/C             n/a            0.350         10.000      9.650      SLICE_X52Y170   student_top_inst/bridge_inst/counter_inst/cnt_1ms_reg[0]/C
High Pulse Width  Slow    FDRE/C             n/a            0.350         10.000      9.650      SLICE_X52Y172   student_top_inst/bridge_inst/counter_inst/cnt_1ms_reg[10]/C
High Pulse Width  Fast    FDRE/C             n/a            0.350         10.000      9.650      SLICE_X52Y172   student_top_inst/bridge_inst/counter_inst/cnt_1ms_reg[10]/C
High Pulse Width  Slow    FDRE/C             n/a            0.350         10.000      9.650      SLICE_X52Y172   student_top_inst/bridge_inst/counter_inst/cnt_1ms_reg[11]/C
High Pulse Width  Fast    FDRE/C             n/a            0.350         10.000      9.650      SLICE_X52Y172   student_top_inst/bridge_inst/counter_inst/cnt_1ms_reg[11]/C
High Pulse Width  Slow    FDRE/C             n/a            0.350         10.000      9.650      SLICE_X52Y173   student_top_inst/bridge_inst/counter_inst/cnt_1ms_reg[12]/C
High Pulse Width  Fast    FDRE/C             n/a            0.350         10.000      9.650      SLICE_X52Y173   student_top_inst/bridge_inst/counter_inst/cnt_1ms_reg[12]/C
High Pulse Width  Slow    FDRE/C             n/a            0.350         10.000      9.650      SLICE_X52Y173   student_top_inst/bridge_inst/counter_inst/cnt_1ms_reg[13]/C
High Pulse Width  Fast    FDRE/C             n/a            0.350         10.000      9.650      SLICE_X52Y173   student_top_inst/bridge_inst/counter_inst/cnt_1ms_reg[13]/C



---------------------------------------------------------------------------------------------------
From Clock:  clk_out2_pll
  To Clock:  clk_out2_pll

Setup :            0  Failing Endpoints,  Worst Slack        0.513ns,  Total Violation        0.000ns
Hold  :            0  Failing Endpoints,  Worst Slack        0.106ns,  Total Violation        0.000ns
PW    :            0  Failing Endpoints,  Worst Slack        2.933ns,  Total Violation        0.000ns
---------------------------------------------------------------------------------------------------


Max Delay Paths
--------------------------------------------------------------------------------------
Slack (MET) :             0.513ns  (required time - arrival time)
  Source:                 student_top_inst/Core_cpu/if_stage/if_instr_reg[23]_rep/C
                            (rising edge-triggered cell FDCE clocked by clk_out2_pll  {rise@0.000ns fall@3.333ns period=6.667ns})
  Destination:            student_top_inst/Core_cpu/if_stage/pc_inst/reg_pc_reg[30]/D
                            (rising edge-triggered cell FDCE clocked by clk_out2_pll  {rise@0.000ns fall@3.333ns period=6.667ns})
  Path Group:             clk_out2_pll
  Path Type:              Setup (Max at Slow Process Corner)
  Requirement:            6.667ns  (clk_out2_pll rise@6.667ns - clk_out2_pll rise@0.000ns)
  Data Path Delay:        6.088ns  (logic 1.888ns (31.014%)  route 4.200ns (68.986%))
  Logic Levels:           22  (CARRY4=12 LUT4=1 LUT5=1 LUT6=6 MUXF7=1 MUXF8=1)
  Clock Path Skew:        -0.043ns (DCD - SCD + CPR)
    Destination Clock Delay (DCD):    -2.289ns = ( 4.378 - 6.667 ) 
    Source Clock Delay      (SCD):    -2.622ns
    Clock Pessimism Removal (CPR):    -0.377ns
  Clock Uncertainty:      0.072ns  ((TSJ^2 + DJ^2)^1/2) / 2 + PE
    Total System Jitter     (TSJ):    0.071ns
    Discrete Jitter          (DJ):    0.126ns
    Phase Error              (PE):    0.000ns

    Location             Delay type                Incr(ns)  Path(ns)    Netlist Resource(s)
  -------------------------------------------------------------------    -------------------
                         (clock clk_out2_pll rise edge)
                                                      0.000     0.000 r  
    AD12                                              0.000     0.000 r  i_sys_clk_p (IN)
                         net (fo=0)                   0.000     0.000    pll_inst/inst/clk_in1_p
    AD12                 IBUFDS (Prop_ibufds_I_O)     0.906     0.906 r  pll_inst/inst/clkin1_ibufgds/O
                         net (fo=1, routed)           1.098     2.004    pll_inst/inst/clk_in1_pll
    PLLE2_ADV_X1Y1       PLLE2_ADV (Prop_plle2_adv_CLKIN1_CLKOUT1)
                                                     -8.058    -6.054 r  pll_inst/inst/plle2_adv_inst/CLKOUT1
                         net (fo=1, routed)           2.128    -3.926    pll_inst/inst/clk_out2_pll
    BUFGCTRL_X0Y0        BUFG (Prop_bufg_I_O)         0.093    -3.833 r  pll_inst/inst/clkout2_buf/O
                         net (fo=2038, routed)        1.211    -2.622    student_top_inst/Core_cpu/if_stage/clk_out2
    SLICE_X72Y183        FDCE                                         r  student_top_inst/Core_cpu/if_stage/if_instr_reg[23]_rep/C
  -------------------------------------------------------------------    -------------------
    SLICE_X72Y183        FDCE (Prop_fdce_C_Q)         0.223    -2.399 r  student_top_inst/Core_cpu/if_stage/if_instr_reg[23]_rep/Q
                         net (fo=85, routed)          0.893    -1.506    student_top_inst/Core_cpu/rf/ex_reg_reg[69]_i_5_0
    SLICE_X80Y175        LUT6 (Prop_lut6_I2_O)        0.043    -1.463 r  student_top_inst/Core_cpu/rf/ex_reg[64]_i_11/O
                         net (fo=1, routed)           0.000    -1.463    student_top_inst/Core_cpu/rf/ex_reg[64]_i_11_n_0
    SLICE_X80Y175        MUXF7 (Prop_muxf7_I0_O)      0.107    -1.356 r  student_top_inst/Core_cpu/rf/ex_reg_reg[64]_i_6/O
                         net (fo=1, routed)           0.000    -1.356    student_top_inst/Core_cpu/rf/ex_reg_reg[64]_i_6_n_0
    SLICE_X80Y175        MUXF8 (Prop_muxf8_I1_O)      0.043    -1.313 r  student_top_inst/Core_cpu/rf/ex_reg_reg[64]_i_3/O
                         net (fo=1, routed)           0.683    -0.631    student_top_inst/Core_cpu/mem_stage/ex_reg_reg[64]
    SLICE_X68Y169        LUT5 (Prop_lut5_I2_O)        0.126    -0.505 r  student_top_inst/Core_cpu/mem_stage/ex_reg[64]_i_2/O
                         net (fo=1, routed)           0.381    -0.124    student_top_inst/Core_cpu/ex_stage/ex_reg_reg[64]_0
    SLICE_X65Y169        LUT6 (Prop_lut6_I5_O)        0.043    -0.081 r  student_top_inst/Core_cpu/ex_stage/ex_reg[64]_i_1/O
                         net (fo=9, routed)           0.583     0.502    student_top_inst/Core_cpu/ex_stage/id_to_ex_bus[64]
    SLICE_X61Y167        LUT4 (Prop_lut4_I1_O)        0.043     0.545 r  student_top_inst/Core_cpu/ex_stage/i__carry_i_6__0/O
                         net (fo=1, routed)           0.000     0.545    student_top_inst/Core_cpu/id_stage/isTrue0_inferred__3/i__carry__0_1[2]
    SLICE_X61Y167        CARRY4 (Prop_carry4_S[2]_CO[3])
                                                      0.195     0.740 r  student_top_inst/Core_cpu/id_stage/isTrue0_inferred__3/i__carry/CO[3]
                         net (fo=1, routed)           0.000     0.740    student_top_inst/Core_cpu/id_stage/isTrue0_inferred__3/i__carry_n_0
    SLICE_X61Y168        CARRY4 (Prop_carry4_CI_CO[3])
                                                      0.053     0.793 r  student_top_inst/Core_cpu/id_stage/isTrue0_inferred__3/i__carry__0/CO[3]
                         net (fo=1, routed)           0.000     0.793    student_top_inst/Core_cpu/id_stage/isTrue0_inferred__3/i__carry__0_n_0
    SLICE_X61Y169        CARRY4 (Prop_carry4_CI_CO[3])
                                                      0.053     0.846 r  student_top_inst/Core_cpu/id_stage/isTrue0_inferred__3/i__carry__1/CO[3]
                         net (fo=1, routed)           0.000     0.846    student_top_inst/Core_cpu/id_stage/isTrue0_inferred__3/i__carry__1_n_0
    SLICE_X61Y170        CARRY4 (Prop_carry4_CI_CO[3])
                                                      0.053     0.899 r  student_top_inst/Core_cpu/id_stage/isTrue0_inferred__3/i__carry__2/CO[3]
                         net (fo=1, routed)           0.560     1.459    student_top_inst/Core_cpu/if_stage/pc_inst/reg_pc[0]_i_4_2[0]
    SLICE_X61Y174        LUT6 (Prop_lut6_I5_O)        0.043     1.502 r  student_top_inst/Core_cpu/if_stage/pc_inst/reg_pc[0]_i_5/O
                         net (fo=1, routed)           0.285     1.787    student_top_inst/Core_cpu/if_stage/pc_inst/reg_pc[0]_i_5_n_0
    SLICE_X59Y175        LUT6 (Prop_lut6_I0_O)        0.043     1.830 r  student_top_inst/Core_cpu/if_stage/pc_inst/reg_pc[0]_i_4/O
                         net (fo=33, routed)          0.297     2.127    student_top_inst/Core_cpu/if_stage/pc_inst/id_stage/isTrue__8
    SLICE_X59Y174        LUT6 (Prop_lut6_I2_O)        0.043     2.170 r  student_top_inst/Core_cpu/if_stage/pc_inst/reg_pc[1]_i_7/O
                         net (fo=2, routed)           0.322     2.491    student_top_inst/Core_cpu/if_stage/pc_inst/reg_pc[1]_i_7_n_0
    SLICE_X61Y174        LUT6 (Prop_lut6_I3_O)        0.043     2.534 r  student_top_inst/Core_cpu/if_stage/pc_inst/reg_pc[1]_i_2/O
                         net (fo=1, routed)           0.190     2.724    student_top_inst/Core_cpu/if_stage/pc_inst/reg_pc[1]_i_2_n_0
    SLICE_X60Y173        CARRY4 (Prop_carry4_DI[1]_CO[3])
                                                      0.250     2.974 r  student_top_inst/Core_cpu/if_stage/pc_inst/reg_pc_reg[1]_i_1/CO[3]
                         net (fo=1, routed)           0.000     2.974    student_top_inst/Core_cpu/if_stage/pc_inst/reg_pc_reg[1]_i_1_n_0
    SLICE_X60Y174        CARRY4 (Prop_carry4_CI_CO[3])
                                                      0.053     3.027 r  student_top_inst/Core_cpu/if_stage/pc_inst/reg_pc_reg[5]_i_1/CO[3]
                         net (fo=1, routed)           0.007     3.034    student_top_inst/Core_cpu/if_stage/pc_inst/reg_pc_reg[5]_i_1_n_0
    SLICE_X60Y175        CARRY4 (Prop_carry4_CI_CO[3])
                                                      0.053     3.087 r  student_top_inst/Core_cpu/if_stage/pc_inst/reg_pc_reg[9]_i_1/CO[3]
                         net (fo=1, routed)           0.000     3.087    student_top_inst/Core_cpu/if_stage/pc_inst/reg_pc_reg[9]_i_1_n_0
    SLICE_X60Y176        CARRY4 (Prop_carry4_CI_CO[3])
                                                      0.053     3.140 r  student_top_inst/Core_cpu/if_stage/pc_inst/reg_pc_reg[13]_i_1/CO[3]
                         net (fo=1, routed)           0.000     3.140    student_top_inst/Core_cpu/if_stage/pc_inst/reg_pc_reg[13]_i_1_n_0
    SLICE_X60Y177        CARRY4 (Prop_carry4_CI_CO[3])
                                                      0.053     3.193 r  student_top_inst/Core_cpu/if_stage/pc_inst/reg_pc_reg[17]_i_1/CO[3]
                         net (fo=1, routed)           0.000     3.193    student_top_inst/Core_cpu/if_stage/pc_inst/reg_pc_reg[17]_i_1_n_0
    SLICE_X60Y178        CARRY4 (Prop_carry4_CI_CO[3])
                                                      0.053     3.246 r  student_top_inst/Core_cpu/if_stage/pc_inst/reg_pc_reg[21]_i_1/CO[3]
                         net (fo=1, routed)           0.000     3.246    student_top_inst/Core_cpu/if_stage/pc_inst/reg_pc_reg[21]_i_1_n_0
    SLICE_X60Y179        CARRY4 (Prop_carry4_CI_CO[3])
                                                      0.053     3.299 r  student_top_inst/Core_cpu/if_stage/pc_inst/reg_pc_reg[25]_i_1/CO[3]
                         net (fo=1, routed)           0.000     3.299    student_top_inst/Core_cpu/if_stage/pc_inst/reg_pc_reg[25]_i_1_n_0
    SLICE_X60Y180        CARRY4 (Prop_carry4_CI_O[1])
                                                      0.166     3.465 r  student_top_inst/Core_cpu/if_stage/pc_inst/reg_pc_reg[29]_i_1/O[1]
                         net (fo=1, routed)           0.000     3.465    student_top_inst/Core_cpu/if_stage/pc_inst/reg_pc_reg[29]_i_1_n_6
    SLICE_X60Y180        FDCE                                         r  student_top_inst/Core_cpu/if_stage/pc_inst/reg_pc_reg[30]/D
  -------------------------------------------------------------------    -------------------

                         (clock clk_out2_pll rise edge)
                                                      6.667     6.667 r  
    AD12                                              0.000     6.667 r  i_sys_clk_p (IN)
                         net (fo=0)                   0.000     6.667    pll_inst/inst/clk_in1_p
    AD12                 IBUFDS (Prop_ibufds_I_O)     0.803     7.470 r  pll_inst/inst/clkin1_ibufgds/O
                         net (fo=1, routed)           1.001     8.471    pll_inst/inst/clk_in1_pll
    PLLE2_ADV_X1Y1       PLLE2_ADV (Prop_plle2_adv_CLKIN1_CLKOUT1)
                                                     -7.261     1.210 r  pll_inst/inst/plle2_adv_inst/CLKOUT1
                         net (fo=1, routed)           2.003     3.213    pll_inst/inst/clk_out2_pll
    BUFGCTRL_X0Y0        BUFG (Prop_bufg_I_O)         0.083     3.296 r  pll_inst/inst/clkout2_buf/O
                         net (fo=2038, routed)        1.082     4.378    student_top_inst/Core_cpu/if_stage/pc_inst/clk_out2
    SLICE_X60Y180        FDCE                                         r  student_top_inst/Core_cpu/if_stage/pc_inst/reg_pc_reg[30]/C
                         clock pessimism             -0.377     4.001    
                         clock uncertainty           -0.072     3.929    
    SLICE_X60Y180        FDCE (Setup_fdce_C_D)        0.049     3.978    student_top_inst/Core_cpu/if_stage/pc_inst/reg_pc_reg[30]
  -------------------------------------------------------------------
                         required time                          3.978    
                         arrival time                          -3.465    
  -------------------------------------------------------------------
                         slack                                  0.513    

Slack (MET) :             0.565ns  (required time - arrival time)
  Source:                 student_top_inst/Core_cpu/if_stage/if_instr_reg[23]_rep/C
                            (rising edge-triggered cell FDCE clocked by clk_out2_pll  {rise@0.000ns fall@3.333ns period=6.667ns})
  Destination:            student_top_inst/Core_cpu/if_stage/pc_inst/reg_pc_reg[26]/D
                            (rising edge-triggered cell FDCE clocked by clk_out2_pll  {rise@0.000ns fall@3.333ns period=6.667ns})
  Path Group:             clk_out2_pll
  Path Type:              Setup (Max at Slow Process Corner)
  Requirement:            6.667ns  (clk_out2_pll rise@6.667ns - clk_out2_pll rise@0.000ns)
  Data Path Delay:        6.035ns  (logic 1.835ns (30.408%)  route 4.200ns (69.592%))
  Logic Levels:           21  (CARRY4=11 LUT4=1 LUT5=1 LUT6=6 MUXF7=1 MUXF8=1)
  Clock Path Skew:        -0.044ns (DCD - SCD + CPR)
    Destination Clock Delay (DCD):    -2.290ns = ( 4.377 - 6.667 ) 
    Source Clock Delay      (SCD):    -2.622ns
    Clock Pessimism Removal (CPR):    -0.377ns
  Clock Uncertainty:      0.072ns  ((TSJ^2 + DJ^2)^1/2) / 2 + PE
    Total System Jitter     (TSJ):    0.071ns
    Discrete Jitter          (DJ):    0.126ns
    Phase Error              (PE):    0.000ns

    Location             Delay type                Incr(ns)  Path(ns)    Netlist Resource(s)
  -------------------------------------------------------------------    -------------------
                         (clock clk_out2_pll rise edge)
                                                      0.000     0.000 r  
    AD12                                              0.000     0.000 r  i_sys_clk_p (IN)
                         net (fo=0)                   0.000     0.000    pll_inst/inst/clk_in1_p
    AD12                 IBUFDS (Prop_ibufds_I_O)     0.906     0.906 r  pll_inst/inst/clkin1_ibufgds/O
                         net (fo=1, routed)           1.098     2.004    pll_inst/inst/clk_in1_pll
    PLLE2_ADV_X1Y1       PLLE2_ADV (Prop_plle2_adv_CLKIN1_CLKOUT1)
                                                     -8.058    -6.054 r  pll_inst/inst/plle2_adv_inst/CLKOUT1
                         net (fo=1, routed)           2.128    -3.926    pll_inst/inst/clk_out2_pll
    BUFGCTRL_X0Y0        BUFG (Prop_bufg_I_O)         0.093    -3.833 r  pll_inst/inst/clkout2_buf/O
                         net (fo=2038, routed)        1.211    -2.622    student_top_inst/Core_cpu/if_stage/clk_out2
    SLICE_X72Y183        FDCE                                         r  student_top_inst/Core_cpu/if_stage/if_instr_reg[23]_rep/C
  -------------------------------------------------------------------    -------------------
    SLICE_X72Y183        FDCE (Prop_fdce_C_Q)         0.223    -2.399 r  student_top_inst/Core_cpu/if_stage/if_instr_reg[23]_rep/Q
                         net (fo=85, routed)          0.893    -1.506    student_top_inst/Core_cpu/rf/ex_reg_reg[69]_i_5_0
    SLICE_X80Y175        LUT6 (Prop_lut6_I2_O)        0.043    -1.463 r  student_top_inst/Core_cpu/rf/ex_reg[64]_i_11/O
                         net (fo=1, routed)           0.000    -1.463    student_top_inst/Core_cpu/rf/ex_reg[64]_i_11_n_0
    SLICE_X80Y175        MUXF7 (Prop_muxf7_I0_O)      0.107    -1.356 r  student_top_inst/Core_cpu/rf/ex_reg_reg[64]_i_6/O
                         net (fo=1, routed)           0.000    -1.356    student_top_inst/Core_cpu/rf/ex_reg_reg[64]_i_6_n_0
    SLICE_X80Y175        MUXF8 (Prop_muxf8_I1_O)      0.043    -1.313 r  student_top_inst/Core_cpu/rf/ex_reg_reg[64]_i_3/O
                         net (fo=1, routed)           0.683    -0.631    student_top_inst/Core_cpu/mem_stage/ex_reg_reg[64]
    SLICE_X68Y169        LUT5 (Prop_lut5_I2_O)        0.126    -0.505 r  student_top_inst/Core_cpu/mem_stage/ex_reg[64]_i_2/O
                         net (fo=1, routed)           0.381    -0.124    student_top_inst/Core_cpu/ex_stage/ex_reg_reg[64]_0
    SLICE_X65Y169        LUT6 (Prop_lut6_I5_O)        0.043    -0.081 r  student_top_inst/Core_cpu/ex_stage/ex_reg[64]_i_1/O
                         net (fo=9, routed)           0.583     0.502    student_top_inst/Core_cpu/ex_stage/id_to_ex_bus[64]
    SLICE_X61Y167        LUT4 (Prop_lut4_I1_O)        0.043     0.545 r  student_top_inst/Core_cpu/ex_stage/i__carry_i_6__0/O
                         net (fo=1, routed)           0.000     0.545    student_top_inst/Core_cpu/id_stage/isTrue0_inferred__3/i__carry__0_1[2]
    SLICE_X61Y167        CARRY4 (Prop_carry4_S[2]_CO[3])
                                                      0.195     0.740 r  student_top_inst/Core_cpu/id_stage/isTrue0_inferred__3/i__carry/CO[3]
                         net (fo=1, routed)           0.000     0.740    student_top_inst/Core_cpu/id_stage/isTrue0_inferred__3/i__carry_n_0
    SLICE_X61Y168        CARRY4 (Prop_carry4_CI_CO[3])
                                                      0.053     0.793 r  student_top_inst/Core_cpu/id_stage/isTrue0_inferred__3/i__carry__0/CO[3]
                         net (fo=1, routed)           0.000     0.793    student_top_inst/Core_cpu/id_stage/isTrue0_inferred__3/i__carry__0_n_0
    SLICE_X61Y169        CARRY4 (Prop_carry4_CI_CO[3])
                                                      0.053     0.846 r  student_top_inst/Core_cpu/id_stage/isTrue0_inferred__3/i__carry__1/CO[3]
                         net (fo=1, routed)           0.000     0.846    student_top_inst/Core_cpu/id_stage/isTrue0_inferred__3/i__carry__1_n_0
    SLICE_X61Y170        CARRY4 (Prop_carry4_CI_CO[3])
                                                      0.053     0.899 r  student_top_inst/Core_cpu/id_stage/isTrue0_inferred__3/i__carry__2/CO[3]
                         net (fo=1, routed)           0.560     1.459    student_top_inst/Core_cpu/if_stage/pc_inst/reg_pc[0]_i_4_2[0]
    SLICE_X61Y174        LUT6 (Prop_lut6_I5_O)        0.043     1.502 r  student_top_inst/Core_cpu/if_stage/pc_inst/reg_pc[0]_i_5/O
                         net (fo=1, routed)           0.285     1.787    student_top_inst/Core_cpu/if_stage/pc_inst/reg_pc[0]_i_5_n_0
    SLICE_X59Y175        LUT6 (Prop_lut6_I0_O)        0.043     1.830 r  student_top_inst/Core_cpu/if_stage/pc_inst/reg_pc[0]_i_4/O
                         net (fo=33, routed)          0.297     2.127    student_top_inst/Core_cpu/if_stage/pc_inst/id_stage/isTrue__8
    SLICE_X59Y174        LUT6 (Prop_lut6_I2_O)        0.043     2.170 r  student_top_inst/Core_cpu/if_stage/pc_inst/reg_pc[1]_i_7/O
                         net (fo=2, routed)           0.322     2.491    student_top_inst/Core_cpu/if_stage/pc_inst/reg_pc[1]_i_7_n_0
    SLICE_X61Y174        LUT6 (Prop_lut6_I3_O)        0.043     2.534 r  student_top_inst/Core_cpu/if_stage/pc_inst/reg_pc[1]_i_2/O
                         net (fo=1, routed)           0.190     2.724    student_top_inst/Core_cpu/if_stage/pc_inst/reg_pc[1]_i_2_n_0
    SLICE_X60Y173        CARRY4 (Prop_carry4_DI[1]_CO[3])
                                                      0.250     2.974 r  student_top_inst/Core_cpu/if_stage/pc_inst/reg_pc_reg[1]_i_1/CO[3]
                         net (fo=1, routed)           0.000     2.974    student_top_inst/Core_cpu/if_stage/pc_inst/reg_pc_reg[1]_i_1_n_0
    SLICE_X60Y174        CARRY4 (Prop_carry4_CI_CO[3])
                                                      0.053     3.027 r  student_top_inst/Core_cpu/if_stage/pc_inst/reg_pc_reg[5]_i_1/CO[3]
                         net (fo=1, routed)           0.007     3.034    student_top_inst/Core_cpu/if_stage/pc_inst/reg_pc_reg[5]_i_1_n_0
    SLICE_X60Y175        CARRY4 (Prop_carry4_CI_CO[3])
                                                      0.053     3.087 r  student_top_inst/Core_cpu/if_stage/pc_inst/reg_pc_reg[9]_i_1/CO[3]
                         net (fo=1, routed)           0.000     3.087    student_top_inst/Core_cpu/if_stage/pc_inst/reg_pc_reg[9]_i_1_n_0
    SLICE_X60Y176        CARRY4 (Prop_carry4_CI_CO[3])
                                                      0.053     3.140 r  student_top_inst/Core_cpu/if_stage/pc_inst/reg_pc_reg[13]_i_1/CO[3]
                         net (fo=1, routed)           0.000     3.140    student_top_inst/Core_cpu/if_stage/pc_inst/reg_pc_reg[13]_i_1_n_0
    SLICE_X60Y177        CARRY4 (Prop_carry4_CI_CO[3])
                                                      0.053     3.193 r  student_top_inst/Core_cpu/if_stage/pc_inst/reg_pc_reg[17]_i_1/CO[3]
                         net (fo=1, routed)           0.000     3.193    student_top_inst/Core_cpu/if_stage/pc_inst/reg_pc_reg[17]_i_1_n_0
    SLICE_X60Y178        CARRY4 (Prop_carry4_CI_CO[3])
                                                      0.053     3.246 r  student_top_inst/Core_cpu/if_stage/pc_inst/reg_pc_reg[21]_i_1/CO[3]
                         net (fo=1, routed)           0.000     3.246    student_top_inst/Core_cpu/if_stage/pc_inst/reg_pc_reg[21]_i_1_n_0
    SLICE_X60Y179        CARRY4 (Prop_carry4_CI_O[1])
                                                      0.166     3.412 r  student_top_inst/Core_cpu/if_stage/pc_inst/reg_pc_reg[25]_i_1/O[1]
                         net (fo=1, routed)           0.000     3.412    student_top_inst/Core_cpu/if_stage/pc_inst/reg_pc_reg[25]_i_1_n_6
    SLICE_X60Y179        FDCE                                         r  student_top_inst/Core_cpu/if_stage/pc_inst/reg_pc_reg[26]/D
  -------------------------------------------------------------------    -------------------

                         (clock clk_out2_pll rise edge)
                                                      6.667     6.667 r  
    AD12                                              0.000     6.667 r  i_sys_clk_p (IN)
                         net (fo=0)                   0.000     6.667    pll_inst/inst/clk_in1_p
    AD12                 IBUFDS (Prop_ibufds_I_O)     0.803     7.470 r  pll_inst/inst/clkin1_ibufgds/O
                         net (fo=1, routed)           1.001     8.471    pll_inst/inst/clk_in1_pll
    PLLE2_ADV_X1Y1       PLLE2_ADV (Prop_plle2_adv_CLKIN1_CLKOUT1)
                                                     -7.261     1.210 r  pll_inst/inst/plle2_adv_inst/CLKOUT1
                         net (fo=1, routed)           2.003     3.213    pll_inst/inst/clk_out2_pll
    BUFGCTRL_X0Y0        BUFG (Prop_bufg_I_O)         0.083     3.296 r  pll_inst/inst/clkout2_buf/O
                         net (fo=2038, routed)        1.081     4.377    student_top_inst/Core_cpu/if_stage/pc_inst/clk_out2
    SLICE_X60Y179        FDCE                                         r  student_top_inst/Core_cpu/if_stage/pc_inst/reg_pc_reg[26]/C
                         clock pessimism             -0.377     4.000    
                         clock uncertainty           -0.072     3.928    
    SLICE_X60Y179        FDCE (Setup_fdce_C_D)        0.049     3.977    student_top_inst/Core_cpu/if_stage/pc_inst/reg_pc_reg[26]
  -------------------------------------------------------------------
                         required time                          3.977    
                         arrival time                          -3.412    
  -------------------------------------------------------------------
                         slack                                  0.565    

Slack (MET) :             0.568ns  (required time - arrival time)
  Source:                 student_top_inst/Core_cpu/if_stage/if_instr_reg[23]_rep/C
                            (rising edge-triggered cell FDCE clocked by clk_out2_pll  {rise@0.000ns fall@3.333ns period=6.667ns})
  Destination:            student_top_inst/Core_cpu/if_stage/pc_inst/reg_pc_reg[29]/D
                            (rising edge-triggered cell FDCE clocked by clk_out2_pll  {rise@0.000ns fall@3.333ns period=6.667ns})
  Path Group:             clk_out2_pll
  Path Type:              Setup (Max at Slow Process Corner)
  Requirement:            6.667ns  (clk_out2_pll rise@6.667ns - clk_out2_pll rise@0.000ns)
  Data Path Delay:        6.033ns  (logic 1.833ns (30.385%)  route 4.200ns (69.615%))
  Logic Levels:           22  (CARRY4=12 LUT4=1 LUT5=1 LUT6=6 MUXF7=1 MUXF8=1)
  Clock Path Skew:        -0.043ns (DCD - SCD + CPR)
    Destination Clock Delay (DCD):    -2.289ns = ( 4.378 - 6.667 ) 
    Source Clock Delay      (SCD):    -2.622ns
    Clock Pessimism Removal (CPR):    -0.377ns
  Clock Uncertainty:      0.072ns  ((TSJ^2 + DJ^2)^1/2) / 2 + PE
    Total System Jitter     (TSJ):    0.071ns
    Discrete Jitter          (DJ):    0.126ns
    Phase Error              (PE):    0.000ns

    Location             Delay type                Incr(ns)  Path(ns)    Netlist Resource(s)
  -------------------------------------------------------------------    -------------------
                         (clock clk_out2_pll rise edge)
                                                      0.000     0.000 r  
    AD12                                              0.000     0.000 r  i_sys_clk_p (IN)
                         net (fo=0)                   0.000     0.000    pll_inst/inst/clk_in1_p
    AD12                 IBUFDS (Prop_ibufds_I_O)     0.906     0.906 r  pll_inst/inst/clkin1_ibufgds/O
                         net (fo=1, routed)           1.098     2.004    pll_inst/inst/clk_in1_pll
    PLLE2_ADV_X1Y1       PLLE2_ADV (Prop_plle2_adv_CLKIN1_CLKOUT1)
                                                     -8.058    -6.054 r  pll_inst/inst/plle2_adv_inst/CLKOUT1
                         net (fo=1, routed)           2.128    -3.926    pll_inst/inst/clk_out2_pll
    BUFGCTRL_X0Y0        BUFG (Prop_bufg_I_O)         0.093    -3.833 r  pll_inst/inst/clkout2_buf/O
                         net (fo=2038, routed)        1.211    -2.622    student_top_inst/Core_cpu/if_stage/clk_out2
    SLICE_X72Y183        FDCE                                         r  student_top_inst/Core_cpu/if_stage/if_instr_reg[23]_rep/C
  -------------------------------------------------------------------    -------------------
    SLICE_X72Y183        FDCE (Prop_fdce_C_Q)         0.223    -2.399 r  student_top_inst/Core_cpu/if_stage/if_instr_reg[23]_rep/Q
                         net (fo=85, routed)          0.893    -1.506    student_top_inst/Core_cpu/rf/ex_reg_reg[69]_i_5_0
    SLICE_X80Y175        LUT6 (Prop_lut6_I2_O)        0.043    -1.463 r  student_top_inst/Core_cpu/rf/ex_reg[64]_i_11/O
                         net (fo=1, routed)           0.000    -1.463    student_top_inst/Core_cpu/rf/ex_reg[64]_i_11_n_0
    SLICE_X80Y175        MUXF7 (Prop_muxf7_I0_O)      0.107    -1.356 r  student_top_inst/Core_cpu/rf/ex_reg_reg[64]_i_6/O
                         net (fo=1, routed)           0.000    -1.356    student_top_inst/Core_cpu/rf/ex_reg_reg[64]_i_6_n_0
    SLICE_X80Y175        MUXF8 (Prop_muxf8_I1_O)      0.043    -1.313 r  student_top_inst/Core_cpu/rf/ex_reg_reg[64]_i_3/O
                         net (fo=1, routed)           0.683    -0.631    student_top_inst/Core_cpu/mem_stage/ex_reg_reg[64]
    SLICE_X68Y169        LUT5 (Prop_lut5_I2_O)        0.126    -0.505 r  student_top_inst/Core_cpu/mem_stage/ex_reg[64]_i_2/O
                         net (fo=1, routed)           0.381    -0.124    student_top_inst/Core_cpu/ex_stage/ex_reg_reg[64]_0
    SLICE_X65Y169        LUT6 (Prop_lut6_I5_O)        0.043    -0.081 r  student_top_inst/Core_cpu/ex_stage/ex_reg[64]_i_1/O
                         net (fo=9, routed)           0.583     0.502    student_top_inst/Core_cpu/ex_stage/id_to_ex_bus[64]
    SLICE_X61Y167        LUT4 (Prop_lut4_I1_O)        0.043     0.545 r  student_top_inst/Core_cpu/ex_stage/i__carry_i_6__0/O
                         net (fo=1, routed)           0.000     0.545    student_top_inst/Core_cpu/id_stage/isTrue0_inferred__3/i__carry__0_1[2]
    SLICE_X61Y167        CARRY4 (Prop_carry4_S[2]_CO[3])
                                                      0.195     0.740 r  student_top_inst/Core_cpu/id_stage/isTrue0_inferred__3/i__carry/CO[3]
                         net (fo=1, routed)           0.000     0.740    student_top_inst/Core_cpu/id_stage/isTrue0_inferred__3/i__carry_n_0
    SLICE_X61Y168        CARRY4 (Prop_carry4_CI_CO[3])
                                                      0.053     0.793 r  student_top_inst/Core_cpu/id_stage/isTrue0_inferred__3/i__carry__0/CO[3]
                         net (fo=1, routed)           0.000     0.793    student_top_inst/Core_cpu/id_stage/isTrue0_inferred__3/i__carry__0_n_0
    SLICE_X61Y169        CARRY4 (Prop_carry4_CI_CO[3])
                                                      0.053     0.846 r  student_top_inst/Core_cpu/id_stage/isTrue0_inferred__3/i__carry__1/CO[3]
                         net (fo=1, routed)           0.000     0.846    student_top_inst/Core_cpu/id_stage/isTrue0_inferred__3/i__carry__1_n_0
    SLICE_X61Y170        CARRY4 (Prop_carry4_CI_CO[3])
                                                      0.053     0.899 r  student_top_inst/Core_cpu/id_stage/isTrue0_inferred__3/i__carry__2/CO[3]
                         net (fo=1, routed)           0.560     1.459    student_top_inst/Core_cpu/if_stage/pc_inst/reg_pc[0]_i_4_2[0]
    SLICE_X61Y174        LUT6 (Prop_lut6_I5_O)        0.043     1.502 r  student_top_inst/Core_cpu/if_stage/pc_inst/reg_pc[0]_i_5/O
                         net (fo=1, routed)           0.285     1.787    student_top_inst/Core_cpu/if_stage/pc_inst/reg_pc[0]_i_5_n_0
    SLICE_X59Y175        LUT6 (Prop_lut6_I0_O)        0.043     1.830 r  student_top_inst/Core_cpu/if_stage/pc_inst/reg_pc[0]_i_4/O
                         net (fo=33, routed)          0.297     2.127    student_top_inst/Core_cpu/if_stage/pc_inst/id_stage/isTrue__8
    SLICE_X59Y174        LUT6 (Prop_lut6_I2_O)        0.043     2.170 r  student_top_inst/Core_cpu/if_stage/pc_inst/reg_pc[1]_i_7/O
                         net (fo=2, routed)           0.322     2.491    student_top_inst/Core_cpu/if_stage/pc_inst/reg_pc[1]_i_7_n_0
    SLICE_X61Y174        LUT6 (Prop_lut6_I3_O)        0.043     2.534 r  student_top_inst/Core_cpu/if_stage/pc_inst/reg_pc[1]_i_2/O
                         net (fo=1, routed)           0.190     2.724    student_top_inst/Core_cpu/if_stage/pc_inst/reg_pc[1]_i_2_n_0
    SLICE_X60Y173        CARRY4 (Prop_carry4_DI[1]_CO[3])
                                                      0.250     2.974 r  student_top_inst/Core_cpu/if_stage/pc_inst/reg_pc_reg[1]_i_1/CO[3]
                         net (fo=1, routed)           0.000     2.974    student_top_inst/Core_cpu/if_stage/pc_inst/reg_pc_reg[1]_i_1_n_0
    SLICE_X60Y174        CARRY4 (Prop_carry4_CI_CO[3])
                                                      0.053     3.027 r  student_top_inst/Core_cpu/if_stage/pc_inst/reg_pc_reg[5]_i_1/CO[3]
                         net (fo=1, routed)           0.007     3.034    student_top_inst/Core_cpu/if_stage/pc_inst/reg_pc_reg[5]_i_1_n_0
    SLICE_X60Y175        CARRY4 (Prop_carry4_CI_CO[3])
                                                      0.053     3.087 r  student_top_inst/Core_cpu/if_stage/pc_inst/reg_pc_reg[9]_i_1/CO[3]
                         net (fo=1, routed)           0.000     3.087    student_top_inst/Core_cpu/if_stage/pc_inst/reg_pc_reg[9]_i_1_n_0
    SLICE_X60Y176        CARRY4 (Prop_carry4_CI_CO[3])
                                                      0.053     3.140 r  student_top_inst/Core_cpu/if_stage/pc_inst/reg_pc_reg[13]_i_1/CO[3]
                         net (fo=1, routed)           0.000     3.140    student_top_inst/Core_cpu/if_stage/pc_inst/reg_pc_reg[13]_i_1_n_0
    SLICE_X60Y177        CARRY4 (Prop_carry4_CI_CO[3])
                                                      0.053     3.193 r  student_top_inst/Core_cpu/if_stage/pc_inst/reg_pc_reg[17]_i_1/CO[3]
                         net (fo=1, routed)           0.000     3.193    student_top_inst/Core_cpu/if_stage/pc_inst/reg_pc_reg[17]_i_1_n_0
    SLICE_X60Y178        CARRY4 (Prop_carry4_CI_CO[3])
                                                      0.053     3.246 r  student_top_inst/Core_cpu/if_stage/pc_inst/reg_pc_reg[21]_i_1/CO[3]
                         net (fo=1, routed)           0.000     3.246    student_top_inst/Core_cpu/if_stage/pc_inst/reg_pc_reg[21]_i_1_n_0
    SLICE_X60Y179        CARRY4 (Prop_carry4_CI_CO[3])
                                                      0.053     3.299 r  student_top_inst/Core_cpu/if_stage/pc_inst/reg_pc_reg[25]_i_1/CO[3]
                         net (fo=1, routed)           0.000     3.299    student_top_inst/Core_cpu/if_stage/pc_inst/reg_pc_reg[25]_i_1_n_0
    SLICE_X60Y180        CARRY4 (Prop_carry4_CI_O[0])
                                                      0.111     3.410 r  student_top_inst/Core_cpu/if_stage/pc_inst/reg_pc_reg[29]_i_1/O[0]
                         net (fo=1, routed)           0.000     3.410    student_top_inst/Core_cpu/if_stage/pc_inst/reg_pc_reg[29]_i_1_n_7
    SLICE_X60Y180        FDCE                                         r  student_top_inst/Core_cpu/if_stage/pc_inst/reg_pc_reg[29]/D
  -------------------------------------------------------------------    -------------------

                         (clock clk_out2_pll rise edge)
                                                      6.667     6.667 r  
    AD12                                              0.000     6.667 r  i_sys_clk_p (IN)
                         net (fo=0)                   0.000     6.667    pll_inst/inst/clk_in1_p
    AD12                 IBUFDS (Prop_ibufds_I_O)     0.803     7.470 r  pll_inst/inst/clkin1_ibufgds/O
                         net (fo=1, routed)           1.001     8.471    pll_inst/inst/clk_in1_pll
    PLLE2_ADV_X1Y1       PLLE2_ADV (Prop_plle2_adv_CLKIN1_CLKOUT1)
                                                     -7.261     1.210 r  pll_inst/inst/plle2_adv_inst/CLKOUT1
                         net (fo=1, routed)           2.003     3.213    pll_inst/inst/clk_out2_pll
    BUFGCTRL_X0Y0        BUFG (Prop_bufg_I_O)         0.083     3.296 r  pll_inst/inst/clkout2_buf/O
                         net (fo=2038, routed)        1.082     4.378    student_top_inst/Core_cpu/if_stage/pc_inst/clk_out2
    SLICE_X60Y180        FDCE                                         r  student_top_inst/Core_cpu/if_stage/pc_inst/reg_pc_reg[29]/C
                         clock pessimism             -0.377     4.001    
                         clock uncertainty           -0.072     3.929    
    SLICE_X60Y180        FDCE (Setup_fdce_C_D)        0.049     3.978    student_top_inst/Core_cpu/if_stage/pc_inst/reg_pc_reg[29]
  -------------------------------------------------------------------
                         required time                          3.978    
                         arrival time                          -3.410    
  -------------------------------------------------------------------
                         slack                                  0.568    

Slack (MET) :             0.568ns  (required time - arrival time)
  Source:                 student_top_inst/Core_cpu/if_stage/if_instr_reg[23]_rep/C
                            (rising edge-triggered cell FDCE clocked by clk_out2_pll  {rise@0.000ns fall@3.333ns period=6.667ns})
  Destination:            student_top_inst/Core_cpu/if_stage/pc_inst/reg_pc_reg[31]/D
                            (rising edge-triggered cell FDPE clocked by clk_out2_pll  {rise@0.000ns fall@3.333ns period=6.667ns})
  Path Group:             clk_out2_pll
  Path Type:              Setup (Max at Slow Process Corner)
  Requirement:            6.667ns  (clk_out2_pll rise@6.667ns - clk_out2_pll rise@0.000ns)
  Data Path Delay:        6.033ns  (logic 1.833ns (30.385%)  route 4.200ns (69.615%))
  Logic Levels:           22  (CARRY4=12 LUT4=1 LUT5=1 LUT6=6 MUXF7=1 MUXF8=1)
  Clock Path Skew:        -0.043ns (DCD - SCD + CPR)
    Destination Clock Delay (DCD):    -2.289ns = ( 4.378 - 6.667 ) 
    Source Clock Delay      (SCD):    -2.622ns
    Clock Pessimism Removal (CPR):    -0.377ns
  Clock Uncertainty:      0.072ns  ((TSJ^2 + DJ^2)^1/2) / 2 + PE
    Total System Jitter     (TSJ):    0.071ns
    Discrete Jitter          (DJ):    0.126ns
    Phase Error              (PE):    0.000ns

    Location             Delay type                Incr(ns)  Path(ns)    Netlist Resource(s)
  -------------------------------------------------------------------    -------------------
                         (clock clk_out2_pll rise edge)
                                                      0.000     0.000 r  
    AD12                                              0.000     0.000 r  i_sys_clk_p (IN)
                         net (fo=0)                   0.000     0.000    pll_inst/inst/clk_in1_p
    AD12                 IBUFDS (Prop_ibufds_I_O)     0.906     0.906 r  pll_inst/inst/clkin1_ibufgds/O
                         net (fo=1, routed)           1.098     2.004    pll_inst/inst/clk_in1_pll
    PLLE2_ADV_X1Y1       PLLE2_ADV (Prop_plle2_adv_CLKIN1_CLKOUT1)
                                                     -8.058    -6.054 r  pll_inst/inst/plle2_adv_inst/CLKOUT1
                         net (fo=1, routed)           2.128    -3.926    pll_inst/inst/clk_out2_pll
    BUFGCTRL_X0Y0        BUFG (Prop_bufg_I_O)         0.093    -3.833 r  pll_inst/inst/clkout2_buf/O
                         net (fo=2038, routed)        1.211    -2.622    student_top_inst/Core_cpu/if_stage/clk_out2
    SLICE_X72Y183        FDCE                                         r  student_top_inst/Core_cpu/if_stage/if_instr_reg[23]_rep/C
  -------------------------------------------------------------------    -------------------
    SLICE_X72Y183        FDCE (Prop_fdce_C_Q)         0.223    -2.399 r  student_top_inst/Core_cpu/if_stage/if_instr_reg[23]_rep/Q
                         net (fo=85, routed)          0.893    -1.506    student_top_inst/Core_cpu/rf/ex_reg_reg[69]_i_5_0
    SLICE_X80Y175        LUT6 (Prop_lut6_I2_O)        0.043    -1.463 r  student_top_inst/Core_cpu/rf/ex_reg[64]_i_11/O
                         net (fo=1, routed)           0.000    -1.463    student_top_inst/Core_cpu/rf/ex_reg[64]_i_11_n_0
    SLICE_X80Y175        MUXF7 (Prop_muxf7_I0_O)      0.107    -1.356 r  student_top_inst/Core_cpu/rf/ex_reg_reg[64]_i_6/O
                         net (fo=1, routed)           0.000    -1.356    student_top_inst/Core_cpu/rf/ex_reg_reg[64]_i_6_n_0
    SLICE_X80Y175        MUXF8 (Prop_muxf8_I1_O)      0.043    -1.313 r  student_top_inst/Core_cpu/rf/ex_reg_reg[64]_i_3/O
                         net (fo=1, routed)           0.683    -0.631    student_top_inst/Core_cpu/mem_stage/ex_reg_reg[64]
    SLICE_X68Y169        LUT5 (Prop_lut5_I2_O)        0.126    -0.505 r  student_top_inst/Core_cpu/mem_stage/ex_reg[64]_i_2/O
                         net (fo=1, routed)           0.381    -0.124    student_top_inst/Core_cpu/ex_stage/ex_reg_reg[64]_0
    SLICE_X65Y169        LUT6 (Prop_lut6_I5_O)        0.043    -0.081 r  student_top_inst/Core_cpu/ex_stage/ex_reg[64]_i_1/O
                         net (fo=9, routed)           0.583     0.502    student_top_inst/Core_cpu/ex_stage/id_to_ex_bus[64]
    SLICE_X61Y167        LUT4 (Prop_lut4_I1_O)        0.043     0.545 r  student_top_inst/Core_cpu/ex_stage/i__carry_i_6__0/O
                         net (fo=1, routed)           0.000     0.545    student_top_inst/Core_cpu/id_stage/isTrue0_inferred__3/i__carry__0_1[2]
    SLICE_X61Y167        CARRY4 (Prop_carry4_S[2]_CO[3])
                                                      0.195     0.740 r  student_top_inst/Core_cpu/id_stage/isTrue0_inferred__3/i__carry/CO[3]
                         net (fo=1, routed)           0.000     0.740    student_top_inst/Core_cpu/id_stage/isTrue0_inferred__3/i__carry_n_0
    SLICE_X61Y168        CARRY4 (Prop_carry4_CI_CO[3])
                                                      0.053     0.793 r  student_top_inst/Core_cpu/id_stage/isTrue0_inferred__3/i__carry__0/CO[3]
                         net (fo=1, routed)           0.000     0.793    student_top_inst/Core_cpu/id_stage/isTrue0_inferred__3/i__carry__0_n_0
    SLICE_X61Y169        CARRY4 (Prop_carry4_CI_CO[3])
                                                      0.053     0.846 r  student_top_inst/Core_cpu/id_stage/isTrue0_inferred__3/i__carry__1/CO[3]
                         net (fo=1, routed)           0.000     0.846    student_top_inst/Core_cpu/id_stage/isTrue0_inferred__3/i__carry__1_n_0
    SLICE_X61Y170        CARRY4 (Prop_carry4_CI_CO[3])
                                                      0.053     0.899 r  student_top_inst/Core_cpu/id_stage/isTrue0_inferred__3/i__carry__2/CO[3]
                         net (fo=1, routed)           0.560     1.459    student_top_inst/Core_cpu/if_stage/pc_inst/reg_pc[0]_i_4_2[0]
    SLICE_X61Y174        LUT6 (Prop_lut6_I5_O)        0.043     1.502 r  student_top_inst/Core_cpu/if_stage/pc_inst/reg_pc[0]_i_5/O
                         net (fo=1, routed)           0.285     1.787    student_top_inst/Core_cpu/if_stage/pc_inst/reg_pc[0]_i_5_n_0
    SLICE_X59Y175        LUT6 (Prop_lut6_I0_O)        0.043     1.830 r  student_top_inst/Core_cpu/if_stage/pc_inst/reg_pc[0]_i_4/O
                         net (fo=33, routed)          0.297     2.127    student_top_inst/Core_cpu/if_stage/pc_inst/id_stage/isTrue__8
    SLICE_X59Y174        LUT6 (Prop_lut6_I2_O)        0.043     2.170 r  student_top_inst/Core_cpu/if_stage/pc_inst/reg_pc[1]_i_7/O
                         net (fo=2, routed)           0.322     2.491    student_top_inst/Core_cpu/if_stage/pc_inst/reg_pc[1]_i_7_n_0
    SLICE_X61Y174        LUT6 (Prop_lut6_I3_O)        0.043     2.534 r  student_top_inst/Core_cpu/if_stage/pc_inst/reg_pc[1]_i_2/O
                         net (fo=1, routed)           0.190     2.724    student_top_inst/Core_cpu/if_stage/pc_inst/reg_pc[1]_i_2_n_0
    SLICE_X60Y173        CARRY4 (Prop_carry4_DI[1]_CO[3])
                                                      0.250     2.974 r  student_top_inst/Core_cpu/if_stage/pc_inst/reg_pc_reg[1]_i_1/CO[3]
                         net (fo=1, routed)           0.000     2.974    student_top_inst/Core_cpu/if_stage/pc_inst/reg_pc_reg[1]_i_1_n_0
    SLICE_X60Y174        CARRY4 (Prop_carry4_CI_CO[3])
                                                      0.053     3.027 r  student_top_inst/Core_cpu/if_stage/pc_inst/reg_pc_reg[5]_i_1/CO[3]
                         net (fo=1, routed)           0.007     3.034    student_top_inst/Core_cpu/if_stage/pc_inst/reg_pc_reg[5]_i_1_n_0
    SLICE_X60Y175        CARRY4 (Prop_carry4_CI_CO[3])
                                                      0.053     3.087 r  student_top_inst/Core_cpu/if_stage/pc_inst/reg_pc_reg[9]_i_1/CO[3]
                         net (fo=1, routed)           0.000     3.087    student_top_inst/Core_cpu/if_stage/pc_inst/reg_pc_reg[9]_i_1_n_0
    SLICE_X60Y176        CARRY4 (Prop_carry4_CI_CO[3])
                                                      0.053     3.140 r  student_top_inst/Core_cpu/if_stage/pc_inst/reg_pc_reg[13]_i_1/CO[3]
                         net (fo=1, routed)           0.000     3.140    student_top_inst/Core_cpu/if_stage/pc_inst/reg_pc_reg[13]_i_1_n_0
    SLICE_X60Y177        CARRY4 (Prop_carry4_CI_CO[3])
                                                      0.053     3.193 r  student_top_inst/Core_cpu/if_stage/pc_inst/reg_pc_reg[17]_i_1/CO[3]
                         net (fo=1, routed)           0.000     3.193    student_top_inst/Core_cpu/if_stage/pc_inst/reg_pc_reg[17]_i_1_n_0
    SLICE_X60Y178        CARRY4 (Prop_carry4_CI_CO[3])
                                                      0.053     3.246 r  student_top_inst/Core_cpu/if_stage/pc_inst/reg_pc_reg[21]_i_1/CO[3]
                         net (fo=1, routed)           0.000     3.246    student_top_inst/Core_cpu/if_stage/pc_inst/reg_pc_reg[21]_i_1_n_0
    SLICE_X60Y179        CARRY4 (Prop_carry4_CI_CO[3])
                                                      0.053     3.299 r  student_top_inst/Core_cpu/if_stage/pc_inst/reg_pc_reg[25]_i_1/CO[3]
                         net (fo=1, routed)           0.000     3.299    student_top_inst/Core_cpu/if_stage/pc_inst/reg_pc_reg[25]_i_1_n_0
    SLICE_X60Y180        CARRY4 (Prop_carry4_CI_O[2])
                                                      0.111     3.410 r  student_top_inst/Core_cpu/if_stage/pc_inst/reg_pc_reg[29]_i_1/O[2]
                         net (fo=1, routed)           0.000     3.410    student_top_inst/Core_cpu/if_stage/pc_inst/reg_pc_reg[29]_i_1_n_5
    SLICE_X60Y180        FDPE                                         r  student_top_inst/Core_cpu/if_stage/pc_inst/reg_pc_reg[31]/D
  -------------------------------------------------------------------    -------------------

                         (clock clk_out2_pll rise edge)
                                                      6.667     6.667 r  
    AD12                                              0.000     6.667 r  i_sys_clk_p (IN)
                         net (fo=0)                   0.000     6.667    pll_inst/inst/clk_in1_p
    AD12                 IBUFDS (Prop_ibufds_I_O)     0.803     7.470 r  pll_inst/inst/clkin1_ibufgds/O
                         net (fo=1, routed)           1.001     8.471    pll_inst/inst/clk_in1_pll
    PLLE2_ADV_X1Y1       PLLE2_ADV (Prop_plle2_adv_CLKIN1_CLKOUT1)
                                                     -7.261     1.210 r  pll_inst/inst/plle2_adv_inst/CLKOUT1
                         net (fo=1, routed)           2.003     3.213    pll_inst/inst/clk_out2_pll
    BUFGCTRL_X0Y0        BUFG (Prop_bufg_I_O)         0.083     3.296 r  pll_inst/inst/clkout2_buf/O
                         net (fo=2038, routed)        1.082     4.378    student_top_inst/Core_cpu/if_stage/pc_inst/clk_out2
    SLICE_X60Y180        FDPE                                         r  student_top_inst/Core_cpu/if_stage/pc_inst/reg_pc_reg[31]/C
                         clock pessimism             -0.377     4.001    
                         clock uncertainty           -0.072     3.929    
    SLICE_X60Y180        FDPE (Setup_fdpe_C_D)        0.049     3.978    student_top_inst/Core_cpu/if_stage/pc_inst/reg_pc_reg[31]
  -------------------------------------------------------------------
                         required time                          3.978    
                         arrival time                          -3.410    
  -------------------------------------------------------------------
                         slack                                  0.568    

Slack (MET) :             0.582ns  (required time - arrival time)
  Source:                 student_top_inst/Core_cpu/if_stage/if_instr_reg[23]_rep/C
                            (rising edge-triggered cell FDCE clocked by clk_out2_pll  {rise@0.000ns fall@3.333ns period=6.667ns})
  Destination:            student_top_inst/Core_cpu/if_stage/pc_inst/reg_pc_reg[28]/D
                            (rising edge-triggered cell FDCE clocked by clk_out2_pll  {rise@0.000ns fall@3.333ns period=6.667ns})
  Path Group:             clk_out2_pll
  Path Type:              Setup (Max at Slow Process Corner)
  Requirement:            6.667ns  (clk_out2_pll rise@6.667ns - clk_out2_pll rise@0.000ns)
  Data Path Delay:        6.018ns  (logic 1.818ns (30.212%)  route 4.200ns (69.788%))
  Logic Levels:           21  (CARRY4=11 LUT4=1 LUT5=1 LUT6=6 MUXF7=1 MUXF8=1)
  Clock Path Skew:        -0.044ns (DCD - SCD + CPR)
    Destination Clock Delay (DCD):    -2.290ns = ( 4.377 - 6.667 ) 
    Source Clock Delay      (SCD):    -2.622ns
    Clock Pessimism Removal (CPR):    -0.377ns
  Clock Uncertainty:      0.072ns  ((TSJ^2 + DJ^2)^1/2) / 2 + PE
    Total System Jitter     (TSJ):    0.071ns
    Discrete Jitter          (DJ):    0.126ns
    Phase Error              (PE):    0.000ns

    Location             Delay type                Incr(ns)  Path(ns)    Netlist Resource(s)
  -------------------------------------------------------------------    -------------------
                         (clock clk_out2_pll rise edge)
                                                      0.000     0.000 r  
    AD12                                              0.000     0.000 r  i_sys_clk_p (IN)
                         net (fo=0)                   0.000     0.000    pll_inst/inst/clk_in1_p
    AD12                 IBUFDS (Prop_ibufds_I_O)     0.906     0.906 r  pll_inst/inst/clkin1_ibufgds/O
                         net (fo=1, routed)           1.098     2.004    pll_inst/inst/clk_in1_pll
    PLLE2_ADV_X1Y1       PLLE2_ADV (Prop_plle2_adv_CLKIN1_CLKOUT1)
                                                     -8.058    -6.054 r  pll_inst/inst/plle2_adv_inst/CLKOUT1
                         net (fo=1, routed)           2.128    -3.926    pll_inst/inst/clk_out2_pll
    BUFGCTRL_X0Y0        BUFG (Prop_bufg_I_O)         0.093    -3.833 r  pll_inst/inst/clkout2_buf/O
                         net (fo=2038, routed)        1.211    -2.622    student_top_inst/Core_cpu/if_stage/clk_out2
    SLICE_X72Y183        FDCE                                         r  student_top_inst/Core_cpu/if_stage/if_instr_reg[23]_rep/C
  -------------------------------------------------------------------    -------------------
    SLICE_X72Y183        FDCE (Prop_fdce_C_Q)         0.223    -2.399 r  student_top_inst/Core_cpu/if_stage/if_instr_reg[23]_rep/Q
                         net (fo=85, routed)          0.893    -1.506    student_top_inst/Core_cpu/rf/ex_reg_reg[69]_i_5_0
    SLICE_X80Y175        LUT6 (Prop_lut6_I2_O)        0.043    -1.463 r  student_top_inst/Core_cpu/rf/ex_reg[64]_i_11/O
                         net (fo=1, routed)           0.000    -1.463    student_top_inst/Core_cpu/rf/ex_reg[64]_i_11_n_0
    SLICE_X80Y175        MUXF7 (Prop_muxf7_I0_O)      0.107    -1.356 r  student_top_inst/Core_cpu/rf/ex_reg_reg[64]_i_6/O
                         net (fo=1, routed)           0.000    -1.356    student_top_inst/Core_cpu/rf/ex_reg_reg[64]_i_6_n_0
    SLICE_X80Y175        MUXF8 (Prop_muxf8_I1_O)      0.043    -1.313 r  student_top_inst/Core_cpu/rf/ex_reg_reg[64]_i_3/O
                         net (fo=1, routed)           0.683    -0.631    student_top_inst/Core_cpu/mem_stage/ex_reg_reg[64]
    SLICE_X68Y169        LUT5 (Prop_lut5_I2_O)        0.126    -0.505 r  student_top_inst/Core_cpu/mem_stage/ex_reg[64]_i_2/O
                         net (fo=1, routed)           0.381    -0.124    student_top_inst/Core_cpu/ex_stage/ex_reg_reg[64]_0
    SLICE_X65Y169        LUT6 (Prop_lut6_I5_O)        0.043    -0.081 r  student_top_inst/Core_cpu/ex_stage/ex_reg[64]_i_1/O
                         net (fo=9, routed)           0.583     0.502    student_top_inst/Core_cpu/ex_stage/id_to_ex_bus[64]
    SLICE_X61Y167        LUT4 (Prop_lut4_I1_O)        0.043     0.545 r  student_top_inst/Core_cpu/ex_stage/i__carry_i_6__0/O
                         net (fo=1, routed)           0.000     0.545    student_top_inst/Core_cpu/id_stage/isTrue0_inferred__3/i__carry__0_1[2]
    SLICE_X61Y167        CARRY4 (Prop_carry4_S[2]_CO[3])
                                                      0.195     0.740 r  student_top_inst/Core_cpu/id_stage/isTrue0_inferred__3/i__carry/CO[3]
                         net (fo=1, routed)           0.000     0.740    student_top_inst/Core_cpu/id_stage/isTrue0_inferred__3/i__carry_n_0
    SLICE_X61Y168        CARRY4 (Prop_carry4_CI_CO[3])
                                                      0.053     0.793 r  student_top_inst/Core_cpu/id_stage/isTrue0_inferred__3/i__carry__0/CO[3]
                         net (fo=1, routed)           0.000     0.793    student_top_inst/Core_cpu/id_stage/isTrue0_inferred__3/i__carry__0_n_0
    SLICE_X61Y169        CARRY4 (Prop_carry4_CI_CO[3])
                                                      0.053     0.846 r  student_top_inst/Core_cpu/id_stage/isTrue0_inferred__3/i__carry__1/CO[3]
                         net (fo=1, routed)           0.000     0.846    student_top_inst/Core_cpu/id_stage/isTrue0_inferred__3/i__carry__1_n_0
    SLICE_X61Y170        CARRY4 (Prop_carry4_CI_CO[3])
                                                      0.053     0.899 r  student_top_inst/Core_cpu/id_stage/isTrue0_inferred__3/i__carry__2/CO[3]
                         net (fo=1, routed)           0.560     1.459    student_top_inst/Core_cpu/if_stage/pc_inst/reg_pc[0]_i_4_2[0]
    SLICE_X61Y174        LUT6 (Prop_lut6_I5_O)        0.043     1.502 r  student_top_inst/Core_cpu/if_stage/pc_inst/reg_pc[0]_i_5/O
                         net (fo=1, routed)           0.285     1.787    student_top_inst/Core_cpu/if_stage/pc_inst/reg_pc[0]_i_5_n_0
    SLICE_X59Y175        LUT6 (Prop_lut6_I0_O)        0.043     1.830 r  student_top_inst/Core_cpu/if_stage/pc_inst/reg_pc[0]_i_4/O
                         net (fo=33, routed)          0.297     2.127    student_top_inst/Core_cpu/if_stage/pc_inst/id_stage/isTrue__8
    SLICE_X59Y174        LUT6 (Prop_lut6_I2_O)        0.043     2.170 r  student_top_inst/Core_cpu/if_stage/pc_inst/reg_pc[1]_i_7/O
                         net (fo=2, routed)           0.322     2.491    student_top_inst/Core_cpu/if_stage/pc_inst/reg_pc[1]_i_7_n_0
    SLICE_X61Y174        LUT6 (Prop_lut6_I3_O)        0.043     2.534 r  student_top_inst/Core_cpu/if_stage/pc_inst/reg_pc[1]_i_2/O
                         net (fo=1, routed)           0.190     2.724    student_top_inst/Core_cpu/if_stage/pc_inst/reg_pc[1]_i_2_n_0
    SLICE_X60Y173        CARRY4 (Prop_carry4_DI[1]_CO[3])
                                                      0.250     2.974 r  student_top_inst/Core_cpu/if_stage/pc_inst/reg_pc_reg[1]_i_1/CO[3]
                         net (fo=1, routed)           0.000     2.974    student_top_inst/Core_cpu/if_stage/pc_inst/reg_pc_reg[1]_i_1_n_0
    SLICE_X60Y174        CARRY4 (Prop_carry4_CI_CO[3])
                                                      0.053     3.027 r  student_top_inst/Core_cpu/if_stage/pc_inst/reg_pc_reg[5]_i_1/CO[3]
                         net (fo=1, routed)           0.007     3.034    student_top_inst/Core_cpu/if_stage/pc_inst/reg_pc_reg[5]_i_1_n_0
    SLICE_X60Y175        CARRY4 (Prop_carry4_CI_CO[3])
                                                      0.053     3.087 r  student_top_inst/Core_cpu/if_stage/pc_inst/reg_pc_reg[9]_i_1/CO[3]
                         net (fo=1, routed)           0.000     3.087    student_top_inst/Core_cpu/if_stage/pc_inst/reg_pc_reg[9]_i_1_n_0
    SLICE_X60Y176        CARRY4 (Prop_carry4_CI_CO[3])
                                                      0.053     3.140 r  student_top_inst/Core_cpu/if_stage/pc_inst/reg_pc_reg[13]_i_1/CO[3]
                         net (fo=1, routed)           0.000     3.140    student_top_inst/Core_cpu/if_stage/pc_inst/reg_pc_reg[13]_i_1_n_0
    SLICE_X60Y177        CARRY4 (Prop_carry4_CI_CO[3])
                                                      0.053     3.193 r  student_top_inst/Core_cpu/if_stage/pc_inst/reg_pc_reg[17]_i_1/CO[3]
                         net (fo=1, routed)           0.000     3.193    student_top_inst/Core_cpu/if_stage/pc_inst/reg_pc_reg[17]_i_1_n_0
    SLICE_X60Y178        CARRY4 (Prop_carry4_CI_CO[3])
                                                      0.053     3.246 r  student_top_inst/Core_cpu/if_stage/pc_inst/reg_pc_reg[21]_i_1/CO[3]
                         net (fo=1, routed)           0.000     3.246    student_top_inst/Core_cpu/if_stage/pc_inst/reg_pc_reg[21]_i_1_n_0
    SLICE_X60Y179        CARRY4 (Prop_carry4_CI_O[3])
                                                      0.149     3.395 r  student_top_inst/Core_cpu/if_stage/pc_inst/reg_pc_reg[25]_i_1/O[3]
                         net (fo=1, routed)           0.000     3.395    student_top_inst/Core_cpu/if_stage/pc_inst/reg_pc_reg[25]_i_1_n_4
    SLICE_X60Y179        FDCE                                         r  student_top_inst/Core_cpu/if_stage/pc_inst/reg_pc_reg[28]/D
  -------------------------------------------------------------------    -------------------

                         (clock clk_out2_pll rise edge)
                                                      6.667     6.667 r  
    AD12                                              0.000     6.667 r  i_sys_clk_p (IN)
                         net (fo=0)                   0.000     6.667    pll_inst/inst/clk_in1_p
    AD12                 IBUFDS (Prop_ibufds_I_O)     0.803     7.470 r  pll_inst/inst/clkin1_ibufgds/O
                         net (fo=1, routed)           1.001     8.471    pll_inst/inst/clk_in1_pll
    PLLE2_ADV_X1Y1       PLLE2_ADV (Prop_plle2_adv_CLKIN1_CLKOUT1)
                                                     -7.261     1.210 r  pll_inst/inst/plle2_adv_inst/CLKOUT1
                         net (fo=1, routed)           2.003     3.213    pll_inst/inst/clk_out2_pll
    BUFGCTRL_X0Y0        BUFG (Prop_bufg_I_O)         0.083     3.296 r  pll_inst/inst/clkout2_buf/O
                         net (fo=2038, routed)        1.081     4.377    student_top_inst/Core_cpu/if_stage/pc_inst/clk_out2
    SLICE_X60Y179        FDCE                                         r  student_top_inst/Core_cpu/if_stage/pc_inst/reg_pc_reg[28]/C
                         clock pessimism             -0.377     4.000    
                         clock uncertainty           -0.072     3.928    
    SLICE_X60Y179        FDCE (Setup_fdce_C_D)        0.049     3.977    student_top_inst/Core_cpu/if_stage/pc_inst/reg_pc_reg[28]
  -------------------------------------------------------------------
                         required time                          3.977    
                         arrival time                          -3.395    
  -------------------------------------------------------------------
                         slack                                  0.582    

Slack (MET) :             0.589ns  (required time - arrival time)
  Source:                 student_top_inst/bridge_inst/dram_driver_inst/Mem_DRAM/U0/inst_blk_mem_gen/gnbram.gnativebmg.native_blk_mem_gen/valid.cstr/ramloop[48].ram.r/prim_init.ram/DEVICE_7SERIES.NO_BMM_INFO.SP.CASCADED_PRIM36.ram_B/CLKARDCLK
                            (rising edge-triggered cell RAMB36E1 clocked by clk_out2_pll  {rise@0.000ns fall@3.333ns period=6.667ns})
  Destination:            student_top_inst/Core_cpu/mem_stage/mem_wb_reg_reg[67]/D
                            (rising edge-triggered cell FDCE clocked by clk_out2_pll  {rise@0.000ns fall@3.333ns period=6.667ns})
  Path Group:             clk_out2_pll
  Path Type:              Setup (Max at Slow Process Corner)
  Requirement:            6.667ns  (clk_out2_pll rise@6.667ns - clk_out2_pll rise@0.000ns)
  Data Path Delay:        5.689ns  (logic 2.528ns (44.437%)  route 3.161ns (55.563%))
  Logic Levels:           3  (LUT5=1 LUT6=1 RAMB36E1=1)
  Clock Path Skew:        -0.350ns (DCD - SCD + CPR)
    Destination Clock Delay (DCD):    -2.292ns = ( 4.375 - 6.667 ) 
    Source Clock Delay      (SCD):    -2.392ns
    Clock Pessimism Removal (CPR):    -0.450ns
  Clock Uncertainty:      0.072ns  ((TSJ^2 + DJ^2)^1/2) / 2 + PE
    Total System Jitter     (TSJ):    0.071ns
    Discrete Jitter          (DJ):    0.126ns
    Phase Error              (PE):    0.000ns

    Location             Delay type                Incr(ns)  Path(ns)    Netlist Resource(s)
  -------------------------------------------------------------------    -------------------
                         (clock clk_out2_pll rise edge)
                                                      0.000     0.000 r  
    AD12                                              0.000     0.000 r  i_sys_clk_p (IN)
                         net (fo=0)                   0.000     0.000    pll_inst/inst/clk_in1_p
    AD12                 IBUFDS (Prop_ibufds_I_O)     0.906     0.906 r  pll_inst/inst/clkin1_ibufgds/O
                         net (fo=1, routed)           1.098     2.004    pll_inst/inst/clk_in1_pll
    PLLE2_ADV_X1Y1       PLLE2_ADV (Prop_plle2_adv_CLKIN1_CLKOUT1)
                                                     -8.058    -6.054 r  pll_inst/inst/plle2_adv_inst/CLKOUT1
                         net (fo=1, routed)           2.128    -3.926    pll_inst/inst/clk_out2_pll
    BUFGCTRL_X0Y0        BUFG (Prop_bufg_I_O)         0.093    -3.833 r  pll_inst/inst/clkout2_buf/O
                         net (fo=2038, routed)        1.442    -2.392    student_top_inst/bridge_inst/dram_driver_inst/Mem_DRAM/U0/inst_blk_mem_gen/gnbram.gnativebmg.native_blk_mem_gen/valid.cstr/ramloop[48].ram.r/prim_init.ram/clka
    RAMB36_X3Y27         RAMB36E1                                     r  student_top_inst/bridge_inst/dram_driver_inst/Mem_DRAM/U0/inst_blk_mem_gen/gnbram.gnativebmg.native_blk_mem_gen/valid.cstr/ramloop[48].ram.r/prim_init.ram/DEVICE_7SERIES.NO_BMM_INFO.SP.CASCADED_PRIM36.ram_B/CLKARDCLK
  -------------------------------------------------------------------    -------------------
    RAMB36_X3Y27         RAMB36E1 (Prop_ramb36e1_CLKARDCLK_CASCADEOUTA)
                                                      2.123    -0.269 r  student_top_inst/bridge_inst/dram_driver_inst/Mem_DRAM/U0/inst_blk_mem_gen/gnbram.gnativebmg.native_blk_mem_gen/valid.cstr/ramloop[48].ram.r/prim_init.ram/DEVICE_7SERIES.NO_BMM_INFO.SP.CASCADED_PRIM36.ram_B/CASCADEOUTA
                         net (fo=1, routed)           0.065    -0.204    student_top_inst/bridge_inst/dram_driver_inst/Mem_DRAM/U0/inst_blk_mem_gen/gnbram.gnativebmg.native_blk_mem_gen/valid.cstr/ramloop[48].ram.r/prim_init.ram/cascadelata_tmp
    RAMB36_X3Y28         RAMB36E1 (Prop_ramb36e1_CASCADEINA_DOADO[0])
                                                      0.319     0.115 r  student_top_inst/bridge_inst/dram_driver_inst/Mem_DRAM/U0/inst_blk_mem_gen/gnbram.gnativebmg.native_blk_mem_gen/valid.cstr/ramloop[48].ram.r/prim_init.ram/DEVICE_7SERIES.NO_BMM_INFO.SP.CASCADED_PRIM36.ram_T/DOADO[0]
                         net (fo=5, routed)           2.759     2.875    student_top_inst/bridge_inst/counter_inst/douta[9]
    SLICE_X50Y171        LUT6 (Prop_lut6_I4_O)        0.043     2.918 r  student_top_inst/bridge_inst/counter_inst/mem_wb_reg[67]_i_2/O
                         net (fo=1, routed)           0.336     3.254    student_top_inst/bridge_inst/dram_driver_inst/mem_wb_reg_reg[71][9]
    SLICE_X55Y171        LUT5 (Prop_lut5_I4_O)        0.043     3.297 r  student_top_inst/bridge_inst/dram_driver_inst/mem_stage/mask_inst/mem_wb_reg[67]_i_1/O
                         net (fo=1, routed)           0.000     3.297    student_top_inst/Core_cpu/mem_stage/mem_wb_reg_reg[71]_0[19]
    SLICE_X55Y171        FDCE                                         r  student_top_inst/Core_cpu/mem_stage/mem_wb_reg_reg[67]/D
  -------------------------------------------------------------------    -------------------

                         (clock clk_out2_pll rise edge)
                                                      6.667     6.667 r  
    AD12                                              0.000     6.667 r  i_sys_clk_p (IN)
                         net (fo=0)                   0.000     6.667    pll_inst/inst/clk_in1_p
    AD12                 IBUFDS (Prop_ibufds_I_O)     0.803     7.470 r  pll_inst/inst/clkin1_ibufgds/O
                         net (fo=1, routed)           1.001     8.471    pll_inst/inst/clk_in1_pll
    PLLE2_ADV_X1Y1       PLLE2_ADV (Prop_plle2_adv_CLKIN1_CLKOUT1)
                                                     -7.261     1.210 r  pll_inst/inst/plle2_adv_inst/CLKOUT1
                         net (fo=1, routed)           2.003     3.213    pll_inst/inst/clk_out2_pll
    BUFGCTRL_X0Y0        BUFG (Prop_bufg_I_O)         0.083     3.296 r  pll_inst/inst/clkout2_buf/O
                         net (fo=2038, routed)        1.079     4.375    student_top_inst/Core_cpu/mem_stage/clk_out2
    SLICE_X55Y171        FDCE                                         r  student_top_inst/Core_cpu/mem_stage/mem_wb_reg_reg[67]/C
                         clock pessimism             -0.450     3.925    
                         clock uncertainty           -0.072     3.853    
    SLICE_X55Y171        FDCE (Setup_fdce_C_D)        0.033     3.886    student_top_inst/Core_cpu/mem_stage/mem_wb_reg_reg[67]
  -------------------------------------------------------------------
                         required time                          3.886    
                         arrival time                          -3.297    
  -------------------------------------------------------------------
                         slack                                  0.589    

Slack (MET) :             0.616ns  (required time - arrival time)
  Source:                 student_top_inst/Core_cpu/if_stage/if_instr_reg[23]_rep/C
                            (rising edge-triggered cell FDCE clocked by clk_out2_pll  {rise@0.000ns fall@3.333ns period=6.667ns})
  Destination:            student_top_inst/Core_cpu/if_stage/pc_inst/reg_pc_reg[22]/D
                            (rising edge-triggered cell FDCE clocked by clk_out2_pll  {rise@0.000ns fall@3.333ns period=6.667ns})
  Path Group:             clk_out2_pll
  Path Type:              Setup (Max at Slow Process Corner)
  Requirement:            6.667ns  (clk_out2_pll rise@6.667ns - clk_out2_pll rise@0.000ns)
  Data Path Delay:        5.982ns  (logic 1.782ns (29.792%)  route 4.200ns (70.208%))
  Logic Levels:           20  (CARRY4=10 LUT4=1 LUT5=1 LUT6=6 MUXF7=1 MUXF8=1)
  Clock Path Skew:        -0.046ns (DCD - SCD + CPR)
    Destination Clock Delay (DCD):    -2.292ns = ( 4.375 - 6.667 ) 
    Source Clock Delay      (SCD):    -2.622ns
    Clock Pessimism Removal (CPR):    -0.377ns
  Clock Uncertainty:      0.072ns  ((TSJ^2 + DJ^2)^1/2) / 2 + PE
    Total System Jitter     (TSJ):    0.071ns
    Discrete Jitter          (DJ):    0.126ns
    Phase Error              (PE):    0.000ns

    Location             Delay type                Incr(ns)  Path(ns)    Netlist Resource(s)
  -------------------------------------------------------------------    -------------------
                         (clock clk_out2_pll rise edge)
                                                      0.000     0.000 r  
    AD12                                              0.000     0.000 r  i_sys_clk_p (IN)
                         net (fo=0)                   0.000     0.000    pll_inst/inst/clk_in1_p
    AD12                 IBUFDS (Prop_ibufds_I_O)     0.906     0.906 r  pll_inst/inst/clkin1_ibufgds/O
                         net (fo=1, routed)           1.098     2.004    pll_inst/inst/clk_in1_pll
    PLLE2_ADV_X1Y1       PLLE2_ADV (Prop_plle2_adv_CLKIN1_CLKOUT1)
                                                     -8.058    -6.054 r  pll_inst/inst/plle2_adv_inst/CLKOUT1
                         net (fo=1, routed)           2.128    -3.926    pll_inst/inst/clk_out2_pll
    BUFGCTRL_X0Y0        BUFG (Prop_bufg_I_O)         0.093    -3.833 r  pll_inst/inst/clkout2_buf/O
                         net (fo=2038, routed)        1.211    -2.622    student_top_inst/Core_cpu/if_stage/clk_out2
    SLICE_X72Y183        FDCE                                         r  student_top_inst/Core_cpu/if_stage/if_instr_reg[23]_rep/C
  -------------------------------------------------------------------    -------------------
    SLICE_X72Y183        FDCE (Prop_fdce_C_Q)         0.223    -2.399 r  student_top_inst/Core_cpu/if_stage/if_instr_reg[23]_rep/Q
                         net (fo=85, routed)          0.893    -1.506    student_top_inst/Core_cpu/rf/ex_reg_reg[69]_i_5_0
    SLICE_X80Y175        LUT6 (Prop_lut6_I2_O)        0.043    -1.463 r  student_top_inst/Core_cpu/rf/ex_reg[64]_i_11/O
                         net (fo=1, routed)           0.000    -1.463    student_top_inst/Core_cpu/rf/ex_reg[64]_i_11_n_0
    SLICE_X80Y175        MUXF7 (Prop_muxf7_I0_O)      0.107    -1.356 r  student_top_inst/Core_cpu/rf/ex_reg_reg[64]_i_6/O
                         net (fo=1, routed)           0.000    -1.356    student_top_inst/Core_cpu/rf/ex_reg_reg[64]_i_6_n_0
    SLICE_X80Y175        MUXF8 (Prop_muxf8_I1_O)      0.043    -1.313 r  student_top_inst/Core_cpu/rf/ex_reg_reg[64]_i_3/O
                         net (fo=1, routed)           0.683    -0.631    student_top_inst/Core_cpu/mem_stage/ex_reg_reg[64]
    SLICE_X68Y169        LUT5 (Prop_lut5_I2_O)        0.126    -0.505 r  student_top_inst/Core_cpu/mem_stage/ex_reg[64]_i_2/O
                         net (fo=1, routed)           0.381    -0.124    student_top_inst/Core_cpu/ex_stage/ex_reg_reg[64]_0
    SLICE_X65Y169        LUT6 (Prop_lut6_I5_O)        0.043    -0.081 r  student_top_inst/Core_cpu/ex_stage/ex_reg[64]_i_1/O
                         net (fo=9, routed)           0.583     0.502    student_top_inst/Core_cpu/ex_stage/id_to_ex_bus[64]
    SLICE_X61Y167        LUT4 (Prop_lut4_I1_O)        0.043     0.545 r  student_top_inst/Core_cpu/ex_stage/i__carry_i_6__0/O
                         net (fo=1, routed)           0.000     0.545    student_top_inst/Core_cpu/id_stage/isTrue0_inferred__3/i__carry__0_1[2]
    SLICE_X61Y167        CARRY4 (Prop_carry4_S[2]_CO[3])
                                                      0.195     0.740 r  student_top_inst/Core_cpu/id_stage/isTrue0_inferred__3/i__carry/CO[3]
                         net (fo=1, routed)           0.000     0.740    student_top_inst/Core_cpu/id_stage/isTrue0_inferred__3/i__carry_n_0
    SLICE_X61Y168        CARRY4 (Prop_carry4_CI_CO[3])
                                                      0.053     0.793 r  student_top_inst/Core_cpu/id_stage/isTrue0_inferred__3/i__carry__0/CO[3]
                         net (fo=1, routed)           0.000     0.793    student_top_inst/Core_cpu/id_stage/isTrue0_inferred__3/i__carry__0_n_0
    SLICE_X61Y169        CARRY4 (Prop_carry4_CI_CO[3])
                                                      0.053     0.846 r  student_top_inst/Core_cpu/id_stage/isTrue0_inferred__3/i__carry__1/CO[3]
                         net (fo=1, routed)           0.000     0.846    student_top_inst/Core_cpu/id_stage/isTrue0_inferred__3/i__carry__1_n_0
    SLICE_X61Y170        CARRY4 (Prop_carry4_CI_CO[3])
                                                      0.053     0.899 r  student_top_inst/Core_cpu/id_stage/isTrue0_inferred__3/i__carry__2/CO[3]
                         net (fo=1, routed)           0.560     1.459    student_top_inst/Core_cpu/if_stage/pc_inst/reg_pc[0]_i_4_2[0]
    SLICE_X61Y174        LUT6 (Prop_lut6_I5_O)        0.043     1.502 r  student_top_inst/Core_cpu/if_stage/pc_inst/reg_pc[0]_i_5/O
                         net (fo=1, routed)           0.285     1.787    student_top_inst/Core_cpu/if_stage/pc_inst/reg_pc[0]_i_5_n_0
    SLICE_X59Y175        LUT6 (Prop_lut6_I0_O)        0.043     1.830 r  student_top_inst/Core_cpu/if_stage/pc_inst/reg_pc[0]_i_4/O
                         net (fo=33, routed)          0.297     2.127    student_top_inst/Core_cpu/if_stage/pc_inst/id_stage/isTrue__8
    SLICE_X59Y174        LUT6 (Prop_lut6_I2_O)        0.043     2.170 r  student_top_inst/Core_cpu/if_stage/pc_inst/reg_pc[1]_i_7/O
                         net (fo=2, routed)           0.322     2.491    student_top_inst/Core_cpu/if_stage/pc_inst/reg_pc[1]_i_7_n_0
    SLICE_X61Y174        LUT6 (Prop_lut6_I3_O)        0.043     2.534 r  student_top_inst/Core_cpu/if_stage/pc_inst/reg_pc[1]_i_2/O
                         net (fo=1, routed)           0.190     2.724    student_top_inst/Core_cpu/if_stage/pc_inst/reg_pc[1]_i_2_n_0
    SLICE_X60Y173        CARRY4 (Prop_carry4_DI[1]_CO[3])
                                                      0.250     2.974 r  student_top_inst/Core_cpu/if_stage/pc_inst/reg_pc_reg[1]_i_1/CO[3]
                         net (fo=1, routed)           0.000     2.974    student_top_inst/Core_cpu/if_stage/pc_inst/reg_pc_reg[1]_i_1_n_0
    SLICE_X60Y174        CARRY4 (Prop_carry4_CI_CO[3])
                                                      0.053     3.027 r  student_top_inst/Core_cpu/if_stage/pc_inst/reg_pc_reg[5]_i_1/CO[3]
                         net (fo=1, routed)           0.007     3.034    student_top_inst/Core_cpu/if_stage/pc_inst/reg_pc_reg[5]_i_1_n_0
    SLICE_X60Y175        CARRY4 (Prop_carry4_CI_CO[3])
                                                      0.053     3.087 r  student_top_inst/Core_cpu/if_stage/pc_inst/reg_pc_reg[9]_i_1/CO[3]
                         net (fo=1, routed)           0.000     3.087    student_top_inst/Core_cpu/if_stage/pc_inst/reg_pc_reg[9]_i_1_n_0
    SLICE_X60Y176        CARRY4 (Prop_carry4_CI_CO[3])
                                                      0.053     3.140 r  student_top_inst/Core_cpu/if_stage/pc_inst/reg_pc_reg[13]_i_1/CO[3]
                         net (fo=1, routed)           0.000     3.140    student_top_inst/Core_cpu/if_stage/pc_inst/reg_pc_reg[13]_i_1_n_0
    SLICE_X60Y177        CARRY4 (Prop_carry4_CI_CO[3])
                                                      0.053     3.193 r  student_top_inst/Core_cpu/if_stage/pc_inst/reg_pc_reg[17]_i_1/CO[3]
                         net (fo=1, routed)           0.000     3.193    student_top_inst/Core_cpu/if_stage/pc_inst/reg_pc_reg[17]_i_1_n_0
    SLICE_X60Y178        CARRY4 (Prop_carry4_CI_O[1])
                                                      0.166     3.359 r  student_top_inst/Core_cpu/if_stage/pc_inst/reg_pc_reg[21]_i_1/O[1]
                         net (fo=1, routed)           0.000     3.359    student_top_inst/Core_cpu/if_stage/pc_inst/reg_pc_reg[21]_i_1_n_6
    SLICE_X60Y178        FDCE                                         r  student_top_inst/Core_cpu/if_stage/pc_inst/reg_pc_reg[22]/D
  -------------------------------------------------------------------    -------------------

                         (clock clk_out2_pll rise edge)
                                                      6.667     6.667 r  
    AD12                                              0.000     6.667 r  i_sys_clk_p (IN)
                         net (fo=0)                   0.000     6.667    pll_inst/inst/clk_in1_p
    AD12                 IBUFDS (Prop_ibufds_I_O)     0.803     7.470 r  pll_inst/inst/clkin1_ibufgds/O
                         net (fo=1, routed)           1.001     8.471    pll_inst/inst/clk_in1_pll
    PLLE2_ADV_X1Y1       PLLE2_ADV (Prop_plle2_adv_CLKIN1_CLKOUT1)
                                                     -7.261     1.210 r  pll_inst/inst/plle2_adv_inst/CLKOUT1
                         net (fo=1, routed)           2.003     3.213    pll_inst/inst/clk_out2_pll
    BUFGCTRL_X0Y0        BUFG (Prop_bufg_I_O)         0.083     3.296 r  pll_inst/inst/clkout2_buf/O
                         net (fo=2038, routed)        1.079     4.375    student_top_inst/Core_cpu/if_stage/pc_inst/clk_out2
    SLICE_X60Y178        FDCE                                         r  student_top_inst/Core_cpu/if_stage/pc_inst/reg_pc_reg[22]/C
                         clock pessimism             -0.377     3.998    
                         clock uncertainty           -0.072     3.926    
    SLICE_X60Y178        FDCE (Setup_fdce_C_D)        0.049     3.975    student_top_inst/Core_cpu/if_stage/pc_inst/reg_pc_reg[22]
  -------------------------------------------------------------------
                         required time                          3.975    
                         arrival time                          -3.359    
  -------------------------------------------------------------------
                         slack                                  0.616    

Slack (MET) :             0.620ns  (required time - arrival time)
  Source:                 student_top_inst/Core_cpu/if_stage/if_instr_reg[23]_rep/C
                            (rising edge-triggered cell FDCE clocked by clk_out2_pll  {rise@0.000ns fall@3.333ns period=6.667ns})
  Destination:            student_top_inst/Core_cpu/if_stage/pc_inst/reg_pc_reg[25]/D
                            (rising edge-triggered cell FDCE clocked by clk_out2_pll  {rise@0.000ns fall@3.333ns period=6.667ns})
  Path Group:             clk_out2_pll
  Path Type:              Setup (Max at Slow Process Corner)
  Requirement:            6.667ns  (clk_out2_pll rise@6.667ns - clk_out2_pll rise@0.000ns)
  Data Path Delay:        5.980ns  (logic 1.780ns (29.768%)  route 4.200ns (70.232%))
  Logic Levels:           21  (CARRY4=11 LUT4=1 LUT5=1 LUT6=6 MUXF7=1 MUXF8=1)
  Clock Path Skew:        -0.044ns (DCD - SCD + CPR)
    Destination Clock Delay (DCD):    -2.290ns = ( 4.377 - 6.667 ) 
    Source Clock Delay      (SCD):    -2.622ns
    Clock Pessimism Removal (CPR):    -0.377ns
  Clock Uncertainty:      0.072ns  ((TSJ^2 + DJ^2)^1/2) / 2 + PE
    Total System Jitter     (TSJ):    0.071ns
    Discrete Jitter          (DJ):    0.126ns
    Phase Error              (PE):    0.000ns

    Location             Delay type                Incr(ns)  Path(ns)    Netlist Resource(s)
  -------------------------------------------------------------------    -------------------
                         (clock clk_out2_pll rise edge)
                                                      0.000     0.000 r  
    AD12                                              0.000     0.000 r  i_sys_clk_p (IN)
                         net (fo=0)                   0.000     0.000    pll_inst/inst/clk_in1_p
    AD12                 IBUFDS (Prop_ibufds_I_O)     0.906     0.906 r  pll_inst/inst/clkin1_ibufgds/O
                         net (fo=1, routed)           1.098     2.004    pll_inst/inst/clk_in1_pll
    PLLE2_ADV_X1Y1       PLLE2_ADV (Prop_plle2_adv_CLKIN1_CLKOUT1)
                                                     -8.058    -6.054 r  pll_inst/inst/plle2_adv_inst/CLKOUT1
                         net (fo=1, routed)           2.128    -3.926    pll_inst/inst/clk_out2_pll
    BUFGCTRL_X0Y0        BUFG (Prop_bufg_I_O)         0.093    -3.833 r  pll_inst/inst/clkout2_buf/O
                         net (fo=2038, routed)        1.211    -2.622    student_top_inst/Core_cpu/if_stage/clk_out2
    SLICE_X72Y183        FDCE                                         r  student_top_inst/Core_cpu/if_stage/if_instr_reg[23]_rep/C
  -------------------------------------------------------------------    -------------------
    SLICE_X72Y183        FDCE (Prop_fdce_C_Q)         0.223    -2.399 r  student_top_inst/Core_cpu/if_stage/if_instr_reg[23]_rep/Q
                         net (fo=85, routed)          0.893    -1.506    student_top_inst/Core_cpu/rf/ex_reg_reg[69]_i_5_0
    SLICE_X80Y175        LUT6 (Prop_lut6_I2_O)        0.043    -1.463 r  student_top_inst/Core_cpu/rf/ex_reg[64]_i_11/O
                         net (fo=1, routed)           0.000    -1.463    student_top_inst/Core_cpu/rf/ex_reg[64]_i_11_n_0
    SLICE_X80Y175        MUXF7 (Prop_muxf7_I0_O)      0.107    -1.356 r  student_top_inst/Core_cpu/rf/ex_reg_reg[64]_i_6/O
                         net (fo=1, routed)           0.000    -1.356    student_top_inst/Core_cpu/rf/ex_reg_reg[64]_i_6_n_0
    SLICE_X80Y175        MUXF8 (Prop_muxf8_I1_O)      0.043    -1.313 r  student_top_inst/Core_cpu/rf/ex_reg_reg[64]_i_3/O
                         net (fo=1, routed)           0.683    -0.631    student_top_inst/Core_cpu/mem_stage/ex_reg_reg[64]
    SLICE_X68Y169        LUT5 (Prop_lut5_I2_O)        0.126    -0.505 r  student_top_inst/Core_cpu/mem_stage/ex_reg[64]_i_2/O
                         net (fo=1, routed)           0.381    -0.124    student_top_inst/Core_cpu/ex_stage/ex_reg_reg[64]_0
    SLICE_X65Y169        LUT6 (Prop_lut6_I5_O)        0.043    -0.081 r  student_top_inst/Core_cpu/ex_stage/ex_reg[64]_i_1/O
                         net (fo=9, routed)           0.583     0.502    student_top_inst/Core_cpu/ex_stage/id_to_ex_bus[64]
    SLICE_X61Y167        LUT4 (Prop_lut4_I1_O)        0.043     0.545 r  student_top_inst/Core_cpu/ex_stage/i__carry_i_6__0/O
                         net (fo=1, routed)           0.000     0.545    student_top_inst/Core_cpu/id_stage/isTrue0_inferred__3/i__carry__0_1[2]
    SLICE_X61Y167        CARRY4 (Prop_carry4_S[2]_CO[3])
                                                      0.195     0.740 r  student_top_inst/Core_cpu/id_stage/isTrue0_inferred__3/i__carry/CO[3]
                         net (fo=1, routed)           0.000     0.740    student_top_inst/Core_cpu/id_stage/isTrue0_inferred__3/i__carry_n_0
    SLICE_X61Y168        CARRY4 (Prop_carry4_CI_CO[3])
                                                      0.053     0.793 r  student_top_inst/Core_cpu/id_stage/isTrue0_inferred__3/i__carry__0/CO[3]
                         net (fo=1, routed)           0.000     0.793    student_top_inst/Core_cpu/id_stage/isTrue0_inferred__3/i__carry__0_n_0
    SLICE_X61Y169        CARRY4 (Prop_carry4_CI_CO[3])
                                                      0.053     0.846 r  student_top_inst/Core_cpu/id_stage/isTrue0_inferred__3/i__carry__1/CO[3]
                         net (fo=1, routed)           0.000     0.846    student_top_inst/Core_cpu/id_stage/isTrue0_inferred__3/i__carry__1_n_0
    SLICE_X61Y170        CARRY4 (Prop_carry4_CI_CO[3])
                                                      0.053     0.899 r  student_top_inst/Core_cpu/id_stage/isTrue0_inferred__3/i__carry__2/CO[3]
                         net (fo=1, routed)           0.560     1.459    student_top_inst/Core_cpu/if_stage/pc_inst/reg_pc[0]_i_4_2[0]
    SLICE_X61Y174        LUT6 (Prop_lut6_I5_O)        0.043     1.502 r  student_top_inst/Core_cpu/if_stage/pc_inst/reg_pc[0]_i_5/O
                         net (fo=1, routed)           0.285     1.787    student_top_inst/Core_cpu/if_stage/pc_inst/reg_pc[0]_i_5_n_0
    SLICE_X59Y175        LUT6 (Prop_lut6_I0_O)        0.043     1.830 r  student_top_inst/Core_cpu/if_stage/pc_inst/reg_pc[0]_i_4/O
                         net (fo=33, routed)          0.297     2.127    student_top_inst/Core_cpu/if_stage/pc_inst/id_stage/isTrue__8
    SLICE_X59Y174        LUT6 (Prop_lut6_I2_O)        0.043     2.170 r  student_top_inst/Core_cpu/if_stage/pc_inst/reg_pc[1]_i_7/O
                         net (fo=2, routed)           0.322     2.491    student_top_inst/Core_cpu/if_stage/pc_inst/reg_pc[1]_i_7_n_0
    SLICE_X61Y174        LUT6 (Prop_lut6_I3_O)        0.043     2.534 r  student_top_inst/Core_cpu/if_stage/pc_inst/reg_pc[1]_i_2/O
                         net (fo=1, routed)           0.190     2.724    student_top_inst/Core_cpu/if_stage/pc_inst/reg_pc[1]_i_2_n_0
    SLICE_X60Y173        CARRY4 (Prop_carry4_DI[1]_CO[3])
                                                      0.250     2.974 r  student_top_inst/Core_cpu/if_stage/pc_inst/reg_pc_reg[1]_i_1/CO[3]
                         net (fo=1, routed)           0.000     2.974    student_top_inst/Core_cpu/if_stage/pc_inst/reg_pc_reg[1]_i_1_n_0
    SLICE_X60Y174        CARRY4 (Prop_carry4_CI_CO[3])
                                                      0.053     3.027 r  student_top_inst/Core_cpu/if_stage/pc_inst/reg_pc_reg[5]_i_1/CO[3]
                         net (fo=1, routed)           0.007     3.034    student_top_inst/Core_cpu/if_stage/pc_inst/reg_pc_reg[5]_i_1_n_0
    SLICE_X60Y175        CARRY4 (Prop_carry4_CI_CO[3])
                                                      0.053     3.087 r  student_top_inst/Core_cpu/if_stage/pc_inst/reg_pc_reg[9]_i_1/CO[3]
                         net (fo=1, routed)           0.000     3.087    student_top_inst/Core_cpu/if_stage/pc_inst/reg_pc_reg[9]_i_1_n_0
    SLICE_X60Y176        CARRY4 (Prop_carry4_CI_CO[3])
                                                      0.053     3.140 r  student_top_inst/Core_cpu/if_stage/pc_inst/reg_pc_reg[13]_i_1/CO[3]
                         net (fo=1, routed)           0.000     3.140    student_top_inst/Core_cpu/if_stage/pc_inst/reg_pc_reg[13]_i_1_n_0
    SLICE_X60Y177        CARRY4 (Prop_carry4_CI_CO[3])
                                                      0.053     3.193 r  student_top_inst/Core_cpu/if_stage/pc_inst/reg_pc_reg[17]_i_1/CO[3]
                         net (fo=1, routed)           0.000     3.193    student_top_inst/Core_cpu/if_stage/pc_inst/reg_pc_reg[17]_i_1_n_0
    SLICE_X60Y178        CARRY4 (Prop_carry4_CI_CO[3])
                                                      0.053     3.246 r  student_top_inst/Core_cpu/if_stage/pc_inst/reg_pc_reg[21]_i_1/CO[3]
                         net (fo=1, routed)           0.000     3.246    student_top_inst/Core_cpu/if_stage/pc_inst/reg_pc_reg[21]_i_1_n_0
    SLICE_X60Y179        CARRY4 (Prop_carry4_CI_O[0])
                                                      0.111     3.357 r  student_top_inst/Core_cpu/if_stage/pc_inst/reg_pc_reg[25]_i_1/O[0]
                         net (fo=1, routed)           0.000     3.357    student_top_inst/Core_cpu/if_stage/pc_inst/reg_pc_reg[25]_i_1_n_7
    SLICE_X60Y179        FDCE                                         r  student_top_inst/Core_cpu/if_stage/pc_inst/reg_pc_reg[25]/D
  -------------------------------------------------------------------    -------------------

                         (clock clk_out2_pll rise edge)
                                                      6.667     6.667 r  
    AD12                                              0.000     6.667 r  i_sys_clk_p (IN)
                         net (fo=0)                   0.000     6.667    pll_inst/inst/clk_in1_p
    AD12                 IBUFDS (Prop_ibufds_I_O)     0.803     7.470 r  pll_inst/inst/clkin1_ibufgds/O
                         net (fo=1, routed)           1.001     8.471    pll_inst/inst/clk_in1_pll
    PLLE2_ADV_X1Y1       PLLE2_ADV (Prop_plle2_adv_CLKIN1_CLKOUT1)
                                                     -7.261     1.210 r  pll_inst/inst/plle2_adv_inst/CLKOUT1
                         net (fo=1, routed)           2.003     3.213    pll_inst/inst/clk_out2_pll
    BUFGCTRL_X0Y0        BUFG (Prop_bufg_I_O)         0.083     3.296 r  pll_inst/inst/clkout2_buf/O
                         net (fo=2038, routed)        1.081     4.377    student_top_inst/Core_cpu/if_stage/pc_inst/clk_out2
    SLICE_X60Y179        FDCE                                         r  student_top_inst/Core_cpu/if_stage/pc_inst/reg_pc_reg[25]/C
                         clock pessimism             -0.377     4.000    
                         clock uncertainty           -0.072     3.928    
    SLICE_X60Y179        FDCE (Setup_fdce_C_D)        0.049     3.977    student_top_inst/Core_cpu/if_stage/pc_inst/reg_pc_reg[25]
  -------------------------------------------------------------------
                         required time                          3.977    
                         arrival time                          -3.357    
  -------------------------------------------------------------------
                         slack                                  0.620    

Slack (MET) :             0.620ns  (required time - arrival time)
  Source:                 student_top_inst/Core_cpu/if_stage/if_instr_reg[23]_rep/C
                            (rising edge-triggered cell FDCE clocked by clk_out2_pll  {rise@0.000ns fall@3.333ns period=6.667ns})
  Destination:            student_top_inst/Core_cpu/if_stage/pc_inst/reg_pc_reg[27]/D
                            (rising edge-triggered cell FDCE clocked by clk_out2_pll  {rise@0.000ns fall@3.333ns period=6.667ns})
  Path Group:             clk_out2_pll
  Path Type:              Setup (Max at Slow Process Corner)
  Requirement:            6.667ns  (clk_out2_pll rise@6.667ns - clk_out2_pll rise@0.000ns)
  Data Path Delay:        5.980ns  (logic 1.780ns (29.768%)  route 4.200ns (70.232%))
  Logic Levels:           21  (CARRY4=11 LUT4=1 LUT5=1 LUT6=6 MUXF7=1 MUXF8=1)
  Clock Path Skew:        -0.044ns (DCD - SCD + CPR)
    Destination Clock Delay (DCD):    -2.290ns = ( 4.377 - 6.667 ) 
    Source Clock Delay      (SCD):    -2.622ns
    Clock Pessimism Removal (CPR):    -0.377ns
  Clock Uncertainty:      0.072ns  ((TSJ^2 + DJ^2)^1/2) / 2 + PE
    Total System Jitter     (TSJ):    0.071ns
    Discrete Jitter          (DJ):    0.126ns
    Phase Error              (PE):    0.000ns

    Location             Delay type                Incr(ns)  Path(ns)    Netlist Resource(s)
  -------------------------------------------------------------------    -------------------
                         (clock clk_out2_pll rise edge)
                                                      0.000     0.000 r  
    AD12                                              0.000     0.000 r  i_sys_clk_p (IN)
                         net (fo=0)                   0.000     0.000    pll_inst/inst/clk_in1_p
    AD12                 IBUFDS (Prop_ibufds_I_O)     0.906     0.906 r  pll_inst/inst/clkin1_ibufgds/O
                         net (fo=1, routed)           1.098     2.004    pll_inst/inst/clk_in1_pll
    PLLE2_ADV_X1Y1       PLLE2_ADV (Prop_plle2_adv_CLKIN1_CLKOUT1)
                                                     -8.058    -6.054 r  pll_inst/inst/plle2_adv_inst/CLKOUT1
                         net (fo=1, routed)           2.128    -3.926    pll_inst/inst/clk_out2_pll
    BUFGCTRL_X0Y0        BUFG (Prop_bufg_I_O)         0.093    -3.833 r  pll_inst/inst/clkout2_buf/O
                         net (fo=2038, routed)        1.211    -2.622    student_top_inst/Core_cpu/if_stage/clk_out2
    SLICE_X72Y183        FDCE                                         r  student_top_inst/Core_cpu/if_stage/if_instr_reg[23]_rep/C
  -------------------------------------------------------------------    -------------------
    SLICE_X72Y183        FDCE (Prop_fdce_C_Q)         0.223    -2.399 r  student_top_inst/Core_cpu/if_stage/if_instr_reg[23]_rep/Q
                         net (fo=85, routed)          0.893    -1.506    student_top_inst/Core_cpu/rf/ex_reg_reg[69]_i_5_0
    SLICE_X80Y175        LUT6 (Prop_lut6_I2_O)        0.043    -1.463 r  student_top_inst/Core_cpu/rf/ex_reg[64]_i_11/O
                         net (fo=1, routed)           0.000    -1.463    student_top_inst/Core_cpu/rf/ex_reg[64]_i_11_n_0
    SLICE_X80Y175        MUXF7 (Prop_muxf7_I0_O)      0.107    -1.356 r  student_top_inst/Core_cpu/rf/ex_reg_reg[64]_i_6/O
                         net (fo=1, routed)           0.000    -1.356    student_top_inst/Core_cpu/rf/ex_reg_reg[64]_i_6_n_0
    SLICE_X80Y175        MUXF8 (Prop_muxf8_I1_O)      0.043    -1.313 r  student_top_inst/Core_cpu/rf/ex_reg_reg[64]_i_3/O
                         net (fo=1, routed)           0.683    -0.631    student_top_inst/Core_cpu/mem_stage/ex_reg_reg[64]
    SLICE_X68Y169        LUT5 (Prop_lut5_I2_O)        0.126    -0.505 r  student_top_inst/Core_cpu/mem_stage/ex_reg[64]_i_2/O
                         net (fo=1, routed)           0.381    -0.124    student_top_inst/Core_cpu/ex_stage/ex_reg_reg[64]_0
    SLICE_X65Y169        LUT6 (Prop_lut6_I5_O)        0.043    -0.081 r  student_top_inst/Core_cpu/ex_stage/ex_reg[64]_i_1/O
                         net (fo=9, routed)           0.583     0.502    student_top_inst/Core_cpu/ex_stage/id_to_ex_bus[64]
    SLICE_X61Y167        LUT4 (Prop_lut4_I1_O)        0.043     0.545 r  student_top_inst/Core_cpu/ex_stage/i__carry_i_6__0/O
                         net (fo=1, routed)           0.000     0.545    student_top_inst/Core_cpu/id_stage/isTrue0_inferred__3/i__carry__0_1[2]
    SLICE_X61Y167        CARRY4 (Prop_carry4_S[2]_CO[3])
                                                      0.195     0.740 r  student_top_inst/Core_cpu/id_stage/isTrue0_inferred__3/i__carry/CO[3]
                         net (fo=1, routed)           0.000     0.740    student_top_inst/Core_cpu/id_stage/isTrue0_inferred__3/i__carry_n_0
    SLICE_X61Y168        CARRY4 (Prop_carry4_CI_CO[3])
                                                      0.053     0.793 r  student_top_inst/Core_cpu/id_stage/isTrue0_inferred__3/i__carry__0/CO[3]
                         net (fo=1, routed)           0.000     0.793    student_top_inst/Core_cpu/id_stage/isTrue0_inferred__3/i__carry__0_n_0
    SLICE_X61Y169        CARRY4 (Prop_carry4_CI_CO[3])
                                                      0.053     0.846 r  student_top_inst/Core_cpu/id_stage/isTrue0_inferred__3/i__carry__1/CO[3]
                         net (fo=1, routed)           0.000     0.846    student_top_inst/Core_cpu/id_stage/isTrue0_inferred__3/i__carry__1_n_0
    SLICE_X61Y170        CARRY4 (Prop_carry4_CI_CO[3])
                                                      0.053     0.899 r  student_top_inst/Core_cpu/id_stage/isTrue0_inferred__3/i__carry__2/CO[3]
                         net (fo=1, routed)           0.560     1.459    student_top_inst/Core_cpu/if_stage/pc_inst/reg_pc[0]_i_4_2[0]
    SLICE_X61Y174        LUT6 (Prop_lut6_I5_O)        0.043     1.502 r  student_top_inst/Core_cpu/if_stage/pc_inst/reg_pc[0]_i_5/O
                         net (fo=1, routed)           0.285     1.787    student_top_inst/Core_cpu/if_stage/pc_inst/reg_pc[0]_i_5_n_0
    SLICE_X59Y175        LUT6 (Prop_lut6_I0_O)        0.043     1.830 r  student_top_inst/Core_cpu/if_stage/pc_inst/reg_pc[0]_i_4/O
                         net (fo=33, routed)          0.297     2.127    student_top_inst/Core_cpu/if_stage/pc_inst/id_stage/isTrue__8
    SLICE_X59Y174        LUT6 (Prop_lut6_I2_O)        0.043     2.170 r  student_top_inst/Core_cpu/if_stage/pc_inst/reg_pc[1]_i_7/O
                         net (fo=2, routed)           0.322     2.491    student_top_inst/Core_cpu/if_stage/pc_inst/reg_pc[1]_i_7_n_0
    SLICE_X61Y174        LUT6 (Prop_lut6_I3_O)        0.043     2.534 r  student_top_inst/Core_cpu/if_stage/pc_inst/reg_pc[1]_i_2/O
                         net (fo=1, routed)           0.190     2.724    student_top_inst/Core_cpu/if_stage/pc_inst/reg_pc[1]_i_2_n_0
    SLICE_X60Y173        CARRY4 (Prop_carry4_DI[1]_CO[3])
                                                      0.250     2.974 r  student_top_inst/Core_cpu/if_stage/pc_inst/reg_pc_reg[1]_i_1/CO[3]
                         net (fo=1, routed)           0.000     2.974    student_top_inst/Core_cpu/if_stage/pc_inst/reg_pc_reg[1]_i_1_n_0
    SLICE_X60Y174        CARRY4 (Prop_carry4_CI_CO[3])
                                                      0.053     3.027 r  student_top_inst/Core_cpu/if_stage/pc_inst/reg_pc_reg[5]_i_1/CO[3]
                         net (fo=1, routed)           0.007     3.034    student_top_inst/Core_cpu/if_stage/pc_inst/reg_pc_reg[5]_i_1_n_0
    SLICE_X60Y175        CARRY4 (Prop_carry4_CI_CO[3])
                                                      0.053     3.087 r  student_top_inst/Core_cpu/if_stage/pc_inst/reg_pc_reg[9]_i_1/CO[3]
                         net (fo=1, routed)           0.000     3.087    student_top_inst/Core_cpu/if_stage/pc_inst/reg_pc_reg[9]_i_1_n_0
    SLICE_X60Y176        CARRY4 (Prop_carry4_CI_CO[3])
                                                      0.053     3.140 r  student_top_inst/Core_cpu/if_stage/pc_inst/reg_pc_reg[13]_i_1/CO[3]
                         net (fo=1, routed)           0.000     3.140    student_top_inst/Core_cpu/if_stage/pc_inst/reg_pc_reg[13]_i_1_n_0
    SLICE_X60Y177        CARRY4 (Prop_carry4_CI_CO[3])
                                                      0.053     3.193 r  student_top_inst/Core_cpu/if_stage/pc_inst/reg_pc_reg[17]_i_1/CO[3]
                         net (fo=1, routed)           0.000     3.193    student_top_inst/Core_cpu/if_stage/pc_inst/reg_pc_reg[17]_i_1_n_0
    SLICE_X60Y178        CARRY4 (Prop_carry4_CI_CO[3])
                                                      0.053     3.246 r  student_top_inst/Core_cpu/if_stage/pc_inst/reg_pc_reg[21]_i_1/CO[3]
                         net (fo=1, routed)           0.000     3.246    student_top_inst/Core_cpu/if_stage/pc_inst/reg_pc_reg[21]_i_1_n_0
    SLICE_X60Y179        CARRY4 (Prop_carry4_CI_O[2])
                                                      0.111     3.357 r  student_top_inst/Core_cpu/if_stage/pc_inst/reg_pc_reg[25]_i_1/O[2]
                         net (fo=1, routed)           0.000     3.357    student_top_inst/Core_cpu/if_stage/pc_inst/reg_pc_reg[25]_i_1_n_5
    SLICE_X60Y179        FDCE                                         r  student_top_inst/Core_cpu/if_stage/pc_inst/reg_pc_reg[27]/D
  -------------------------------------------------------------------    -------------------

                         (clock clk_out2_pll rise edge)
                                                      6.667     6.667 r  
    AD12                                              0.000     6.667 r  i_sys_clk_p (IN)
                         net (fo=0)                   0.000     6.667    pll_inst/inst/clk_in1_p
    AD12                 IBUFDS (Prop_ibufds_I_O)     0.803     7.470 r  pll_inst/inst/clkin1_ibufgds/O
                         net (fo=1, routed)           1.001     8.471    pll_inst/inst/clk_in1_pll
    PLLE2_ADV_X1Y1       PLLE2_ADV (Prop_plle2_adv_CLKIN1_CLKOUT1)
                                                     -7.261     1.210 r  pll_inst/inst/plle2_adv_inst/CLKOUT1
                         net (fo=1, routed)           2.003     3.213    pll_inst/inst/clk_out2_pll
    BUFGCTRL_X0Y0        BUFG (Prop_bufg_I_O)         0.083     3.296 r  pll_inst/inst/clkout2_buf/O
                         net (fo=2038, routed)        1.081     4.377    student_top_inst/Core_cpu/if_stage/pc_inst/clk_out2
    SLICE_X60Y179        FDCE                                         r  student_top_inst/Core_cpu/if_stage/pc_inst/reg_pc_reg[27]/C
                         clock pessimism             -0.377     4.000    
                         clock uncertainty           -0.072     3.928    
    SLICE_X60Y179        FDCE (Setup_fdce_C_D)        0.049     3.977    student_top_inst/Core_cpu/if_stage/pc_inst/reg_pc_reg[27]
  -------------------------------------------------------------------
                         required time                          3.977    
                         arrival time                          -3.357    
  -------------------------------------------------------------------
                         slack                                  0.620    

Slack (MET) :             0.633ns  (required time - arrival time)
  Source:                 student_top_inst/Core_cpu/if_stage/if_instr_reg[23]_rep/C
                            (rising edge-triggered cell FDCE clocked by clk_out2_pll  {rise@0.000ns fall@3.333ns period=6.667ns})
  Destination:            student_top_inst/Core_cpu/if_stage/pc_inst/reg_pc_reg[24]/D
                            (rising edge-triggered cell FDCE clocked by clk_out2_pll  {rise@0.000ns fall@3.333ns period=6.667ns})
  Path Group:             clk_out2_pll
  Path Type:              Setup (Max at Slow Process Corner)
  Requirement:            6.667ns  (clk_out2_pll rise@6.667ns - clk_out2_pll rise@0.000ns)
  Data Path Delay:        5.965ns  (logic 1.765ns (29.592%)  route 4.200ns (70.408%))
  Logic Levels:           20  (CARRY4=10 LUT4=1 LUT5=1 LUT6=6 MUXF7=1 MUXF8=1)
  Clock Path Skew:        -0.046ns (DCD - SCD + CPR)
    Destination Clock Delay (DCD):    -2.292ns = ( 4.375 - 6.667 ) 
    Source Clock Delay      (SCD):    -2.622ns
    Clock Pessimism Removal (CPR):    -0.377ns
  Clock Uncertainty:      0.072ns  ((TSJ^2 + DJ^2)^1/2) / 2 + PE
    Total System Jitter     (TSJ):    0.071ns
    Discrete Jitter          (DJ):    0.126ns
    Phase Error              (PE):    0.000ns

    Location             Delay type                Incr(ns)  Path(ns)    Netlist Resource(s)
  -------------------------------------------------------------------    -------------------
                         (clock clk_out2_pll rise edge)
                                                      0.000     0.000 r  
    AD12                                              0.000     0.000 r  i_sys_clk_p (IN)
                         net (fo=0)                   0.000     0.000    pll_inst/inst/clk_in1_p
    AD12                 IBUFDS (Prop_ibufds_I_O)     0.906     0.906 r  pll_inst/inst/clkin1_ibufgds/O
                         net (fo=1, routed)           1.098     2.004    pll_inst/inst/clk_in1_pll
    PLLE2_ADV_X1Y1       PLLE2_ADV (Prop_plle2_adv_CLKIN1_CLKOUT1)
                                                     -8.058    -6.054 r  pll_inst/inst/plle2_adv_inst/CLKOUT1
                         net (fo=1, routed)           2.128    -3.926    pll_inst/inst/clk_out2_pll
    BUFGCTRL_X0Y0        BUFG (Prop_bufg_I_O)         0.093    -3.833 r  pll_inst/inst/clkout2_buf/O
                         net (fo=2038, routed)        1.211    -2.622    student_top_inst/Core_cpu/if_stage/clk_out2
    SLICE_X72Y183        FDCE                                         r  student_top_inst/Core_cpu/if_stage/if_instr_reg[23]_rep/C
  -------------------------------------------------------------------    -------------------
    SLICE_X72Y183        FDCE (Prop_fdce_C_Q)         0.223    -2.399 r  student_top_inst/Core_cpu/if_stage/if_instr_reg[23]_rep/Q
                         net (fo=85, routed)          0.893    -1.506    student_top_inst/Core_cpu/rf/ex_reg_reg[69]_i_5_0
    SLICE_X80Y175        LUT6 (Prop_lut6_I2_O)        0.043    -1.463 r  student_top_inst/Core_cpu/rf/ex_reg[64]_i_11/O
                         net (fo=1, routed)           0.000    -1.463    student_top_inst/Core_cpu/rf/ex_reg[64]_i_11_n_0
    SLICE_X80Y175        MUXF7 (Prop_muxf7_I0_O)      0.107    -1.356 r  student_top_inst/Core_cpu/rf/ex_reg_reg[64]_i_6/O
                         net (fo=1, routed)           0.000    -1.356    student_top_inst/Core_cpu/rf/ex_reg_reg[64]_i_6_n_0
    SLICE_X80Y175        MUXF8 (Prop_muxf8_I1_O)      0.043    -1.313 r  student_top_inst/Core_cpu/rf/ex_reg_reg[64]_i_3/O
                         net (fo=1, routed)           0.683    -0.631    student_top_inst/Core_cpu/mem_stage/ex_reg_reg[64]
    SLICE_X68Y169        LUT5 (Prop_lut5_I2_O)        0.126    -0.505 r  student_top_inst/Core_cpu/mem_stage/ex_reg[64]_i_2/O
                         net (fo=1, routed)           0.381    -0.124    student_top_inst/Core_cpu/ex_stage/ex_reg_reg[64]_0
    SLICE_X65Y169        LUT6 (Prop_lut6_I5_O)        0.043    -0.081 r  student_top_inst/Core_cpu/ex_stage/ex_reg[64]_i_1/O
                         net (fo=9, routed)           0.583     0.502    student_top_inst/Core_cpu/ex_stage/id_to_ex_bus[64]
    SLICE_X61Y167        LUT4 (Prop_lut4_I1_O)        0.043     0.545 r  student_top_inst/Core_cpu/ex_stage/i__carry_i_6__0/O
                         net (fo=1, routed)           0.000     0.545    student_top_inst/Core_cpu/id_stage/isTrue0_inferred__3/i__carry__0_1[2]
    SLICE_X61Y167        CARRY4 (Prop_carry4_S[2]_CO[3])
                                                      0.195     0.740 r  student_top_inst/Core_cpu/id_stage/isTrue0_inferred__3/i__carry/CO[3]
                         net (fo=1, routed)           0.000     0.740    student_top_inst/Core_cpu/id_stage/isTrue0_inferred__3/i__carry_n_0
    SLICE_X61Y168        CARRY4 (Prop_carry4_CI_CO[3])
                                                      0.053     0.793 r  student_top_inst/Core_cpu/id_stage/isTrue0_inferred__3/i__carry__0/CO[3]
                         net (fo=1, routed)           0.000     0.793    student_top_inst/Core_cpu/id_stage/isTrue0_inferred__3/i__carry__0_n_0
    SLICE_X61Y169        CARRY4 (Prop_carry4_CI_CO[3])
                                                      0.053     0.846 r  student_top_inst/Core_cpu/id_stage/isTrue0_inferred__3/i__carry__1/CO[3]
                         net (fo=1, routed)           0.000     0.846    student_top_inst/Core_cpu/id_stage/isTrue0_inferred__3/i__carry__1_n_0
    SLICE_X61Y170        CARRY4 (Prop_carry4_CI_CO[3])
                                                      0.053     0.899 r  student_top_inst/Core_cpu/id_stage/isTrue0_inferred__3/i__carry__2/CO[3]
                         net (fo=1, routed)           0.560     1.459    student_top_inst/Core_cpu/if_stage/pc_inst/reg_pc[0]_i_4_2[0]
    SLICE_X61Y174        LUT6 (Prop_lut6_I5_O)        0.043     1.502 r  student_top_inst/Core_cpu/if_stage/pc_inst/reg_pc[0]_i_5/O
                         net (fo=1, routed)           0.285     1.787    student_top_inst/Core_cpu/if_stage/pc_inst/reg_pc[0]_i_5_n_0
    SLICE_X59Y175        LUT6 (Prop_lut6_I0_O)        0.043     1.830 r  student_top_inst/Core_cpu/if_stage/pc_inst/reg_pc[0]_i_4/O
                         net (fo=33, routed)          0.297     2.127    student_top_inst/Core_cpu/if_stage/pc_inst/id_stage/isTrue__8
    SLICE_X59Y174        LUT6 (Prop_lut6_I2_O)        0.043     2.170 r  student_top_inst/Core_cpu/if_stage/pc_inst/reg_pc[1]_i_7/O
                         net (fo=2, routed)           0.322     2.491    student_top_inst/Core_cpu/if_stage/pc_inst/reg_pc[1]_i_7_n_0
    SLICE_X61Y174        LUT6 (Prop_lut6_I3_O)        0.043     2.534 r  student_top_inst/Core_cpu/if_stage/pc_inst/reg_pc[1]_i_2/O
                         net (fo=1, routed)           0.190     2.724    student_top_inst/Core_cpu/if_stage/pc_inst/reg_pc[1]_i_2_n_0
    SLICE_X60Y173        CARRY4 (Prop_carry4_DI[1]_CO[3])
                                                      0.250     2.974 r  student_top_inst/Core_cpu/if_stage/pc_inst/reg_pc_reg[1]_i_1/CO[3]
                         net (fo=1, routed)           0.000     2.974    student_top_inst/Core_cpu/if_stage/pc_inst/reg_pc_reg[1]_i_1_n_0
    SLICE_X60Y174        CARRY4 (Prop_carry4_CI_CO[3])
                                                      0.053     3.027 r  student_top_inst/Core_cpu/if_stage/pc_inst/reg_pc_reg[5]_i_1/CO[3]
                         net (fo=1, routed)           0.007     3.034    student_top_inst/Core_cpu/if_stage/pc_inst/reg_pc_reg[5]_i_1_n_0
    SLICE_X60Y175        CARRY4 (Prop_carry4_CI_CO[3])
                                                      0.053     3.087 r  student_top_inst/Core_cpu/if_stage/pc_inst/reg_pc_reg[9]_i_1/CO[3]
                         net (fo=1, routed)           0.000     3.087    student_top_inst/Core_cpu/if_stage/pc_inst/reg_pc_reg[9]_i_1_n_0
    SLICE_X60Y176        CARRY4 (Prop_carry4_CI_CO[3])
                                                      0.053     3.140 r  student_top_inst/Core_cpu/if_stage/pc_inst/reg_pc_reg[13]_i_1/CO[3]
                         net (fo=1, routed)           0.000     3.140    student_top_inst/Core_cpu/if_stage/pc_inst/reg_pc_reg[13]_i_1_n_0
    SLICE_X60Y177        CARRY4 (Prop_carry4_CI_CO[3])
                                                      0.053     3.193 r  student_top_inst/Core_cpu/if_stage/pc_inst/reg_pc_reg[17]_i_1/CO[3]
                         net (fo=1, routed)           0.000     3.193    student_top_inst/Core_cpu/if_stage/pc_inst/reg_pc_reg[17]_i_1_n_0
    SLICE_X60Y178        CARRY4 (Prop_carry4_CI_O[3])
                                                      0.149     3.342 r  student_top_inst/Core_cpu/if_stage/pc_inst/reg_pc_reg[21]_i_1/O[3]
                         net (fo=1, routed)           0.000     3.342    student_top_inst/Core_cpu/if_stage/pc_inst/reg_pc_reg[21]_i_1_n_4
    SLICE_X60Y178        FDCE                                         r  student_top_inst/Core_cpu/if_stage/pc_inst/reg_pc_reg[24]/D
  -------------------------------------------------------------------    -------------------

                         (clock clk_out2_pll rise edge)
                                                      6.667     6.667 r  
    AD12                                              0.000     6.667 r  i_sys_clk_p (IN)
                         net (fo=0)                   0.000     6.667    pll_inst/inst/clk_in1_p
    AD12                 IBUFDS (Prop_ibufds_I_O)     0.803     7.470 r  pll_inst/inst/clkin1_ibufgds/O
                         net (fo=1, routed)           1.001     8.471    pll_inst/inst/clk_in1_pll
    PLLE2_ADV_X1Y1       PLLE2_ADV (Prop_plle2_adv_CLKIN1_CLKOUT1)
                                                     -7.261     1.210 r  pll_inst/inst/plle2_adv_inst/CLKOUT1
                         net (fo=1, routed)           2.003     3.213    pll_inst/inst/clk_out2_pll
    BUFGCTRL_X0Y0        BUFG (Prop_bufg_I_O)         0.083     3.296 r  pll_inst/inst/clkout2_buf/O
                         net (fo=2038, routed)        1.079     4.375    student_top_inst/Core_cpu/if_stage/pc_inst/clk_out2
    SLICE_X60Y178        FDCE                                         r  student_top_inst/Core_cpu/if_stage/pc_inst/reg_pc_reg[24]/C
                         clock pessimism             -0.377     3.998    
                         clock uncertainty           -0.072     3.926    
    SLICE_X60Y178        FDCE (Setup_fdce_C_D)        0.049     3.975    student_top_inst/Core_cpu/if_stage/pc_inst/reg_pc_reg[24]
  -------------------------------------------------------------------
                         required time                          3.975    
                         arrival time                          -3.342    
  -------------------------------------------------------------------
                         slack                                  0.633    





Min Delay Paths
--------------------------------------------------------------------------------------
Slack (MET) :             0.106ns  (arrival time - required time)
  Source:                 student_top_inst/bridge_inst/counter_inst/cnt_gray_cpu_d1_reg[26]/C
                            (rising edge-triggered cell FDRE clocked by clk_out2_pll  {rise@0.000ns fall@3.333ns period=6.667ns})
  Destination:            student_top_inst/bridge_inst/counter_inst/cnt_gray_cpu_d2_reg[26]/D
                            (rising edge-triggered cell FDRE clocked by clk_out2_pll  {rise@0.000ns fall@3.333ns period=6.667ns})
  Path Group:             clk_out2_pll
  Path Type:              Hold (Min at Fast Process Corner)
  Requirement:            0.000ns  (clk_out2_pll rise@0.000ns - clk_out2_pll rise@0.000ns)
  Data Path Delay:        0.155ns  (logic 0.100ns (64.566%)  route 0.055ns (35.434%))
  Logic Levels:           0  
  Clock Path Skew:        0.000ns (DCD - SCD - CPR)
    Destination Clock Delay (DCD):    -0.681ns
    Source Clock Delay      (SCD):    -0.468ns
    Clock Pessimism Removal (CPR):    -0.214ns

    Location             Delay type                Incr(ns)  Path(ns)    Netlist Resource(s)
  -------------------------------------------------------------------    -------------------
                         (clock clk_out2_pll rise edge)
                                                      0.000     0.000 r  
    AD12                                              0.000     0.000 r  i_sys_clk_p (IN)
                         net (fo=0)                   0.000     0.000    pll_inst/inst/clk_in1_p
    AD12                 IBUFDS (Prop_ibufds_I_O)     0.388     0.388 r  pll_inst/inst/clkin1_ibufgds/O
                         net (fo=1, routed)           0.503     0.891    pll_inst/inst/clk_in1_pll
    PLLE2_ADV_X1Y1       PLLE2_ADV (Prop_plle2_adv_CLKIN1_CLKOUT1)
                                                     -2.908    -2.017 r  pll_inst/inst/plle2_adv_inst/CLKOUT1
                         net (fo=1, routed)           0.958    -1.059    pll_inst/inst/clk_out2_pll
    BUFGCTRL_X0Y0        BUFG (Prop_bufg_I_O)         0.026    -1.033 r  pll_inst/inst/clkout2_buf/O
                         net (fo=2038, routed)        0.565    -0.468    student_top_inst/bridge_inst/counter_inst/clk_out2
    SLICE_X47Y172        FDRE                                         r  student_top_inst/bridge_inst/counter_inst/cnt_gray_cpu_d1_reg[26]/C
  -------------------------------------------------------------------    -------------------
    SLICE_X47Y172        FDRE (Prop_fdre_C_Q)         0.100    -0.368 r  student_top_inst/bridge_inst/counter_inst/cnt_gray_cpu_d1_reg[26]/Q
                         net (fo=1, routed)           0.055    -0.313    student_top_inst/bridge_inst/counter_inst/cnt_gray_cpu_d1[26]
    SLICE_X47Y172        FDRE                                         r  student_top_inst/bridge_inst/counter_inst/cnt_gray_cpu_d2_reg[26]/D
  -------------------------------------------------------------------    -------------------

                         (clock clk_out2_pll rise edge)
                                                      0.000     0.000 r  
    AD12                                              0.000     0.000 r  i_sys_clk_p (IN)
                         net (fo=0)                   0.000     0.000    pll_inst/inst/clk_in1_p
    AD12                 IBUFDS (Prop_ibufds_I_O)     0.470     0.470 r  pll_inst/inst/clkin1_ibufgds/O
                         net (fo=1, routed)           0.554     1.024    pll_inst/inst/clk_in1_pll
    PLLE2_ADV_X1Y1       PLLE2_ADV (Prop_plle2_adv_CLKIN1_CLKOUT1)
                                                     -3.524    -2.500 r  pll_inst/inst/plle2_adv_inst/CLKOUT1
                         net (fo=1, routed)           1.027    -1.473    pll_inst/inst/clk_out2_pll
    BUFGCTRL_X0Y0        BUFG (Prop_bufg_I_O)         0.030    -1.443 r  pll_inst/inst/clkout2_buf/O
                         net (fo=2038, routed)        0.762    -0.681    student_top_inst/bridge_inst/counter_inst/clk_out2
    SLICE_X47Y172        FDRE                                         r  student_top_inst/bridge_inst/counter_inst/cnt_gray_cpu_d2_reg[26]/C
                         clock pessimism              0.214    -0.468    
    SLICE_X47Y172        FDRE (Hold_fdre_C_D)         0.049    -0.419    student_top_inst/bridge_inst/counter_inst/cnt_gray_cpu_d2_reg[26]
  -------------------------------------------------------------------
                         required time                          0.419    
                         arrival time                          -0.313    
  -------------------------------------------------------------------
                         slack                                  0.106    

Slack (MET) :             0.108ns  (arrival time - required time)
  Source:                 student_top_inst/bridge_inst/counter_inst/cnt_gray_cpu_d1_reg[23]/C
                            (rising edge-triggered cell FDRE clocked by clk_out2_pll  {rise@0.000ns fall@3.333ns period=6.667ns})
  Destination:            student_top_inst/bridge_inst/counter_inst/cnt_gray_cpu_d2_reg[23]/D
                            (rising edge-triggered cell FDRE clocked by clk_out2_pll  {rise@0.000ns fall@3.333ns period=6.667ns})
  Path Group:             clk_out2_pll
  Path Type:              Hold (Min at Fast Process Corner)
  Requirement:            0.000ns  (clk_out2_pll rise@0.000ns - clk_out2_pll rise@0.000ns)
  Data Path Delay:        0.155ns  (logic 0.100ns (64.566%)  route 0.055ns (35.434%))
  Logic Levels:           0  
  Clock Path Skew:        0.000ns (DCD - SCD - CPR)
    Destination Clock Delay (DCD):    -0.681ns
    Source Clock Delay      (SCD):    -0.468ns
    Clock Pessimism Removal (CPR):    -0.214ns

    Location             Delay type                Incr(ns)  Path(ns)    Netlist Resource(s)
  -------------------------------------------------------------------    -------------------
                         (clock clk_out2_pll rise edge)
                                                      0.000     0.000 r  
    AD12                                              0.000     0.000 r  i_sys_clk_p (IN)
                         net (fo=0)                   0.000     0.000    pll_inst/inst/clk_in1_p
    AD12                 IBUFDS (Prop_ibufds_I_O)     0.388     0.388 r  pll_inst/inst/clkin1_ibufgds/O
                         net (fo=1, routed)           0.503     0.891    pll_inst/inst/clk_in1_pll
    PLLE2_ADV_X1Y1       PLLE2_ADV (Prop_plle2_adv_CLKIN1_CLKOUT1)
                                                     -2.908    -2.017 r  pll_inst/inst/plle2_adv_inst/CLKOUT1
                         net (fo=1, routed)           0.958    -1.059    pll_inst/inst/clk_out2_pll
    BUFGCTRL_X0Y0        BUFG (Prop_bufg_I_O)         0.026    -1.033 r  pll_inst/inst/clkout2_buf/O
                         net (fo=2038, routed)        0.565    -0.468    student_top_inst/bridge_inst/counter_inst/clk_out2
    SLICE_X47Y172        FDRE                                         r  student_top_inst/bridge_inst/counter_inst/cnt_gray_cpu_d1_reg[23]/C
  -------------------------------------------------------------------    -------------------
    SLICE_X47Y172        FDRE (Prop_fdre_C_Q)         0.100    -0.368 r  student_top_inst/bridge_inst/counter_inst/cnt_gray_cpu_d1_reg[23]/Q
                         net (fo=1, routed)           0.055    -0.313    student_top_inst/bridge_inst/counter_inst/cnt_gray_cpu_d1[23]
    SLICE_X47Y172        FDRE                                         r  student_top_inst/bridge_inst/counter_inst/cnt_gray_cpu_d2_reg[23]/D
  -------------------------------------------------------------------    -------------------

                         (clock clk_out2_pll rise edge)
                                                      0.000     0.000 r  
    AD12                                              0.000     0.000 r  i_sys_clk_p (IN)
                         net (fo=0)                   0.000     0.000    pll_inst/inst/clk_in1_p
    AD12                 IBUFDS (Prop_ibufds_I_O)     0.470     0.470 r  pll_inst/inst/clkin1_ibufgds/O
                         net (fo=1, routed)           0.554     1.024    pll_inst/inst/clk_in1_pll
    PLLE2_ADV_X1Y1       PLLE2_ADV (Prop_plle2_adv_CLKIN1_CLKOUT1)
                                                     -3.524    -2.500 r  pll_inst/inst/plle2_adv_inst/CLKOUT1
                         net (fo=1, routed)           1.027    -1.473    pll_inst/inst/clk_out2_pll
    BUFGCTRL_X0Y0        BUFG (Prop_bufg_I_O)         0.030    -1.443 r  pll_inst/inst/clkout2_buf/O
                         net (fo=2038, routed)        0.762    -0.681    student_top_inst/bridge_inst/counter_inst/clk_out2
    SLICE_X47Y172        FDRE                                         r  student_top_inst/bridge_inst/counter_inst/cnt_gray_cpu_d2_reg[23]/C
                         clock pessimism              0.214    -0.468    
    SLICE_X47Y172        FDRE (Hold_fdre_C_D)         0.047    -0.421    student_top_inst/bridge_inst/counter_inst/cnt_gray_cpu_d2_reg[23]
  -------------------------------------------------------------------
                         required time                          0.421    
                         arrival time                          -0.313    
  -------------------------------------------------------------------
                         slack                                  0.108    

Slack (MET) :             0.108ns  (arrival time - required time)
  Source:                 student_top_inst/bridge_inst/counter_inst/cnt_gray_cpu_d1_reg[25]/C
                            (rising edge-triggered cell FDRE clocked by clk_out2_pll  {rise@0.000ns fall@3.333ns period=6.667ns})
  Destination:            student_top_inst/bridge_inst/counter_inst/cnt_gray_cpu_d2_reg[25]/D
                            (rising edge-triggered cell FDRE clocked by clk_out2_pll  {rise@0.000ns fall@3.333ns period=6.667ns})
  Path Group:             clk_out2_pll
  Path Type:              Hold (Min at Fast Process Corner)
  Requirement:            0.000ns  (clk_out2_pll rise@0.000ns - clk_out2_pll rise@0.000ns)
  Data Path Delay:        0.155ns  (logic 0.100ns (64.566%)  route 0.055ns (35.434%))
  Logic Levels:           0  
  Clock Path Skew:        0.000ns (DCD - SCD - CPR)
    Destination Clock Delay (DCD):    -0.681ns
    Source Clock Delay      (SCD):    -0.468ns
    Clock Pessimism Removal (CPR):    -0.214ns

    Location             Delay type                Incr(ns)  Path(ns)    Netlist Resource(s)
  -------------------------------------------------------------------    -------------------
                         (clock clk_out2_pll rise edge)
                                                      0.000     0.000 r  
    AD12                                              0.000     0.000 r  i_sys_clk_p (IN)
                         net (fo=0)                   0.000     0.000    pll_inst/inst/clk_in1_p
    AD12                 IBUFDS (Prop_ibufds_I_O)     0.388     0.388 r  pll_inst/inst/clkin1_ibufgds/O
                         net (fo=1, routed)           0.503     0.891    pll_inst/inst/clk_in1_pll
    PLLE2_ADV_X1Y1       PLLE2_ADV (Prop_plle2_adv_CLKIN1_CLKOUT1)
                                                     -2.908    -2.017 r  pll_inst/inst/plle2_adv_inst/CLKOUT1
                         net (fo=1, routed)           0.958    -1.059    pll_inst/inst/clk_out2_pll
    BUFGCTRL_X0Y0        BUFG (Prop_bufg_I_O)         0.026    -1.033 r  pll_inst/inst/clkout2_buf/O
                         net (fo=2038, routed)        0.565    -0.468    student_top_inst/bridge_inst/counter_inst/clk_out2
    SLICE_X47Y172        FDRE                                         r  student_top_inst/bridge_inst/counter_inst/cnt_gray_cpu_d1_reg[25]/C
  -------------------------------------------------------------------    -------------------
    SLICE_X47Y172        FDRE (Prop_fdre_C_Q)         0.100    -0.368 r  student_top_inst/bridge_inst/counter_inst/cnt_gray_cpu_d1_reg[25]/Q
                         net (fo=1, routed)           0.055    -0.313    student_top_inst/bridge_inst/counter_inst/cnt_gray_cpu_d1[25]
    SLICE_X47Y172        FDRE                                         r  student_top_inst/bridge_inst/counter_inst/cnt_gray_cpu_d2_reg[25]/D
  -------------------------------------------------------------------    -------------------

                         (clock clk_out2_pll rise edge)
                                                      0.000     0.000 r  
    AD12                                              0.000     0.000 r  i_sys_clk_p (IN)
                         net (fo=0)                   0.000     0.000    pll_inst/inst/clk_in1_p
    AD12                 IBUFDS (Prop_ibufds_I_O)     0.470     0.470 r  pll_inst/inst/clkin1_ibufgds/O
                         net (fo=1, routed)           0.554     1.024    pll_inst/inst/clk_in1_pll
    PLLE2_ADV_X1Y1       PLLE2_ADV (Prop_plle2_adv_CLKIN1_CLKOUT1)
                                                     -3.524    -2.500 r  pll_inst/inst/plle2_adv_inst/CLKOUT1
                         net (fo=1, routed)           1.027    -1.473    pll_inst/inst/clk_out2_pll
    BUFGCTRL_X0Y0        BUFG (Prop_bufg_I_O)         0.030    -1.443 r  pll_inst/inst/clkout2_buf/O
                         net (fo=2038, routed)        0.762    -0.681    student_top_inst/bridge_inst/counter_inst/clk_out2
    SLICE_X47Y172        FDRE                                         r  student_top_inst/bridge_inst/counter_inst/cnt_gray_cpu_d2_reg[25]/C
                         clock pessimism              0.214    -0.468    
    SLICE_X47Y172        FDRE (Hold_fdre_C_D)         0.047    -0.421    student_top_inst/bridge_inst/counter_inst/cnt_gray_cpu_d2_reg[25]
  -------------------------------------------------------------------
                         required time                          0.421    
                         arrival time                          -0.313    
  -------------------------------------------------------------------
                         slack                                  0.108    

Slack (MET) :             0.108ns  (arrival time - required time)
  Source:                 student_top_inst/bridge_inst/counter_inst/cnt_gray_cpu_d1_reg[27]/C
                            (rising edge-triggered cell FDRE clocked by clk_out2_pll  {rise@0.000ns fall@3.333ns period=6.667ns})
  Destination:            student_top_inst/bridge_inst/counter_inst/cnt_gray_cpu_d2_reg[27]/D
                            (rising edge-triggered cell FDRE clocked by clk_out2_pll  {rise@0.000ns fall@3.333ns period=6.667ns})
  Path Group:             clk_out2_pll
  Path Type:              Hold (Min at Fast Process Corner)
  Requirement:            0.000ns  (clk_out2_pll rise@0.000ns - clk_out2_pll rise@0.000ns)
  Data Path Delay:        0.155ns  (logic 0.100ns (64.566%)  route 0.055ns (35.434%))
  Logic Levels:           0  
  Clock Path Skew:        0.000ns (DCD - SCD - CPR)
    Destination Clock Delay (DCD):    -0.684ns
    Source Clock Delay      (SCD):    -0.470ns
    Clock Pessimism Removal (CPR):    -0.215ns

    Location             Delay type                Incr(ns)  Path(ns)    Netlist Resource(s)
  -------------------------------------------------------------------    -------------------
                         (clock clk_out2_pll rise edge)
                                                      0.000     0.000 r  
    AD12                                              0.000     0.000 r  i_sys_clk_p (IN)
                         net (fo=0)                   0.000     0.000    pll_inst/inst/clk_in1_p
    AD12                 IBUFDS (Prop_ibufds_I_O)     0.388     0.388 r  pll_inst/inst/clkin1_ibufgds/O
                         net (fo=1, routed)           0.503     0.891    pll_inst/inst/clk_in1_pll
    PLLE2_ADV_X1Y1       PLLE2_ADV (Prop_plle2_adv_CLKIN1_CLKOUT1)
                                                     -2.908    -2.017 r  pll_inst/inst/plle2_adv_inst/CLKOUT1
                         net (fo=1, routed)           0.958    -1.059    pll_inst/inst/clk_out2_pll
    BUFGCTRL_X0Y0        BUFG (Prop_bufg_I_O)         0.026    -1.033 r  pll_inst/inst/clkout2_buf/O
                         net (fo=2038, routed)        0.563    -0.470    student_top_inst/bridge_inst/counter_inst/clk_out2
    SLICE_X49Y174        FDRE                                         r  student_top_inst/bridge_inst/counter_inst/cnt_gray_cpu_d1_reg[27]/C
  -------------------------------------------------------------------    -------------------
    SLICE_X49Y174        FDRE (Prop_fdre_C_Q)         0.100    -0.370 r  student_top_inst/bridge_inst/counter_inst/cnt_gray_cpu_d1_reg[27]/Q
                         net (fo=1, routed)           0.055    -0.315    student_top_inst/bridge_inst/counter_inst/cnt_gray_cpu_d1[27]
    SLICE_X49Y174        FDRE                                         r  student_top_inst/bridge_inst/counter_inst/cnt_gray_cpu_d2_reg[27]/D
  -------------------------------------------------------------------    -------------------

                         (clock clk_out2_pll rise edge)
                                                      0.000     0.000 r  
    AD12                                              0.000     0.000 r  i_sys_clk_p (IN)
                         net (fo=0)                   0.000     0.000    pll_inst/inst/clk_in1_p
    AD12                 IBUFDS (Prop_ibufds_I_O)     0.470     0.470 r  pll_inst/inst/clkin1_ibufgds/O
                         net (fo=1, routed)           0.554     1.024    pll_inst/inst/clk_in1_pll
    PLLE2_ADV_X1Y1       PLLE2_ADV (Prop_plle2_adv_CLKIN1_CLKOUT1)
                                                     -3.524    -2.500 r  pll_inst/inst/plle2_adv_inst/CLKOUT1
                         net (fo=1, routed)           1.027    -1.473    pll_inst/inst/clk_out2_pll
    BUFGCTRL_X0Y0        BUFG (Prop_bufg_I_O)         0.030    -1.443 r  pll_inst/inst/clkout2_buf/O
                         net (fo=2038, routed)        0.759    -0.684    student_top_inst/bridge_inst/counter_inst/clk_out2
    SLICE_X49Y174        FDRE                                         r  student_top_inst/bridge_inst/counter_inst/cnt_gray_cpu_d2_reg[27]/C
                         clock pessimism              0.215    -0.470    
    SLICE_X49Y174        FDRE (Hold_fdre_C_D)         0.047    -0.423    student_top_inst/bridge_inst/counter_inst/cnt_gray_cpu_d2_reg[27]
  -------------------------------------------------------------------
                         required time                          0.423    
                         arrival time                          -0.315    
  -------------------------------------------------------------------
                         slack                                  0.108    

Slack (MET) :             0.111ns  (arrival time - required time)
  Source:                 student_top_inst/bridge_inst/counter_inst/cnt_gray_cpu_d1_reg[24]/C
                            (rising edge-triggered cell FDRE clocked by clk_out2_pll  {rise@0.000ns fall@3.333ns period=6.667ns})
  Destination:            student_top_inst/bridge_inst/counter_inst/cnt_gray_cpu_d2_reg[24]/D
                            (rising edge-triggered cell FDRE clocked by clk_out2_pll  {rise@0.000ns fall@3.333ns period=6.667ns})
  Path Group:             clk_out2_pll
  Path Type:              Hold (Min at Fast Process Corner)
  Requirement:            0.000ns  (clk_out2_pll rise@0.000ns - clk_out2_pll rise@0.000ns)
  Data Path Delay:        0.155ns  (logic 0.100ns (64.566%)  route 0.055ns (35.434%))
  Logic Levels:           0  
  Clock Path Skew:        0.000ns (DCD - SCD - CPR)
    Destination Clock Delay (DCD):    -0.681ns
    Source Clock Delay      (SCD):    -0.468ns
    Clock Pessimism Removal (CPR):    -0.214ns

    Location             Delay type                Incr(ns)  Path(ns)    Netlist Resource(s)
  -------------------------------------------------------------------    -------------------
                         (clock clk_out2_pll rise edge)
                                                      0.000     0.000 r  
    AD12                                              0.000     0.000 r  i_sys_clk_p (IN)
                         net (fo=0)                   0.000     0.000    pll_inst/inst/clk_in1_p
    AD12                 IBUFDS (Prop_ibufds_I_O)     0.388     0.388 r  pll_inst/inst/clkin1_ibufgds/O
                         net (fo=1, routed)           0.503     0.891    pll_inst/inst/clk_in1_pll
    PLLE2_ADV_X1Y1       PLLE2_ADV (Prop_plle2_adv_CLKIN1_CLKOUT1)
                                                     -2.908    -2.017 r  pll_inst/inst/plle2_adv_inst/CLKOUT1
                         net (fo=1, routed)           0.958    -1.059    pll_inst/inst/clk_out2_pll
    BUFGCTRL_X0Y0        BUFG (Prop_bufg_I_O)         0.026    -1.033 r  pll_inst/inst/clkout2_buf/O
                         net (fo=2038, routed)        0.565    -0.468    student_top_inst/bridge_inst/counter_inst/clk_out2
    SLICE_X47Y172        FDRE                                         r  student_top_inst/bridge_inst/counter_inst/cnt_gray_cpu_d1_reg[24]/C
  -------------------------------------------------------------------    -------------------
    SLICE_X47Y172        FDRE (Prop_fdre_C_Q)         0.100    -0.368 r  student_top_inst/bridge_inst/counter_inst/cnt_gray_cpu_d1_reg[24]/Q
                         net (fo=1, routed)           0.055    -0.313    student_top_inst/bridge_inst/counter_inst/cnt_gray_cpu_d1[24]
    SLICE_X47Y172        FDRE                                         r  student_top_inst/bridge_inst/counter_inst/cnt_gray_cpu_d2_reg[24]/D
  -------------------------------------------------------------------    -------------------

                         (clock clk_out2_pll rise edge)
                                                      0.000     0.000 r  
    AD12                                              0.000     0.000 r  i_sys_clk_p (IN)
                         net (fo=0)                   0.000     0.000    pll_inst/inst/clk_in1_p
    AD12                 IBUFDS (Prop_ibufds_I_O)     0.470     0.470 r  pll_inst/inst/clkin1_ibufgds/O
                         net (fo=1, routed)           0.554     1.024    pll_inst/inst/clk_in1_pll
    PLLE2_ADV_X1Y1       PLLE2_ADV (Prop_plle2_adv_CLKIN1_CLKOUT1)
                                                     -3.524    -2.500 r  pll_inst/inst/plle2_adv_inst/CLKOUT1
                         net (fo=1, routed)           1.027    -1.473    pll_inst/inst/clk_out2_pll
    BUFGCTRL_X0Y0        BUFG (Prop_bufg_I_O)         0.030    -1.443 r  pll_inst/inst/clkout2_buf/O
                         net (fo=2038, routed)        0.762    -0.681    student_top_inst/bridge_inst/counter_inst/clk_out2
    SLICE_X47Y172        FDRE                                         r  student_top_inst/bridge_inst/counter_inst/cnt_gray_cpu_d2_reg[24]/C
                         clock pessimism              0.214    -0.468    
    SLICE_X47Y172        FDRE (Hold_fdre_C_D)         0.044    -0.424    student_top_inst/bridge_inst/counter_inst/cnt_gray_cpu_d2_reg[24]
  -------------------------------------------------------------------
                         required time                          0.424    
                         arrival time                          -0.313    
  -------------------------------------------------------------------
                         slack                                  0.111    

Slack (MET) :             0.117ns  (arrival time - required time)
  Source:                 student_top_inst/Core_cpu/if_stage/pc_inst/reg_pc_reg[0]/C
                            (rising edge-triggered cell FDCE clocked by clk_out2_pll  {rise@0.000ns fall@3.333ns period=6.667ns})
  Destination:            student_top_inst/Core_cpu/if_stage/if_pc_reg[0]/D
                            (rising edge-triggered cell FDCE clocked by clk_out2_pll  {rise@0.000ns fall@3.333ns period=6.667ns})
  Path Group:             clk_out2_pll
  Path Type:              Hold (Min at Fast Process Corner)
  Requirement:            0.000ns  (clk_out2_pll rise@0.000ns - clk_out2_pll rise@0.000ns)
  Data Path Delay:        0.164ns  (logic 0.100ns (60.823%)  route 0.064ns (39.177%))
  Logic Levels:           0  
  Clock Path Skew:        0.000ns (DCD - SCD - CPR)
    Destination Clock Delay (DCD):    -0.714ns
    Source Clock Delay      (SCD):    -0.501ns
    Clock Pessimism Removal (CPR):    -0.214ns

    Location             Delay type                Incr(ns)  Path(ns)    Netlist Resource(s)
  -------------------------------------------------------------------    -------------------
                         (clock clk_out2_pll rise edge)
                                                      0.000     0.000 r  
    AD12                                              0.000     0.000 r  i_sys_clk_p (IN)
                         net (fo=0)                   0.000     0.000    pll_inst/inst/clk_in1_p
    AD12                 IBUFDS (Prop_ibufds_I_O)     0.388     0.388 r  pll_inst/inst/clkin1_ibufgds/O
                         net (fo=1, routed)           0.503     0.891    pll_inst/inst/clk_in1_pll
    PLLE2_ADV_X1Y1       PLLE2_ADV (Prop_plle2_adv_CLKIN1_CLKOUT1)
                                                     -2.908    -2.017 r  pll_inst/inst/plle2_adv_inst/CLKOUT1
                         net (fo=1, routed)           0.958    -1.059    pll_inst/inst/clk_out2_pll
    BUFGCTRL_X0Y0        BUFG (Prop_bufg_I_O)         0.026    -1.033 r  pll_inst/inst/clkout2_buf/O
                         net (fo=2038, routed)        0.532    -0.501    student_top_inst/Core_cpu/if_stage/pc_inst/clk_out2
    SLICE_X59Y172        FDCE                                         r  student_top_inst/Core_cpu/if_stage/pc_inst/reg_pc_reg[0]/C
  -------------------------------------------------------------------    -------------------
    SLICE_X59Y172        FDCE (Prop_fdce_C_Q)         0.100    -0.401 r  student_top_inst/Core_cpu/if_stage/pc_inst/reg_pc_reg[0]/Q
                         net (fo=2, routed)           0.064    -0.336    student_top_inst/Core_cpu/if_stage/pc_inst_n_31
    SLICE_X59Y172        FDCE                                         r  student_top_inst/Core_cpu/if_stage/if_pc_reg[0]/D
  -------------------------------------------------------------------    -------------------

                         (clock clk_out2_pll rise edge)
                                                      0.000     0.000 r  
    AD12                                              0.000     0.000 r  i_sys_clk_p (IN)
                         net (fo=0)                   0.000     0.000    pll_inst/inst/clk_in1_p
    AD12                 IBUFDS (Prop_ibufds_I_O)     0.470     0.470 r  pll_inst/inst/clkin1_ibufgds/O
                         net (fo=1, routed)           0.554     1.024    pll_inst/inst/clk_in1_pll
    PLLE2_ADV_X1Y1       PLLE2_ADV (Prop_plle2_adv_CLKIN1_CLKOUT1)
                                                     -3.524    -2.500 r  pll_inst/inst/plle2_adv_inst/CLKOUT1
                         net (fo=1, routed)           1.027    -1.473    pll_inst/inst/clk_out2_pll
    BUFGCTRL_X0Y0        BUFG (Prop_bufg_I_O)         0.030    -1.443 r  pll_inst/inst/clkout2_buf/O
                         net (fo=2038, routed)        0.729    -0.714    student_top_inst/Core_cpu/if_stage/clk_out2
    SLICE_X59Y172        FDCE                                         r  student_top_inst/Core_cpu/if_stage/if_pc_reg[0]/C
                         clock pessimism              0.214    -0.501    
    SLICE_X59Y172        FDCE (Hold_fdce_C_D)         0.047    -0.454    student_top_inst/Core_cpu/if_stage/if_pc_reg[0]
  -------------------------------------------------------------------
                         required time                          0.454    
                         arrival time                          -0.336    
  -------------------------------------------------------------------
                         slack                                  0.117    

Slack (MET) :             0.128ns  (arrival time - required time)
  Source:                 student_top_inst/bridge_inst/counter_inst/cnt_gray_cpu_d1_reg[30]/C
                            (rising edge-triggered cell FDRE clocked by clk_out2_pll  {rise@0.000ns fall@3.333ns period=6.667ns})
  Destination:            student_top_inst/bridge_inst/counter_inst/cnt_gray_cpu_d2_reg[30]/D
                            (rising edge-triggered cell FDRE clocked by clk_out2_pll  {rise@0.000ns fall@3.333ns period=6.667ns})
  Path Group:             clk_out2_pll
  Path Type:              Hold (Min at Fast Process Corner)
  Requirement:            0.000ns  (clk_out2_pll rise@0.000ns - clk_out2_pll rise@0.000ns)
  Data Path Delay:        0.173ns  (logic 0.118ns (68.255%)  route 0.055ns (31.745%))
  Logic Levels:           0  
  Clock Path Skew:        0.000ns (DCD - SCD - CPR)
    Destination Clock Delay (DCD):    -0.683ns
    Source Clock Delay      (SCD):    -0.469ns
    Clock Pessimism Removal (CPR):    -0.215ns

    Location             Delay type                Incr(ns)  Path(ns)    Netlist Resource(s)
  -------------------------------------------------------------------    -------------------
                         (clock clk_out2_pll rise edge)
                                                      0.000     0.000 r  
    AD12                                              0.000     0.000 r  i_sys_clk_p (IN)
                         net (fo=0)                   0.000     0.000    pll_inst/inst/clk_in1_p
    AD12                 IBUFDS (Prop_ibufds_I_O)     0.388     0.388 r  pll_inst/inst/clkin1_ibufgds/O
                         net (fo=1, routed)           0.503     0.891    pll_inst/inst/clk_in1_pll
    PLLE2_ADV_X1Y1       PLLE2_ADV (Prop_plle2_adv_CLKIN1_CLKOUT1)
                                                     -2.908    -2.017 r  pll_inst/inst/plle2_adv_inst/CLKOUT1
                         net (fo=1, routed)           0.958    -1.059    pll_inst/inst/clk_out2_pll
    BUFGCTRL_X0Y0        BUFG (Prop_bufg_I_O)         0.026    -1.033 r  pll_inst/inst/clkout2_buf/O
                         net (fo=2038, routed)        0.564    -0.469    student_top_inst/bridge_inst/counter_inst/clk_out2
    SLICE_X46Y173        FDRE                                         r  student_top_inst/bridge_inst/counter_inst/cnt_gray_cpu_d1_reg[30]/C
  -------------------------------------------------------------------    -------------------
    SLICE_X46Y173        FDRE (Prop_fdre_C_Q)         0.118    -0.351 r  student_top_inst/bridge_inst/counter_inst/cnt_gray_cpu_d1_reg[30]/Q
                         net (fo=1, routed)           0.055    -0.296    student_top_inst/bridge_inst/counter_inst/cnt_gray_cpu_d1[30]
    SLICE_X46Y173        FDRE                                         r  student_top_inst/bridge_inst/counter_inst/cnt_gray_cpu_d2_reg[30]/D
  -------------------------------------------------------------------    -------------------

                         (clock clk_out2_pll rise edge)
                                                      0.000     0.000 r  
    AD12                                              0.000     0.000 r  i_sys_clk_p (IN)
                         net (fo=0)                   0.000     0.000    pll_inst/inst/clk_in1_p
    AD12                 IBUFDS (Prop_ibufds_I_O)     0.470     0.470 r  pll_inst/inst/clkin1_ibufgds/O
                         net (fo=1, routed)           0.554     1.024    pll_inst/inst/clk_in1_pll
    PLLE2_ADV_X1Y1       PLLE2_ADV (Prop_plle2_adv_CLKIN1_CLKOUT1)
                                                     -3.524    -2.500 r  pll_inst/inst/plle2_adv_inst/CLKOUT1
                         net (fo=1, routed)           1.027    -1.473    pll_inst/inst/clk_out2_pll
    BUFGCTRL_X0Y0        BUFG (Prop_bufg_I_O)         0.030    -1.443 r  pll_inst/inst/clkout2_buf/O
                         net (fo=2038, routed)        0.760    -0.683    student_top_inst/bridge_inst/counter_inst/clk_out2
    SLICE_X46Y173        FDRE                                         r  student_top_inst/bridge_inst/counter_inst/cnt_gray_cpu_d2_reg[30]/C
                         clock pessimism              0.215    -0.469    
    SLICE_X46Y173        FDRE (Hold_fdre_C_D)         0.045    -0.424    student_top_inst/bridge_inst/counter_inst/cnt_gray_cpu_d2_reg[30]
  -------------------------------------------------------------------
                         required time                          0.424    
                         arrival time                          -0.296    
  -------------------------------------------------------------------
                         slack                                  0.128    

Slack (MET) :             0.131ns  (arrival time - required time)
  Source:                 student_top_inst/bridge_inst/counter_inst/cnt_gray_cpu_d1_reg[20]/C
                            (rising edge-triggered cell FDRE clocked by clk_out2_pll  {rise@0.000ns fall@3.333ns period=6.667ns})
  Destination:            student_top_inst/bridge_inst/counter_inst/cnt_gray_cpu_d2_reg[20]/D
                            (rising edge-triggered cell FDRE clocked by clk_out2_pll  {rise@0.000ns fall@3.333ns period=6.667ns})
  Path Group:             clk_out2_pll
  Path Type:              Hold (Min at Fast Process Corner)
  Requirement:            0.000ns  (clk_out2_pll rise@0.000ns - clk_out2_pll rise@0.000ns)
  Data Path Delay:        0.173ns  (logic 0.118ns (68.255%)  route 0.055ns (31.745%))
  Logic Levels:           0  
  Clock Path Skew:        0.000ns (DCD - SCD - CPR)
    Destination Clock Delay (DCD):    -0.683ns
    Source Clock Delay      (SCD):    -0.469ns
    Clock Pessimism Removal (CPR):    -0.215ns

    Location             Delay type                Incr(ns)  Path(ns)    Netlist Resource(s)
  -------------------------------------------------------------------    -------------------
                         (clock clk_out2_pll rise edge)
                                                      0.000     0.000 r  
    AD12                                              0.000     0.000 r  i_sys_clk_p (IN)
                         net (fo=0)                   0.000     0.000    pll_inst/inst/clk_in1_p
    AD12                 IBUFDS (Prop_ibufds_I_O)     0.388     0.388 r  pll_inst/inst/clkin1_ibufgds/O
                         net (fo=1, routed)           0.503     0.891    pll_inst/inst/clk_in1_pll
    PLLE2_ADV_X1Y1       PLLE2_ADV (Prop_plle2_adv_CLKIN1_CLKOUT1)
                                                     -2.908    -2.017 r  pll_inst/inst/plle2_adv_inst/CLKOUT1
                         net (fo=1, routed)           0.958    -1.059    pll_inst/inst/clk_out2_pll
    BUFGCTRL_X0Y0        BUFG (Prop_bufg_I_O)         0.026    -1.033 r  pll_inst/inst/clkout2_buf/O
                         net (fo=2038, routed)        0.564    -0.469    student_top_inst/bridge_inst/counter_inst/clk_out2
    SLICE_X46Y173        FDRE                                         r  student_top_inst/bridge_inst/counter_inst/cnt_gray_cpu_d1_reg[20]/C
  -------------------------------------------------------------------    -------------------
    SLICE_X46Y173        FDRE (Prop_fdre_C_Q)         0.118    -0.351 r  student_top_inst/bridge_inst/counter_inst/cnt_gray_cpu_d1_reg[20]/Q
                         net (fo=1, routed)           0.055    -0.296    student_top_inst/bridge_inst/counter_inst/cnt_gray_cpu_d1[20]
    SLICE_X46Y173        FDRE                                         r  student_top_inst/bridge_inst/counter_inst/cnt_gray_cpu_d2_reg[20]/D
  -------------------------------------------------------------------    -------------------

                         (clock clk_out2_pll rise edge)
                                                      0.000     0.000 r  
    AD12                                              0.000     0.000 r  i_sys_clk_p (IN)
                         net (fo=0)                   0.000     0.000    pll_inst/inst/clk_in1_p
    AD12                 IBUFDS (Prop_ibufds_I_O)     0.470     0.470 r  pll_inst/inst/clkin1_ibufgds/O
                         net (fo=1, routed)           0.554     1.024    pll_inst/inst/clk_in1_pll
    PLLE2_ADV_X1Y1       PLLE2_ADV (Prop_plle2_adv_CLKIN1_CLKOUT1)
                                                     -3.524    -2.500 r  pll_inst/inst/plle2_adv_inst/CLKOUT1
                         net (fo=1, routed)           1.027    -1.473    pll_inst/inst/clk_out2_pll
    BUFGCTRL_X0Y0        BUFG (Prop_bufg_I_O)         0.030    -1.443 r  pll_inst/inst/clkout2_buf/O
                         net (fo=2038, routed)        0.760    -0.683    student_top_inst/bridge_inst/counter_inst/clk_out2
    SLICE_X46Y173        FDRE                                         r  student_top_inst/bridge_inst/counter_inst/cnt_gray_cpu_d2_reg[20]/C
                         clock pessimism              0.215    -0.469    
    SLICE_X46Y173        FDRE (Hold_fdre_C_D)         0.042    -0.427    student_top_inst/bridge_inst/counter_inst/cnt_gray_cpu_d2_reg[20]
  -------------------------------------------------------------------
                         required time                          0.427    
                         arrival time                          -0.296    
  -------------------------------------------------------------------
                         slack                                  0.131    

Slack (MET) :             0.131ns  (arrival time - required time)
  Source:                 student_top_inst/bridge_inst/counter_inst/cnt_gray_cpu_d1_reg[21]/C
                            (rising edge-triggered cell FDRE clocked by clk_out2_pll  {rise@0.000ns fall@3.333ns period=6.667ns})
  Destination:            student_top_inst/bridge_inst/counter_inst/cnt_gray_cpu_d2_reg[21]/D
                            (rising edge-triggered cell FDRE clocked by clk_out2_pll  {rise@0.000ns fall@3.333ns period=6.667ns})
  Path Group:             clk_out2_pll
  Path Type:              Hold (Min at Fast Process Corner)
  Requirement:            0.000ns  (clk_out2_pll rise@0.000ns - clk_out2_pll rise@0.000ns)
  Data Path Delay:        0.173ns  (logic 0.118ns (68.255%)  route 0.055ns (31.745%))
  Logic Levels:           0  
  Clock Path Skew:        0.000ns (DCD - SCD - CPR)
    Destination Clock Delay (DCD):    -0.681ns
    Source Clock Delay      (SCD):    -0.468ns
    Clock Pessimism Removal (CPR):    -0.214ns

    Location             Delay type                Incr(ns)  Path(ns)    Netlist Resource(s)
  -------------------------------------------------------------------    -------------------
                         (clock clk_out2_pll rise edge)
                                                      0.000     0.000 r  
    AD12                                              0.000     0.000 r  i_sys_clk_p (IN)
                         net (fo=0)                   0.000     0.000    pll_inst/inst/clk_in1_p
    AD12                 IBUFDS (Prop_ibufds_I_O)     0.388     0.388 r  pll_inst/inst/clkin1_ibufgds/O
                         net (fo=1, routed)           0.503     0.891    pll_inst/inst/clk_in1_pll
    PLLE2_ADV_X1Y1       PLLE2_ADV (Prop_plle2_adv_CLKIN1_CLKOUT1)
                                                     -2.908    -2.017 r  pll_inst/inst/plle2_adv_inst/CLKOUT1
                         net (fo=1, routed)           0.958    -1.059    pll_inst/inst/clk_out2_pll
    BUFGCTRL_X0Y0        BUFG (Prop_bufg_I_O)         0.026    -1.033 r  pll_inst/inst/clkout2_buf/O
                         net (fo=2038, routed)        0.565    -0.468    student_top_inst/bridge_inst/counter_inst/clk_out2
    SLICE_X46Y172        FDRE                                         r  student_top_inst/bridge_inst/counter_inst/cnt_gray_cpu_d1_reg[21]/C
  -------------------------------------------------------------------    -------------------
    SLICE_X46Y172        FDRE (Prop_fdre_C_Q)         0.118    -0.350 r  student_top_inst/bridge_inst/counter_inst/cnt_gray_cpu_d1_reg[21]/Q
                         net (fo=1, routed)           0.055    -0.295    student_top_inst/bridge_inst/counter_inst/cnt_gray_cpu_d1[21]
    SLICE_X46Y172        FDRE                                         r  student_top_inst/bridge_inst/counter_inst/cnt_gray_cpu_d2_reg[21]/D
  -------------------------------------------------------------------    -------------------

                         (clock clk_out2_pll rise edge)
                                                      0.000     0.000 r  
    AD12                                              0.000     0.000 r  i_sys_clk_p (IN)
                         net (fo=0)                   0.000     0.000    pll_inst/inst/clk_in1_p
    AD12                 IBUFDS (Prop_ibufds_I_O)     0.470     0.470 r  pll_inst/inst/clkin1_ibufgds/O
                         net (fo=1, routed)           0.554     1.024    pll_inst/inst/clk_in1_pll
    PLLE2_ADV_X1Y1       PLLE2_ADV (Prop_plle2_adv_CLKIN1_CLKOUT1)
                                                     -3.524    -2.500 r  pll_inst/inst/plle2_adv_inst/CLKOUT1
                         net (fo=1, routed)           1.027    -1.473    pll_inst/inst/clk_out2_pll
    BUFGCTRL_X0Y0        BUFG (Prop_bufg_I_O)         0.030    -1.443 r  pll_inst/inst/clkout2_buf/O
                         net (fo=2038, routed)        0.762    -0.681    student_top_inst/bridge_inst/counter_inst/clk_out2
    SLICE_X46Y172        FDRE                                         r  student_top_inst/bridge_inst/counter_inst/cnt_gray_cpu_d2_reg[21]/C
                         clock pessimism              0.214    -0.468    
    SLICE_X46Y172        FDRE (Hold_fdre_C_D)         0.042    -0.426    student_top_inst/bridge_inst/counter_inst/cnt_gray_cpu_d2_reg[21]
  -------------------------------------------------------------------
                         required time                          0.426    
                         arrival time                          -0.295    
  -------------------------------------------------------------------
                         slack                                  0.131    

Slack (MET) :             0.132ns  (arrival time - required time)
  Source:                 student_top_inst/Core_cpu/ex_stage/ex_mem_reg_reg[70]/C
                            (rising edge-triggered cell FDCE clocked by clk_out2_pll  {rise@0.000ns fall@3.333ns period=6.667ns})
  Destination:            student_top_inst/bridge_perip_wdata_reg[26]/D
                            (rising edge-triggered cell FDRE clocked by clk_out2_pll  {rise@0.000ns fall@3.333ns period=6.667ns})
  Path Group:             clk_out2_pll
  Path Type:              Hold (Min at Fast Process Corner)
  Requirement:            0.000ns  (clk_out2_pll rise@0.000ns - clk_out2_pll rise@0.000ns)
  Data Path Delay:        0.145ns  (logic 0.091ns (62.762%)  route 0.054ns (37.238%))
  Logic Levels:           0  
  Clock Path Skew:        0.011ns (DCD - SCD - CPR)
    Destination Clock Delay (DCD):    -0.709ns
    Source Clock Delay      (SCD):    -0.496ns
    Clock Pessimism Removal (CPR):    -0.225ns

    Location             Delay type                Incr(ns)  Path(ns)    Netlist Resource(s)
  -------------------------------------------------------------------    -------------------
                         (clock clk_out2_pll rise edge)
                                                      0.000     0.000 r  
    AD12                                              0.000     0.000 r  i_sys_clk_p (IN)
                         net (fo=0)                   0.000     0.000    pll_inst/inst/clk_in1_p
    AD12                 IBUFDS (Prop_ibufds_I_O)     0.388     0.388 r  pll_inst/inst/clkin1_ibufgds/O
                         net (fo=1, routed)           0.503     0.891    pll_inst/inst/clk_in1_pll
    PLLE2_ADV_X1Y1       PLLE2_ADV (Prop_plle2_adv_CLKIN1_CLKOUT1)
                                                     -2.908    -2.017 r  pll_inst/inst/plle2_adv_inst/CLKOUT1
                         net (fo=1, routed)           0.958    -1.059    pll_inst/inst/clk_out2_pll
    BUFGCTRL_X0Y0        BUFG (Prop_bufg_I_O)         0.026    -1.033 r  pll_inst/inst/clkout2_buf/O
                         net (fo=2038, routed)        0.537    -0.496    student_top_inst/Core_cpu/ex_stage/clk_out2
    SLICE_X55Y182        FDCE                                         r  student_top_inst/Core_cpu/ex_stage/ex_mem_reg_reg[70]/C
  -------------------------------------------------------------------    -------------------
    SLICE_X55Y182        FDCE (Prop_fdce_C_Q)         0.091    -0.405 r  student_top_inst/Core_cpu/ex_stage/ex_mem_reg_reg[70]/Q
                         net (fo=1, routed)           0.054    -0.351    student_top_inst/cpu_perip_wdata[26]
    SLICE_X54Y182        FDRE                                         r  student_top_inst/bridge_perip_wdata_reg[26]/D
  -------------------------------------------------------------------    -------------------

                         (clock clk_out2_pll rise edge)
                                                      0.000     0.000 r  
    AD12                                              0.000     0.000 r  i_sys_clk_p (IN)
                         net (fo=0)                   0.000     0.000    pll_inst/inst/clk_in1_p
    AD12                 IBUFDS (Prop_ibufds_I_O)     0.470     0.470 r  pll_inst/inst/clkin1_ibufgds/O
                         net (fo=1, routed)           0.554     1.024    pll_inst/inst/clk_in1_pll
    PLLE2_ADV_X1Y1       PLLE2_ADV (Prop_plle2_adv_CLKIN1_CLKOUT1)
                                                     -3.524    -2.500 r  pll_inst/inst/plle2_adv_inst/CLKOUT1
                         net (fo=1, routed)           1.027    -1.473    pll_inst/inst/clk_out2_pll
    BUFGCTRL_X0Y0        BUFG (Prop_bufg_I_O)         0.030    -1.443 r  pll_inst/inst/clkout2_buf/O
                         net (fo=2038, routed)        0.734    -0.709    student_top_inst/clk_out2
    SLICE_X54Y182        FDRE                                         r  student_top_inst/bridge_perip_wdata_reg[26]/C
                         clock pessimism              0.225    -0.485    
    SLICE_X54Y182        FDRE (Hold_fdre_C_D)         0.002    -0.483    student_top_inst/bridge_perip_wdata_reg[26]
  -------------------------------------------------------------------
                         required time                          0.483    
                         arrival time                          -0.351    
  -------------------------------------------------------------------
                         slack                                  0.132    





Pulse Width Checks
--------------------------------------------------------------------------------------
Clock Name:         clk_out2_pll
Waveform(ns):       { 0.000 3.333 }
Period(ns):         6.667
Sources:            { pll_inst/inst/plle2_adv_inst/CLKOUT1 }

Check Type        Corner  Lib Pin             Reference Pin  Required(ns)  Actual(ns)  Slack(ns)  Location        Pin
Min Period        n/a     RAMB36E1/CLKARDCLK  n/a            2.025         6.667       4.642      RAMB36_X3Y27    student_top_inst/bridge_inst/dram_driver_inst/Mem_DRAM/U0/inst_blk_mem_gen/gnbram.gnativebmg.native_blk_mem_gen/valid.cstr/ramloop[48].ram.r/prim_init.ram/DEVICE_7SERIES.NO_BMM_INFO.SP.CASCADED_PRIM36.ram_B/CLKARDCLK
Min Period        n/a     RAMB36E1/CLKARDCLK  n/a            2.025         6.667       4.642      RAMB36_X3Y28    student_top_inst/bridge_inst/dram_driver_inst/Mem_DRAM/U0/inst_blk_mem_gen/gnbram.gnativebmg.native_blk_mem_gen/valid.cstr/ramloop[48].ram.r/prim_init.ram/DEVICE_7SERIES.NO_BMM_INFO.SP.CASCADED_PRIM36.ram_T/CLKARDCLK
Min Period        n/a     RAMB36E1/CLKARDCLK  n/a            2.025         6.667       4.642      RAMB36_X3Y25    student_top_inst/bridge_inst/dram_driver_inst/Mem_DRAM/U0/inst_blk_mem_gen/gnbram.gnativebmg.native_blk_mem_gen/valid.cstr/ramloop[49].ram.r/prim_init.ram/DEVICE_7SERIES.NO_BMM_INFO.SP.CASCADED_PRIM36.ram_B/CLKARDCLK
Min Period        n/a     RAMB36E1/CLKARDCLK  n/a            2.025         6.667       4.642      RAMB36_X3Y26    student_top_inst/bridge_inst/dram_driver_inst/Mem_DRAM/U0/inst_blk_mem_gen/gnbram.gnativebmg.native_blk_mem_gen/valid.cstr/ramloop[49].ram.r/prim_init.ram/DEVICE_7SERIES.NO_BMM_INFO.SP.CASCADED_PRIM36.ram_T/CLKARDCLK
Min Period        n/a     RAMB36E1/CLKARDCLK  n/a            2.025         6.667       4.642      RAMB36_X2Y25    student_top_inst/bridge_inst/dram_driver_inst/Mem_DRAM/U0/inst_blk_mem_gen/gnbram.gnativebmg.native_blk_mem_gen/valid.cstr/ramloop[50].ram.r/prim_init.ram/DEVICE_7SERIES.NO_BMM_INFO.SP.CASCADED_PRIM36.ram_B/CLKARDCLK
Min Period        n/a     RAMB36E1/CLKARDCLK  n/a            2.025         6.667       4.642      RAMB36_X2Y26    student_top_inst/bridge_inst/dram_driver_inst/Mem_DRAM/U0/inst_blk_mem_gen/gnbram.gnativebmg.native_blk_mem_gen/valid.cstr/ramloop[50].ram.r/prim_init.ram/DEVICE_7SERIES.NO_BMM_INFO.SP.CASCADED_PRIM36.ram_T/CLKARDCLK
Min Period        n/a     RAMB36E1/CLKARDCLK  n/a            2.025         6.667       4.642      RAMB36_X4Y30    student_top_inst/bridge_inst/dram_driver_inst/Mem_DRAM/U0/inst_blk_mem_gen/gnbram.gnativebmg.native_blk_mem_gen/valid.cstr/ramloop[51].ram.r/prim_init.ram/DEVICE_7SERIES.NO_BMM_INFO.SP.CASCADED_PRIM36.ram_B/CLKARDCLK
Min Period        n/a     RAMB36E1/CLKARDCLK  n/a            2.025         6.667       4.642      RAMB36_X4Y31    student_top_inst/bridge_inst/dram_driver_inst/Mem_DRAM/U0/inst_blk_mem_gen/gnbram.gnativebmg.native_blk_mem_gen/valid.cstr/ramloop[51].ram.r/prim_init.ram/DEVICE_7SERIES.NO_BMM_INFO.SP.CASCADED_PRIM36.ram_T/CLKARDCLK
Min Period        n/a     RAMB36E1/CLKARDCLK  n/a            2.025         6.667       4.642      RAMB36_X2Y27    student_top_inst/bridge_inst/dram_driver_inst/Mem_DRAM/U0/inst_blk_mem_gen/gnbram.gnativebmg.native_blk_mem_gen/valid.cstr/ramloop[52].ram.r/prim_init.ram/DEVICE_7SERIES.NO_BMM_INFO.SP.CASCADED_PRIM36.ram_B/CLKARDCLK
Min Period        n/a     RAMB36E1/CLKARDCLK  n/a            2.025         6.667       4.642      RAMB36_X2Y28    student_top_inst/bridge_inst/dram_driver_inst/Mem_DRAM/U0/inst_blk_mem_gen/gnbram.gnativebmg.native_blk_mem_gen/valid.cstr/ramloop[52].ram.r/prim_init.ram/DEVICE_7SERIES.NO_BMM_INFO.SP.CASCADED_PRIM36.ram_T/CLKARDCLK
Max Period        n/a     PLLE2_ADV/CLKOUT1   n/a            160.000       6.667       153.333    PLLE2_ADV_X1Y1  pll_inst/inst/plle2_adv_inst/CLKOUT1
Low Pulse Width   Slow    FDRE/C              n/a            0.400         3.333       2.933      SLICE_X53Y177   student_top_inst/bridge_perip_wdata_reg[19]/C
Low Pulse Width   Fast    FDRE/C              n/a            0.400         3.333       2.933      SLICE_X53Y177   student_top_inst/bridge_perip_wdata_reg[19]/C
Low Pulse Width   Slow    FDRE/C              n/a            0.400         3.333       2.933      SLICE_X75Y171   student_top_inst/bridge_perip_wdata_reg[1]/C
Low Pulse Width   Fast    FDRE/C              n/a            0.400         3.333       2.933      SLICE_X75Y171   student_top_inst/bridge_perip_wdata_reg[1]/C
Low Pulse Width   Slow    FDRE/C              n/a            0.400         3.333       2.933      SLICE_X73Y169   student_top_inst/bridge_perip_wdata_reg[5]/C
Low Pulse Width   Fast    FDRE/C              n/a            0.400         3.333       2.933      SLICE_X73Y169   student_top_inst/bridge_perip_wdata_reg[5]/C
Low Pulse Width   Slow    FDRE/C              n/a            0.400         3.333       2.933      SLICE_X75Y170   student_top_inst/bridge_perip_wdata_reg[7]/C
Low Pulse Width   Fast    FDRE/C              n/a            0.400         3.333       2.933      SLICE_X75Y170   student_top_inst/bridge_perip_wdata_reg[7]/C
Low Pulse Width   Slow    FDCE/C              n/a            0.400         3.333       2.933      SLICE_X73Y170   student_top_inst/Core_cpu/ex_stage/ex_mem_reg_reg[44]/C
Low Pulse Width   Fast    FDCE/C              n/a            0.400         3.333       2.933      SLICE_X73Y170   student_top_inst/Core_cpu/ex_stage/ex_mem_reg_reg[44]/C
High Pulse Width  Slow    FDRE/C              n/a            0.350         3.333       2.983      SLICE_X73Y169   student_top_inst/bridge_perip_addr_reg[0]/C
High Pulse Width  Fast    FDRE/C              n/a            0.350         3.333       2.983      SLICE_X73Y169   student_top_inst/bridge_perip_addr_reg[0]/C
High Pulse Width  Slow    FDRE/C              n/a            0.350         3.333       2.983      SLICE_X71Y171   student_top_inst/bridge_perip_addr_reg[10]/C
High Pulse Width  Fast    FDRE/C              n/a            0.350         3.333       2.983      SLICE_X71Y171   student_top_inst/bridge_perip_addr_reg[10]/C
High Pulse Width  Slow    FDRE/C              n/a            0.350         3.333       2.983      SLICE_X71Y173   student_top_inst/bridge_perip_addr_reg[11]/C
High Pulse Width  Fast    FDRE/C              n/a            0.350         3.333       2.983      SLICE_X71Y173   student_top_inst/bridge_perip_addr_reg[11]/C
High Pulse Width  Slow    FDRE/C              n/a            0.350         3.333       2.983      SLICE_X73Y173   student_top_inst/bridge_perip_addr_reg[12]/C
High Pulse Width  Fast    FDRE/C              n/a            0.350         3.333       2.983      SLICE_X73Y173   student_top_inst/bridge_perip_addr_reg[12]/C
High Pulse Width  Slow    FDRE/C              n/a            0.350         3.333       2.983      SLICE_X73Y174   student_top_inst/bridge_perip_addr_reg[13]/C
High Pulse Width  Fast    FDRE/C              n/a            0.350         3.333       2.983      SLICE_X73Y174   student_top_inst/bridge_perip_addr_reg[13]/C



---------------------------------------------------------------------------------------------------
From Clock:  clkfbout_pll
  To Clock:  clkfbout_pll

Setup :           NA  Failing Endpoints,  Worst Slack           NA  ,  Total Violation           NA
Hold  :           NA  Failing Endpoints,  Worst Slack           NA  ,  Total Violation           NA
PW    :            0  Failing Endpoints,  Worst Slack        8.592ns,  Total Violation        0.000ns
---------------------------------------------------------------------------------------------------


Pulse Width Checks
--------------------------------------------------------------------------------------
Clock Name:         clkfbout_pll
Waveform(ns):       { 0.000 5.000 }
Period(ns):         10.000
Sources:            { pll_inst/inst/plle2_adv_inst/CLKFBOUT }

Check Type  Corner  Lib Pin             Reference Pin  Required(ns)  Actual(ns)  Slack(ns)  Location        Pin
Min Period  n/a     BUFG/I              n/a            1.408         10.000      8.591      BUFGCTRL_X0Y2   pll_inst/inst/clkf_buf/I
Min Period  n/a     PLLE2_ADV/CLKFBOUT  n/a            1.071         10.000      8.929      PLLE2_ADV_X1Y1  pll_inst/inst/plle2_adv_inst/CLKFBOUT
Min Period  n/a     PLLE2_ADV/CLKFBIN   n/a            1.071         10.000      8.929      PLLE2_ADV_X1Y1  pll_inst/inst/plle2_adv_inst/CLKFBIN
Max Period  n/a     PLLE2_ADV/CLKFBIN   n/a            52.633        10.000      42.633     PLLE2_ADV_X1Y1  pll_inst/inst/plle2_adv_inst/CLKFBIN
Max Period  n/a     PLLE2_ADV/CLKFBOUT  n/a            160.000       10.000      150.000    PLLE2_ADV_X1Y1  pll_inst/inst/plle2_adv_inst/CLKFBOUT



---------------------------------------------------------------------------------------------------
From Clock:  clk_out2_pll
  To Clock:  clk_out1_pll

Setup :            0  Failing Endpoints,  Worst Slack        4.060ns,  Total Violation        0.000ns
Hold  :            0  Failing Endpoints,  Worst Slack        0.138ns,  Total Violation        0.000ns
---------------------------------------------------------------------------------------------------


Max Delay Paths
--------------------------------------------------------------------------------------
Slack (MET) :             4.060ns  (required time - arrival time)
  Source:                 student_top_inst/rst_sr_reg[0]/C
                            (rising edge-triggered cell FDPE clocked by clk_out2_pll  {rise@0.000ns fall@3.333ns period=6.667ns})
  Destination:            student_top_inst/bridge_inst/counter_inst/cnt_1ms_reg[4]/R
                            (rising edge-triggered cell FDRE clocked by clk_out1_pll  {rise@0.000ns fall@10.000ns period=20.000ns})
  Path Group:             clk_out1_pll
  Path Type:              Setup (Max at Slow Process Corner)
  Requirement:            6.667ns  (clk_out1_pll rise@20.000ns - clk_out2_pll rise@13.333ns)
  Data Path Delay:        1.857ns  (logic 0.266ns (14.325%)  route 1.591ns (85.675%))
  Logic Levels:           1  (LUT3=1)
  Clock Path Skew:        -0.263ns (DCD - SCD + CPR)
    Destination Clock Delay (DCD):    -2.291ns = ( 17.709 - 20.000 ) 
    Source Clock Delay      (SCD):    -2.625ns = ( 10.708 - 13.333 ) 
    Clock Pessimism Removal (CPR):    -0.598ns
  Clock Uncertainty:      0.206ns  ((TSJ^2 + DJ^2)^1/2) / 2 + PE
    Total System Jitter     (TSJ):    0.071ns
    Discrete Jitter          (DJ):    0.157ns
    Phase Error              (PE):    0.120ns

    Location             Delay type                Incr(ns)  Path(ns)    Netlist Resource(s)
  -------------------------------------------------------------------    -------------------
                         (clock clk_out2_pll rise edge)
                                                     13.333    13.333 r  
    AD12                                              0.000    13.333 r  i_sys_clk_p (IN)
                         net (fo=0)                   0.000    13.333    pll_inst/inst/clk_in1_p
    AD12                 IBUFDS (Prop_ibufds_I_O)     0.906    14.239 r  pll_inst/inst/clkin1_ibufgds/O
                         net (fo=1, routed)           1.098    15.337    pll_inst/inst/clk_in1_pll
    PLLE2_ADV_X1Y1       PLLE2_ADV (Prop_plle2_adv_CLKIN1_CLKOUT1)
                                                     -8.058     7.279 r  pll_inst/inst/plle2_adv_inst/CLKOUT1
                         net (fo=1, routed)           2.128     9.407    pll_inst/inst/clk_out2_pll
    BUFGCTRL_X0Y0        BUFG (Prop_bufg_I_O)         0.093     9.500 r  pll_inst/inst/clkout2_buf/O
                         net (fo=2038, routed)        1.208    10.708    student_top_inst/clk_out2
    SLICE_X53Y171        FDPE                                         r  student_top_inst/rst_sr_reg[0]/C
  -------------------------------------------------------------------    -------------------
    SLICE_X53Y171        FDPE (Prop_fdpe_C_Q)         0.223    10.931 r  student_top_inst/rst_sr_reg[0]/Q
                         net (fo=1950, routed)        0.776    11.707    student_top_inst/bridge_inst/counter_inst/cnt_ms_bin_reg[0]_0[0]
    SLICE_X53Y172        LUT3 (Prop_lut3_I1_O)        0.043    11.750 r  student_top_inst/bridge_inst/counter_inst/cnt_1ms[0]_i_1/O
                         net (fo=16, routed)          0.815    12.565    student_top_inst/bridge_inst/counter_inst/cnt_1ms[0]_i_1_n_0
    SLICE_X52Y171        FDRE                                         r  student_top_inst/bridge_inst/counter_inst/cnt_1ms_reg[4]/R
  -------------------------------------------------------------------    -------------------

                         (clock clk_out1_pll rise edge)
                                                     20.000    20.000 r  
    AD12                                              0.000    20.000 r  i_sys_clk_p (IN)
                         net (fo=0)                   0.000    20.000    pll_inst/inst/clk_in1_p
    AD12                 IBUFDS (Prop_ibufds_I_O)     0.803    20.803 r  pll_inst/inst/clkin1_ibufgds/O
                         net (fo=1, routed)           1.001    21.804    pll_inst/inst/clk_in1_pll
    PLLE2_ADV_X1Y1       PLLE2_ADV (Prop_plle2_adv_CLKIN1_CLKOUT0)
                                                     -7.261    14.543 r  pll_inst/inst/plle2_adv_inst/CLKOUT0
                         net (fo=1, routed)           2.003    16.546    pll_inst/inst/clk_out1_pll
    BUFGCTRL_X0Y1        BUFG (Prop_bufg_I_O)         0.083    16.629 r  pll_inst/inst/clkout1_buf/O
                         net (fo=354, routed)         1.080    17.709    student_top_inst/bridge_inst/counter_inst/clk_out1
    SLICE_X52Y171        FDRE                                         r  student_top_inst/bridge_inst/counter_inst/cnt_1ms_reg[4]/C
                         clock pessimism             -0.598    17.112    
                         clock uncertainty           -0.206    16.905    
    SLICE_X52Y171        FDRE (Setup_fdre_C_R)       -0.281    16.624    student_top_inst/bridge_inst/counter_inst/cnt_1ms_reg[4]
  -------------------------------------------------------------------
                         required time                         16.624    
                         arrival time                         -12.565    
  -------------------------------------------------------------------
                         slack                                  4.060    

Slack (MET) :             4.060ns  (required time - arrival time)
  Source:                 student_top_inst/rst_sr_reg[0]/C
                            (rising edge-triggered cell FDPE clocked by clk_out2_pll  {rise@0.000ns fall@3.333ns period=6.667ns})
  Destination:            student_top_inst/bridge_inst/counter_inst/cnt_1ms_reg[5]/R
                            (rising edge-triggered cell FDRE clocked by clk_out1_pll  {rise@0.000ns fall@10.000ns period=20.000ns})
  Path Group:             clk_out1_pll
  Path Type:              Setup (Max at Slow Process Corner)
  Requirement:            6.667ns  (clk_out1_pll rise@20.000ns - clk_out2_pll rise@13.333ns)
  Data Path Delay:        1.857ns  (logic 0.266ns (14.325%)  route 1.591ns (85.675%))
  Logic Levels:           1  (LUT3=1)
  Clock Path Skew:        -0.263ns (DCD - SCD + CPR)
    Destination Clock Delay (DCD):    -2.291ns = ( 17.709 - 20.000 ) 
    Source Clock Delay      (SCD):    -2.625ns = ( 10.708 - 13.333 ) 
    Clock Pessimism Removal (CPR):    -0.598ns
  Clock Uncertainty:      0.206ns  ((TSJ^2 + DJ^2)^1/2) / 2 + PE
    Total System Jitter     (TSJ):    0.071ns
    Discrete Jitter          (DJ):    0.157ns
    Phase Error              (PE):    0.120ns

    Location             Delay type                Incr(ns)  Path(ns)    Netlist Resource(s)
  -------------------------------------------------------------------    -------------------
                         (clock clk_out2_pll rise edge)
                                                     13.333    13.333 r  
    AD12                                              0.000    13.333 r  i_sys_clk_p (IN)
                         net (fo=0)                   0.000    13.333    pll_inst/inst/clk_in1_p
    AD12                 IBUFDS (Prop_ibufds_I_O)     0.906    14.239 r  pll_inst/inst/clkin1_ibufgds/O
                         net (fo=1, routed)           1.098    15.337    pll_inst/inst/clk_in1_pll
    PLLE2_ADV_X1Y1       PLLE2_ADV (Prop_plle2_adv_CLKIN1_CLKOUT1)
                                                     -8.058     7.279 r  pll_inst/inst/plle2_adv_inst/CLKOUT1
                         net (fo=1, routed)           2.128     9.407    pll_inst/inst/clk_out2_pll
    BUFGCTRL_X0Y0        BUFG (Prop_bufg_I_O)         0.093     9.500 r  pll_inst/inst/clkout2_buf/O
                         net (fo=2038, routed)        1.208    10.708    student_top_inst/clk_out2
    SLICE_X53Y171        FDPE                                         r  student_top_inst/rst_sr_reg[0]/C
  -------------------------------------------------------------------    -------------------
    SLICE_X53Y171        FDPE (Prop_fdpe_C_Q)         0.223    10.931 r  student_top_inst/rst_sr_reg[0]/Q
                         net (fo=1950, routed)        0.776    11.707    student_top_inst/bridge_inst/counter_inst/cnt_ms_bin_reg[0]_0[0]
    SLICE_X53Y172        LUT3 (Prop_lut3_I1_O)        0.043    11.750 r  student_top_inst/bridge_inst/counter_inst/cnt_1ms[0]_i_1/O
                         net (fo=16, routed)          0.815    12.565    student_top_inst/bridge_inst/counter_inst/cnt_1ms[0]_i_1_n_0
    SLICE_X52Y171        FDRE                                         r  student_top_inst/bridge_inst/counter_inst/cnt_1ms_reg[5]/R
  -------------------------------------------------------------------    -------------------

                         (clock clk_out1_pll rise edge)
                                                     20.000    20.000 r  
    AD12                                              0.000    20.000 r  i_sys_clk_p (IN)
                         net (fo=0)                   0.000    20.000    pll_inst/inst/clk_in1_p
    AD12                 IBUFDS (Prop_ibufds_I_O)     0.803    20.803 r  pll_inst/inst/clkin1_ibufgds/O
                         net (fo=1, routed)           1.001    21.804    pll_inst/inst/clk_in1_pll
    PLLE2_ADV_X1Y1       PLLE2_ADV (Prop_plle2_adv_CLKIN1_CLKOUT0)
                                                     -7.261    14.543 r  pll_inst/inst/plle2_adv_inst/CLKOUT0
                         net (fo=1, routed)           2.003    16.546    pll_inst/inst/clk_out1_pll
    BUFGCTRL_X0Y1        BUFG (Prop_bufg_I_O)         0.083    16.629 r  pll_inst/inst/clkout1_buf/O
                         net (fo=354, routed)         1.080    17.709    student_top_inst/bridge_inst/counter_inst/clk_out1
    SLICE_X52Y171        FDRE                                         r  student_top_inst/bridge_inst/counter_inst/cnt_1ms_reg[5]/C
                         clock pessimism             -0.598    17.112    
                         clock uncertainty           -0.206    16.905    
    SLICE_X52Y171        FDRE (Setup_fdre_C_R)       -0.281    16.624    student_top_inst/bridge_inst/counter_inst/cnt_1ms_reg[5]
  -------------------------------------------------------------------
                         required time                         16.624    
                         arrival time                         -12.565    
  -------------------------------------------------------------------
                         slack                                  4.060    

Slack (MET) :             4.060ns  (required time - arrival time)
  Source:                 student_top_inst/rst_sr_reg[0]/C
                            (rising edge-triggered cell FDPE clocked by clk_out2_pll  {rise@0.000ns fall@3.333ns period=6.667ns})
  Destination:            student_top_inst/bridge_inst/counter_inst/cnt_1ms_reg[6]/R
                            (rising edge-triggered cell FDRE clocked by clk_out1_pll  {rise@0.000ns fall@10.000ns period=20.000ns})
  Path Group:             clk_out1_pll
  Path Type:              Setup (Max at Slow Process Corner)
  Requirement:            6.667ns  (clk_out1_pll rise@20.000ns - clk_out2_pll rise@13.333ns)
  Data Path Delay:        1.857ns  (logic 0.266ns (14.325%)  route 1.591ns (85.675%))
  Logic Levels:           1  (LUT3=1)
  Clock Path Skew:        -0.263ns (DCD - SCD + CPR)
    Destination Clock Delay (DCD):    -2.291ns = ( 17.709 - 20.000 ) 
    Source Clock Delay      (SCD):    -2.625ns = ( 10.708 - 13.333 ) 
    Clock Pessimism Removal (CPR):    -0.598ns
  Clock Uncertainty:      0.206ns  ((TSJ^2 + DJ^2)^1/2) / 2 + PE
    Total System Jitter     (TSJ):    0.071ns
    Discrete Jitter          (DJ):    0.157ns
    Phase Error              (PE):    0.120ns

    Location             Delay type                Incr(ns)  Path(ns)    Netlist Resource(s)
  -------------------------------------------------------------------    -------------------
                         (clock clk_out2_pll rise edge)
                                                     13.333    13.333 r  
    AD12                                              0.000    13.333 r  i_sys_clk_p (IN)
                         net (fo=0)                   0.000    13.333    pll_inst/inst/clk_in1_p
    AD12                 IBUFDS (Prop_ibufds_I_O)     0.906    14.239 r  pll_inst/inst/clkin1_ibufgds/O
                         net (fo=1, routed)           1.098    15.337    pll_inst/inst/clk_in1_pll
    PLLE2_ADV_X1Y1       PLLE2_ADV (Prop_plle2_adv_CLKIN1_CLKOUT1)
                                                     -8.058     7.279 r  pll_inst/inst/plle2_adv_inst/CLKOUT1
                         net (fo=1, routed)           2.128     9.407    pll_inst/inst/clk_out2_pll
    BUFGCTRL_X0Y0        BUFG (Prop_bufg_I_O)         0.093     9.500 r  pll_inst/inst/clkout2_buf/O
                         net (fo=2038, routed)        1.208    10.708    student_top_inst/clk_out2
    SLICE_X53Y171        FDPE                                         r  student_top_inst/rst_sr_reg[0]/C
  -------------------------------------------------------------------    -------------------
    SLICE_X53Y171        FDPE (Prop_fdpe_C_Q)         0.223    10.931 r  student_top_inst/rst_sr_reg[0]/Q
                         net (fo=1950, routed)        0.776    11.707    student_top_inst/bridge_inst/counter_inst/cnt_ms_bin_reg[0]_0[0]
    SLICE_X53Y172        LUT3 (Prop_lut3_I1_O)        0.043    11.750 r  student_top_inst/bridge_inst/counter_inst/cnt_1ms[0]_i_1/O
                         net (fo=16, routed)          0.815    12.565    student_top_inst/bridge_inst/counter_inst/cnt_1ms[0]_i_1_n_0
    SLICE_X52Y171        FDRE                                         r  student_top_inst/bridge_inst/counter_inst/cnt_1ms_reg[6]/R
  -------------------------------------------------------------------    -------------------

                         (clock clk_out1_pll rise edge)
                                                     20.000    20.000 r  
    AD12                                              0.000    20.000 r  i_sys_clk_p (IN)
                         net (fo=0)                   0.000    20.000    pll_inst/inst/clk_in1_p
    AD12                 IBUFDS (Prop_ibufds_I_O)     0.803    20.803 r  pll_inst/inst/clkin1_ibufgds/O
                         net (fo=1, routed)           1.001    21.804    pll_inst/inst/clk_in1_pll
    PLLE2_ADV_X1Y1       PLLE2_ADV (Prop_plle2_adv_CLKIN1_CLKOUT0)
                                                     -7.261    14.543 r  pll_inst/inst/plle2_adv_inst/CLKOUT0
                         net (fo=1, routed)           2.003    16.546    pll_inst/inst/clk_out1_pll
    BUFGCTRL_X0Y1        BUFG (Prop_bufg_I_O)         0.083    16.629 r  pll_inst/inst/clkout1_buf/O
                         net (fo=354, routed)         1.080    17.709    student_top_inst/bridge_inst/counter_inst/clk_out1
    SLICE_X52Y171        FDRE                                         r  student_top_inst/bridge_inst/counter_inst/cnt_1ms_reg[6]/C
                         clock pessimism             -0.598    17.112    
                         clock uncertainty           -0.206    16.905    
    SLICE_X52Y171        FDRE (Setup_fdre_C_R)       -0.281    16.624    student_top_inst/bridge_inst/counter_inst/cnt_1ms_reg[6]
  -------------------------------------------------------------------
                         required time                         16.624    
                         arrival time                         -12.565    
  -------------------------------------------------------------------
                         slack                                  4.060    

Slack (MET) :             4.060ns  (required time - arrival time)
  Source:                 student_top_inst/rst_sr_reg[0]/C
                            (rising edge-triggered cell FDPE clocked by clk_out2_pll  {rise@0.000ns fall@3.333ns period=6.667ns})
  Destination:            student_top_inst/bridge_inst/counter_inst/cnt_1ms_reg[7]/R
                            (rising edge-triggered cell FDRE clocked by clk_out1_pll  {rise@0.000ns fall@10.000ns period=20.000ns})
  Path Group:             clk_out1_pll
  Path Type:              Setup (Max at Slow Process Corner)
  Requirement:            6.667ns  (clk_out1_pll rise@20.000ns - clk_out2_pll rise@13.333ns)
  Data Path Delay:        1.857ns  (logic 0.266ns (14.325%)  route 1.591ns (85.675%))
  Logic Levels:           1  (LUT3=1)
  Clock Path Skew:        -0.263ns (DCD - SCD + CPR)
    Destination Clock Delay (DCD):    -2.291ns = ( 17.709 - 20.000 ) 
    Source Clock Delay      (SCD):    -2.625ns = ( 10.708 - 13.333 ) 
    Clock Pessimism Removal (CPR):    -0.598ns
  Clock Uncertainty:      0.206ns  ((TSJ^2 + DJ^2)^1/2) / 2 + PE
    Total System Jitter     (TSJ):    0.071ns
    Discrete Jitter          (DJ):    0.157ns
    Phase Error              (PE):    0.120ns

    Location             Delay type                Incr(ns)  Path(ns)    Netlist Resource(s)
  -------------------------------------------------------------------    -------------------
                         (clock clk_out2_pll rise edge)
                                                     13.333    13.333 r  
    AD12                                              0.000    13.333 r  i_sys_clk_p (IN)
                         net (fo=0)                   0.000    13.333    pll_inst/inst/clk_in1_p
    AD12                 IBUFDS (Prop_ibufds_I_O)     0.906    14.239 r  pll_inst/inst/clkin1_ibufgds/O
                         net (fo=1, routed)           1.098    15.337    pll_inst/inst/clk_in1_pll
    PLLE2_ADV_X1Y1       PLLE2_ADV (Prop_plle2_adv_CLKIN1_CLKOUT1)
                                                     -8.058     7.279 r  pll_inst/inst/plle2_adv_inst/CLKOUT1
                         net (fo=1, routed)           2.128     9.407    pll_inst/inst/clk_out2_pll
    BUFGCTRL_X0Y0        BUFG (Prop_bufg_I_O)         0.093     9.500 r  pll_inst/inst/clkout2_buf/O
                         net (fo=2038, routed)        1.208    10.708    student_top_inst/clk_out2
    SLICE_X53Y171        FDPE                                         r  student_top_inst/rst_sr_reg[0]/C
  -------------------------------------------------------------------    -------------------
    SLICE_X53Y171        FDPE (Prop_fdpe_C_Q)         0.223    10.931 r  student_top_inst/rst_sr_reg[0]/Q
                         net (fo=1950, routed)        0.776    11.707    student_top_inst/bridge_inst/counter_inst/cnt_ms_bin_reg[0]_0[0]
    SLICE_X53Y172        LUT3 (Prop_lut3_I1_O)        0.043    11.750 r  student_top_inst/bridge_inst/counter_inst/cnt_1ms[0]_i_1/O
                         net (fo=16, routed)          0.815    12.565    student_top_inst/bridge_inst/counter_inst/cnt_1ms[0]_i_1_n_0
    SLICE_X52Y171        FDRE                                         r  student_top_inst/bridge_inst/counter_inst/cnt_1ms_reg[7]/R
  -------------------------------------------------------------------    -------------------

                         (clock clk_out1_pll rise edge)
                                                     20.000    20.000 r  
    AD12                                              0.000    20.000 r  i_sys_clk_p (IN)
                         net (fo=0)                   0.000    20.000    pll_inst/inst/clk_in1_p
    AD12                 IBUFDS (Prop_ibufds_I_O)     0.803    20.803 r  pll_inst/inst/clkin1_ibufgds/O
                         net (fo=1, routed)           1.001    21.804    pll_inst/inst/clk_in1_pll
    PLLE2_ADV_X1Y1       PLLE2_ADV (Prop_plle2_adv_CLKIN1_CLKOUT0)
                                                     -7.261    14.543 r  pll_inst/inst/plle2_adv_inst/CLKOUT0
                         net (fo=1, routed)           2.003    16.546    pll_inst/inst/clk_out1_pll
    BUFGCTRL_X0Y1        BUFG (Prop_bufg_I_O)         0.083    16.629 r  pll_inst/inst/clkout1_buf/O
                         net (fo=354, routed)         1.080    17.709    student_top_inst/bridge_inst/counter_inst/clk_out1
    SLICE_X52Y171        FDRE                                         r  student_top_inst/bridge_inst/counter_inst/cnt_1ms_reg[7]/C
                         clock pessimism             -0.598    17.112    
                         clock uncertainty           -0.206    16.905    
    SLICE_X52Y171        FDRE (Setup_fdre_C_R)       -0.281    16.624    student_top_inst/bridge_inst/counter_inst/cnt_1ms_reg[7]
  -------------------------------------------------------------------
                         required time                         16.624    
                         arrival time                         -12.565    
  -------------------------------------------------------------------
                         slack                                  4.060    

Slack (MET) :             4.102ns  (required time - arrival time)
  Source:                 student_top_inst/rst_sr_reg[0]/C
                            (rising edge-triggered cell FDPE clocked by clk_out2_pll  {rise@0.000ns fall@3.333ns period=6.667ns})
  Destination:            student_top_inst/bridge_inst/counter_inst/cnt_1ms_reg[0]/R
                            (rising edge-triggered cell FDRE clocked by clk_out1_pll  {rise@0.000ns fall@10.000ns period=20.000ns})
  Path Group:             clk_out1_pll
  Path Type:              Setup (Max at Slow Process Corner)
  Requirement:            6.667ns  (clk_out1_pll rise@20.000ns - clk_out2_pll rise@13.333ns)
  Data Path Delay:        1.816ns  (logic 0.266ns (14.648%)  route 1.550ns (85.352%))
  Logic Levels:           1  (LUT3=1)
  Clock Path Skew:        -0.261ns (DCD - SCD + CPR)
    Destination Clock Delay (DCD):    -2.289ns = ( 17.711 - 20.000 ) 
    Source Clock Delay      (SCD):    -2.625ns = ( 10.708 - 13.333 ) 
    Clock Pessimism Removal (CPR):    -0.598ns
  Clock Uncertainty:      0.206ns  ((TSJ^2 + DJ^2)^1/2) / 2 + PE
    Total System Jitter     (TSJ):    0.071ns
    Discrete Jitter          (DJ):    0.157ns
    Phase Error              (PE):    0.120ns

    Location             Delay type                Incr(ns)  Path(ns)    Netlist Resource(s)
  -------------------------------------------------------------------    -------------------
                         (clock clk_out2_pll rise edge)
                                                     13.333    13.333 r  
    AD12                                              0.000    13.333 r  i_sys_clk_p (IN)
                         net (fo=0)                   0.000    13.333    pll_inst/inst/clk_in1_p
    AD12                 IBUFDS (Prop_ibufds_I_O)     0.906    14.239 r  pll_inst/inst/clkin1_ibufgds/O
                         net (fo=1, routed)           1.098    15.337    pll_inst/inst/clk_in1_pll
    PLLE2_ADV_X1Y1       PLLE2_ADV (Prop_plle2_adv_CLKIN1_CLKOUT1)
                                                     -8.058     7.279 r  pll_inst/inst/plle2_adv_inst/CLKOUT1
                         net (fo=1, routed)           2.128     9.407    pll_inst/inst/clk_out2_pll
    BUFGCTRL_X0Y0        BUFG (Prop_bufg_I_O)         0.093     9.500 r  pll_inst/inst/clkout2_buf/O
                         net (fo=2038, routed)        1.208    10.708    student_top_inst/clk_out2
    SLICE_X53Y171        FDPE                                         r  student_top_inst/rst_sr_reg[0]/C
  -------------------------------------------------------------------    -------------------
    SLICE_X53Y171        FDPE (Prop_fdpe_C_Q)         0.223    10.931 r  student_top_inst/rst_sr_reg[0]/Q
                         net (fo=1950, routed)        0.776    11.707    student_top_inst/bridge_inst/counter_inst/cnt_ms_bin_reg[0]_0[0]
    SLICE_X53Y172        LUT3 (Prop_lut3_I1_O)        0.043    11.750 r  student_top_inst/bridge_inst/counter_inst/cnt_1ms[0]_i_1/O
                         net (fo=16, routed)          0.774    12.524    student_top_inst/bridge_inst/counter_inst/cnt_1ms[0]_i_1_n_0
    SLICE_X52Y170        FDRE                                         r  student_top_inst/bridge_inst/counter_inst/cnt_1ms_reg[0]/R
  -------------------------------------------------------------------    -------------------

                         (clock clk_out1_pll rise edge)
                                                     20.000    20.000 r  
    AD12                                              0.000    20.000 r  i_sys_clk_p (IN)
                         net (fo=0)                   0.000    20.000    pll_inst/inst/clk_in1_p
    AD12                 IBUFDS (Prop_ibufds_I_O)     0.803    20.803 r  pll_inst/inst/clkin1_ibufgds/O
                         net (fo=1, routed)           1.001    21.804    pll_inst/inst/clk_in1_pll
    PLLE2_ADV_X1Y1       PLLE2_ADV (Prop_plle2_adv_CLKIN1_CLKOUT0)
                                                     -7.261    14.543 r  pll_inst/inst/plle2_adv_inst/CLKOUT0
                         net (fo=1, routed)           2.003    16.546    pll_inst/inst/clk_out1_pll
    BUFGCTRL_X0Y1        BUFG (Prop_bufg_I_O)         0.083    16.629 r  pll_inst/inst/clkout1_buf/O
                         net (fo=354, routed)         1.082    17.711    student_top_inst/bridge_inst/counter_inst/clk_out1
    SLICE_X52Y170        FDRE                                         r  student_top_inst/bridge_inst/counter_inst/cnt_1ms_reg[0]/C
                         clock pessimism             -0.598    17.114    
                         clock uncertainty           -0.206    16.907    
    SLICE_X52Y170        FDRE (Setup_fdre_C_R)       -0.281    16.626    student_top_inst/bridge_inst/counter_inst/cnt_1ms_reg[0]
  -------------------------------------------------------------------
                         required time                         16.626    
                         arrival time                         -12.524    
  -------------------------------------------------------------------
                         slack                                  4.102    

Slack (MET) :             4.102ns  (required time - arrival time)
  Source:                 student_top_inst/rst_sr_reg[0]/C
                            (rising edge-triggered cell FDPE clocked by clk_out2_pll  {rise@0.000ns fall@3.333ns period=6.667ns})
  Destination:            student_top_inst/bridge_inst/counter_inst/cnt_1ms_reg[1]/R
                            (rising edge-triggered cell FDRE clocked by clk_out1_pll  {rise@0.000ns fall@10.000ns period=20.000ns})
  Path Group:             clk_out1_pll
  Path Type:              Setup (Max at Slow Process Corner)
  Requirement:            6.667ns  (clk_out1_pll rise@20.000ns - clk_out2_pll rise@13.333ns)
  Data Path Delay:        1.816ns  (logic 0.266ns (14.648%)  route 1.550ns (85.352%))
  Logic Levels:           1  (LUT3=1)
  Clock Path Skew:        -0.261ns (DCD - SCD + CPR)
    Destination Clock Delay (DCD):    -2.289ns = ( 17.711 - 20.000 ) 
    Source Clock Delay      (SCD):    -2.625ns = ( 10.708 - 13.333 ) 
    Clock Pessimism Removal (CPR):    -0.598ns
  Clock Uncertainty:      0.206ns  ((TSJ^2 + DJ^2)^1/2) / 2 + PE
    Total System Jitter     (TSJ):    0.071ns
    Discrete Jitter          (DJ):    0.157ns
    Phase Error              (PE):    0.120ns

    Location             Delay type                Incr(ns)  Path(ns)    Netlist Resource(s)
  -------------------------------------------------------------------    -------------------
                         (clock clk_out2_pll rise edge)
                                                     13.333    13.333 r  
    AD12                                              0.000    13.333 r  i_sys_clk_p (IN)
                         net (fo=0)                   0.000    13.333    pll_inst/inst/clk_in1_p
    AD12                 IBUFDS (Prop_ibufds_I_O)     0.906    14.239 r  pll_inst/inst/clkin1_ibufgds/O
                         net (fo=1, routed)           1.098    15.337    pll_inst/inst/clk_in1_pll
    PLLE2_ADV_X1Y1       PLLE2_ADV (Prop_plle2_adv_CLKIN1_CLKOUT1)
                                                     -8.058     7.279 r  pll_inst/inst/plle2_adv_inst/CLKOUT1
                         net (fo=1, routed)           2.128     9.407    pll_inst/inst/clk_out2_pll
    BUFGCTRL_X0Y0        BUFG (Prop_bufg_I_O)         0.093     9.500 r  pll_inst/inst/clkout2_buf/O
                         net (fo=2038, routed)        1.208    10.708    student_top_inst/clk_out2
    SLICE_X53Y171        FDPE                                         r  student_top_inst/rst_sr_reg[0]/C
  -------------------------------------------------------------------    -------------------
    SLICE_X53Y171        FDPE (Prop_fdpe_C_Q)         0.223    10.931 r  student_top_inst/rst_sr_reg[0]/Q
                         net (fo=1950, routed)        0.776    11.707    student_top_inst/bridge_inst/counter_inst/cnt_ms_bin_reg[0]_0[0]
    SLICE_X53Y172        LUT3 (Prop_lut3_I1_O)        0.043    11.750 r  student_top_inst/bridge_inst/counter_inst/cnt_1ms[0]_i_1/O
                         net (fo=16, routed)          0.774    12.524    student_top_inst/bridge_inst/counter_inst/cnt_1ms[0]_i_1_n_0
    SLICE_X52Y170        FDRE                                         r  student_top_inst/bridge_inst/counter_inst/cnt_1ms_reg[1]/R
  -------------------------------------------------------------------    -------------------

                         (clock clk_out1_pll rise edge)
                                                     20.000    20.000 r  
    AD12                                              0.000    20.000 r  i_sys_clk_p (IN)
                         net (fo=0)                   0.000    20.000    pll_inst/inst/clk_in1_p
    AD12                 IBUFDS (Prop_ibufds_I_O)     0.803    20.803 r  pll_inst/inst/clkin1_ibufgds/O
                         net (fo=1, routed)           1.001    21.804    pll_inst/inst/clk_in1_pll
    PLLE2_ADV_X1Y1       PLLE2_ADV (Prop_plle2_adv_CLKIN1_CLKOUT0)
                                                     -7.261    14.543 r  pll_inst/inst/plle2_adv_inst/CLKOUT0
                         net (fo=1, routed)           2.003    16.546    pll_inst/inst/clk_out1_pll
    BUFGCTRL_X0Y1        BUFG (Prop_bufg_I_O)         0.083    16.629 r  pll_inst/inst/clkout1_buf/O
                         net (fo=354, routed)         1.082    17.711    student_top_inst/bridge_inst/counter_inst/clk_out1
    SLICE_X52Y170        FDRE                                         r  student_top_inst/bridge_inst/counter_inst/cnt_1ms_reg[1]/C
                         clock pessimism             -0.598    17.114    
                         clock uncertainty           -0.206    16.907    
    SLICE_X52Y170        FDRE (Setup_fdre_C_R)       -0.281    16.626    student_top_inst/bridge_inst/counter_inst/cnt_1ms_reg[1]
  -------------------------------------------------------------------
                         required time                         16.626    
                         arrival time                         -12.524    
  -------------------------------------------------------------------
                         slack                                  4.102    

Slack (MET) :             4.102ns  (required time - arrival time)
  Source:                 student_top_inst/rst_sr_reg[0]/C
                            (rising edge-triggered cell FDPE clocked by clk_out2_pll  {rise@0.000ns fall@3.333ns period=6.667ns})
  Destination:            student_top_inst/bridge_inst/counter_inst/cnt_1ms_reg[2]/R
                            (rising edge-triggered cell FDRE clocked by clk_out1_pll  {rise@0.000ns fall@10.000ns period=20.000ns})
  Path Group:             clk_out1_pll
  Path Type:              Setup (Max at Slow Process Corner)
  Requirement:            6.667ns  (clk_out1_pll rise@20.000ns - clk_out2_pll rise@13.333ns)
  Data Path Delay:        1.816ns  (logic 0.266ns (14.648%)  route 1.550ns (85.352%))
  Logic Levels:           1  (LUT3=1)
  Clock Path Skew:        -0.261ns (DCD - SCD + CPR)
    Destination Clock Delay (DCD):    -2.289ns = ( 17.711 - 20.000 ) 
    Source Clock Delay      (SCD):    -2.625ns = ( 10.708 - 13.333 ) 
    Clock Pessimism Removal (CPR):    -0.598ns
  Clock Uncertainty:      0.206ns  ((TSJ^2 + DJ^2)^1/2) / 2 + PE
    Total System Jitter     (TSJ):    0.071ns
    Discrete Jitter          (DJ):    0.157ns
    Phase Error              (PE):    0.120ns

    Location             Delay type                Incr(ns)  Path(ns)    Netlist Resource(s)
  -------------------------------------------------------------------    -------------------
                         (clock clk_out2_pll rise edge)
                                                     13.333    13.333 r  
    AD12                                              0.000    13.333 r  i_sys_clk_p (IN)
                         net (fo=0)                   0.000    13.333    pll_inst/inst/clk_in1_p
    AD12                 IBUFDS (Prop_ibufds_I_O)     0.906    14.239 r  pll_inst/inst/clkin1_ibufgds/O
                         net (fo=1, routed)           1.098    15.337    pll_inst/inst/clk_in1_pll
    PLLE2_ADV_X1Y1       PLLE2_ADV (Prop_plle2_adv_CLKIN1_CLKOUT1)
                                                     -8.058     7.279 r  pll_inst/inst/plle2_adv_inst/CLKOUT1
                         net (fo=1, routed)           2.128     9.407    pll_inst/inst/clk_out2_pll
    BUFGCTRL_X0Y0        BUFG (Prop_bufg_I_O)         0.093     9.500 r  pll_inst/inst/clkout2_buf/O
                         net (fo=2038, routed)        1.208    10.708    student_top_inst/clk_out2
    SLICE_X53Y171        FDPE                                         r  student_top_inst/rst_sr_reg[0]/C
  -------------------------------------------------------------------    -------------------
    SLICE_X53Y171        FDPE (Prop_fdpe_C_Q)         0.223    10.931 r  student_top_inst/rst_sr_reg[0]/Q
                         net (fo=1950, routed)        0.776    11.707    student_top_inst/bridge_inst/counter_inst/cnt_ms_bin_reg[0]_0[0]
    SLICE_X53Y172        LUT3 (Prop_lut3_I1_O)        0.043    11.750 r  student_top_inst/bridge_inst/counter_inst/cnt_1ms[0]_i_1/O
                         net (fo=16, routed)          0.774    12.524    student_top_inst/bridge_inst/counter_inst/cnt_1ms[0]_i_1_n_0
    SLICE_X52Y170        FDRE                                         r  student_top_inst/bridge_inst/counter_inst/cnt_1ms_reg[2]/R
  -------------------------------------------------------------------    -------------------

                         (clock clk_out1_pll rise edge)
                                                     20.000    20.000 r  
    AD12                                              0.000    20.000 r  i_sys_clk_p (IN)
                         net (fo=0)                   0.000    20.000    pll_inst/inst/clk_in1_p
    AD12                 IBUFDS (Prop_ibufds_I_O)     0.803    20.803 r  pll_inst/inst/clkin1_ibufgds/O
                         net (fo=1, routed)           1.001    21.804    pll_inst/inst/clk_in1_pll
    PLLE2_ADV_X1Y1       PLLE2_ADV (Prop_plle2_adv_CLKIN1_CLKOUT0)
                                                     -7.261    14.543 r  pll_inst/inst/plle2_adv_inst/CLKOUT0
                         net (fo=1, routed)           2.003    16.546    pll_inst/inst/clk_out1_pll
    BUFGCTRL_X0Y1        BUFG (Prop_bufg_I_O)         0.083    16.629 r  pll_inst/inst/clkout1_buf/O
                         net (fo=354, routed)         1.082    17.711    student_top_inst/bridge_inst/counter_inst/clk_out1
    SLICE_X52Y170        FDRE                                         r  student_top_inst/bridge_inst/counter_inst/cnt_1ms_reg[2]/C
                         clock pessimism             -0.598    17.114    
                         clock uncertainty           -0.206    16.907    
    SLICE_X52Y170        FDRE (Setup_fdre_C_R)       -0.281    16.626    student_top_inst/bridge_inst/counter_inst/cnt_1ms_reg[2]
  -------------------------------------------------------------------
                         required time                         16.626    
                         arrival time                         -12.524    
  -------------------------------------------------------------------
                         slack                                  4.102    

Slack (MET) :             4.102ns  (required time - arrival time)
  Source:                 student_top_inst/rst_sr_reg[0]/C
                            (rising edge-triggered cell FDPE clocked by clk_out2_pll  {rise@0.000ns fall@3.333ns period=6.667ns})
  Destination:            student_top_inst/bridge_inst/counter_inst/cnt_1ms_reg[3]/R
                            (rising edge-triggered cell FDRE clocked by clk_out1_pll  {rise@0.000ns fall@10.000ns period=20.000ns})
  Path Group:             clk_out1_pll
  Path Type:              Setup (Max at Slow Process Corner)
  Requirement:            6.667ns  (clk_out1_pll rise@20.000ns - clk_out2_pll rise@13.333ns)
  Data Path Delay:        1.816ns  (logic 0.266ns (14.648%)  route 1.550ns (85.352%))
  Logic Levels:           1  (LUT3=1)
  Clock Path Skew:        -0.261ns (DCD - SCD + CPR)
    Destination Clock Delay (DCD):    -2.289ns = ( 17.711 - 20.000 ) 
    Source Clock Delay      (SCD):    -2.625ns = ( 10.708 - 13.333 ) 
    Clock Pessimism Removal (CPR):    -0.598ns
  Clock Uncertainty:      0.206ns  ((TSJ^2 + DJ^2)^1/2) / 2 + PE
    Total System Jitter     (TSJ):    0.071ns
    Discrete Jitter          (DJ):    0.157ns
    Phase Error              (PE):    0.120ns

    Location             Delay type                Incr(ns)  Path(ns)    Netlist Resource(s)
  -------------------------------------------------------------------    -------------------
                         (clock clk_out2_pll rise edge)
                                                     13.333    13.333 r  
    AD12                                              0.000    13.333 r  i_sys_clk_p (IN)
                         net (fo=0)                   0.000    13.333    pll_inst/inst/clk_in1_p
    AD12                 IBUFDS (Prop_ibufds_I_O)     0.906    14.239 r  pll_inst/inst/clkin1_ibufgds/O
                         net (fo=1, routed)           1.098    15.337    pll_inst/inst/clk_in1_pll
    PLLE2_ADV_X1Y1       PLLE2_ADV (Prop_plle2_adv_CLKIN1_CLKOUT1)
                                                     -8.058     7.279 r  pll_inst/inst/plle2_adv_inst/CLKOUT1
                         net (fo=1, routed)           2.128     9.407    pll_inst/inst/clk_out2_pll
    BUFGCTRL_X0Y0        BUFG (Prop_bufg_I_O)         0.093     9.500 r  pll_inst/inst/clkout2_buf/O
                         net (fo=2038, routed)        1.208    10.708    student_top_inst/clk_out2
    SLICE_X53Y171        FDPE                                         r  student_top_inst/rst_sr_reg[0]/C
  -------------------------------------------------------------------    -------------------
    SLICE_X53Y171        FDPE (Prop_fdpe_C_Q)         0.223    10.931 r  student_top_inst/rst_sr_reg[0]/Q
                         net (fo=1950, routed)        0.776    11.707    student_top_inst/bridge_inst/counter_inst/cnt_ms_bin_reg[0]_0[0]
    SLICE_X53Y172        LUT3 (Prop_lut3_I1_O)        0.043    11.750 r  student_top_inst/bridge_inst/counter_inst/cnt_1ms[0]_i_1/O
                         net (fo=16, routed)          0.774    12.524    student_top_inst/bridge_inst/counter_inst/cnt_1ms[0]_i_1_n_0
    SLICE_X52Y170        FDRE                                         r  student_top_inst/bridge_inst/counter_inst/cnt_1ms_reg[3]/R
  -------------------------------------------------------------------    -------------------

                         (clock clk_out1_pll rise edge)
                                                     20.000    20.000 r  
    AD12                                              0.000    20.000 r  i_sys_clk_p (IN)
                         net (fo=0)                   0.000    20.000    pll_inst/inst/clk_in1_p
    AD12                 IBUFDS (Prop_ibufds_I_O)     0.803    20.803 r  pll_inst/inst/clkin1_ibufgds/O
                         net (fo=1, routed)           1.001    21.804    pll_inst/inst/clk_in1_pll
    PLLE2_ADV_X1Y1       PLLE2_ADV (Prop_plle2_adv_CLKIN1_CLKOUT0)
                                                     -7.261    14.543 r  pll_inst/inst/plle2_adv_inst/CLKOUT0
                         net (fo=1, routed)           2.003    16.546    pll_inst/inst/clk_out1_pll
    BUFGCTRL_X0Y1        BUFG (Prop_bufg_I_O)         0.083    16.629 r  pll_inst/inst/clkout1_buf/O
                         net (fo=354, routed)         1.082    17.711    student_top_inst/bridge_inst/counter_inst/clk_out1
    SLICE_X52Y170        FDRE                                         r  student_top_inst/bridge_inst/counter_inst/cnt_1ms_reg[3]/C
                         clock pessimism             -0.598    17.114    
                         clock uncertainty           -0.206    16.907    
    SLICE_X52Y170        FDRE (Setup_fdre_C_R)       -0.281    16.626    student_top_inst/bridge_inst/counter_inst/cnt_1ms_reg[3]
  -------------------------------------------------------------------
                         required time                         16.626    
                         arrival time                         -12.524    
  -------------------------------------------------------------------
                         slack                                  4.102    

Slack (MET) :             4.103ns  (required time - arrival time)
  Source:                 student_top_inst/rst_sr_reg[0]/C
                            (rising edge-triggered cell FDPE clocked by clk_out2_pll  {rise@0.000ns fall@3.333ns period=6.667ns})
  Destination:            student_top_inst/bridge_inst/counter_inst/cnt_ms_bin_reg[28]/R
                            (rising edge-triggered cell FDRE clocked by clk_out1_pll  {rise@0.000ns fall@10.000ns period=20.000ns})
  Path Group:             clk_out1_pll
  Path Type:              Setup (Max at Slow Process Corner)
  Requirement:            6.667ns  (clk_out1_pll rise@20.000ns - clk_out2_pll rise@13.333ns)
  Data Path Delay:        1.846ns  (logic 0.223ns (12.077%)  route 1.623ns (87.923%))
  Logic Levels:           0  
  Clock Path Skew:        -0.207ns (DCD - SCD + CPR)
    Destination Clock Delay (DCD):    -2.235ns = ( 17.765 - 20.000 ) 
    Source Clock Delay      (SCD):    -2.625ns = ( 10.708 - 13.333 ) 
    Clock Pessimism Removal (CPR):    -0.598ns
  Clock Uncertainty:      0.206ns  ((TSJ^2 + DJ^2)^1/2) / 2 + PE
    Total System Jitter     (TSJ):    0.071ns
    Discrete Jitter          (DJ):    0.157ns
    Phase Error              (PE):    0.120ns

    Location             Delay type                Incr(ns)  Path(ns)    Netlist Resource(s)
  -------------------------------------------------------------------    -------------------
                         (clock clk_out2_pll rise edge)
                                                     13.333    13.333 r  
    AD12                                              0.000    13.333 r  i_sys_clk_p (IN)
                         net (fo=0)                   0.000    13.333    pll_inst/inst/clk_in1_p
    AD12                 IBUFDS (Prop_ibufds_I_O)     0.906    14.239 r  pll_inst/inst/clkin1_ibufgds/O
                         net (fo=1, routed)           1.098    15.337    pll_inst/inst/clk_in1_pll
    PLLE2_ADV_X1Y1       PLLE2_ADV (Prop_plle2_adv_CLKIN1_CLKOUT1)
                                                     -8.058     7.279 r  pll_inst/inst/plle2_adv_inst/CLKOUT1
                         net (fo=1, routed)           2.128     9.407    pll_inst/inst/clk_out2_pll
    BUFGCTRL_X0Y0        BUFG (Prop_bufg_I_O)         0.093     9.500 r  pll_inst/inst/clkout2_buf/O
                         net (fo=2038, routed)        1.208    10.708    student_top_inst/clk_out2
    SLICE_X53Y171        FDPE                                         r  student_top_inst/rst_sr_reg[0]/C
  -------------------------------------------------------------------    -------------------
    SLICE_X53Y171        FDPE (Prop_fdpe_C_Q)         0.223    10.931 r  student_top_inst/rst_sr_reg[0]/Q
                         net (fo=1950, routed)        1.623    12.554    student_top_inst/bridge_inst/counter_inst/cnt_ms_bin_reg[0]_0[0]
    SLICE_X48Y173        FDRE                                         r  student_top_inst/bridge_inst/counter_inst/cnt_ms_bin_reg[28]/R
  -------------------------------------------------------------------    -------------------

                         (clock clk_out1_pll rise edge)
                                                     20.000    20.000 r  
    AD12                                              0.000    20.000 r  i_sys_clk_p (IN)
                         net (fo=0)                   0.000    20.000    pll_inst/inst/clk_in1_p
    AD12                 IBUFDS (Prop_ibufds_I_O)     0.803    20.803 r  pll_inst/inst/clkin1_ibufgds/O
                         net (fo=1, routed)           1.001    21.804    pll_inst/inst/clk_in1_pll
    PLLE2_ADV_X1Y1       PLLE2_ADV (Prop_plle2_adv_CLKIN1_CLKOUT0)
                                                     -7.261    14.543 r  pll_inst/inst/plle2_adv_inst/CLKOUT0
                         net (fo=1, routed)           2.003    16.546    pll_inst/inst/clk_out1_pll
    BUFGCTRL_X0Y1        BUFG (Prop_bufg_I_O)         0.083    16.629 r  pll_inst/inst/clkout1_buf/O
                         net (fo=354, routed)         1.136    17.765    student_top_inst/bridge_inst/counter_inst/clk_out1
    SLICE_X48Y173        FDRE                                         r  student_top_inst/bridge_inst/counter_inst/cnt_ms_bin_reg[28]/C
                         clock pessimism             -0.598    17.168    
                         clock uncertainty           -0.206    16.961    
    SLICE_X48Y173        FDRE (Setup_fdre_C_R)       -0.304    16.657    student_top_inst/bridge_inst/counter_inst/cnt_ms_bin_reg[28]
  -------------------------------------------------------------------
                         required time                         16.657    
                         arrival time                         -12.554    
  -------------------------------------------------------------------
                         slack                                  4.103    

Slack (MET) :             4.103ns  (required time - arrival time)
  Source:                 student_top_inst/rst_sr_reg[0]/C
                            (rising edge-triggered cell FDPE clocked by clk_out2_pll  {rise@0.000ns fall@3.333ns period=6.667ns})
  Destination:            student_top_inst/bridge_inst/counter_inst/cnt_ms_bin_reg[29]/R
                            (rising edge-triggered cell FDRE clocked by clk_out1_pll  {rise@0.000ns fall@10.000ns period=20.000ns})
  Path Group:             clk_out1_pll
  Path Type:              Setup (Max at Slow Process Corner)
  Requirement:            6.667ns  (clk_out1_pll rise@20.000ns - clk_out2_pll rise@13.333ns)
  Data Path Delay:        1.846ns  (logic 0.223ns (12.077%)  route 1.623ns (87.923%))
  Logic Levels:           0  
  Clock Path Skew:        -0.207ns (DCD - SCD + CPR)
    Destination Clock Delay (DCD):    -2.235ns = ( 17.765 - 20.000 ) 
    Source Clock Delay      (SCD):    -2.625ns = ( 10.708 - 13.333 ) 
    Clock Pessimism Removal (CPR):    -0.598ns
  Clock Uncertainty:      0.206ns  ((TSJ^2 + DJ^2)^1/2) / 2 + PE
    Total System Jitter     (TSJ):    0.071ns
    Discrete Jitter          (DJ):    0.157ns
    Phase Error              (PE):    0.120ns

    Location             Delay type                Incr(ns)  Path(ns)    Netlist Resource(s)
  -------------------------------------------------------------------    -------------------
                         (clock clk_out2_pll rise edge)
                                                     13.333    13.333 r  
    AD12                                              0.000    13.333 r  i_sys_clk_p (IN)
                         net (fo=0)                   0.000    13.333    pll_inst/inst/clk_in1_p
    AD12                 IBUFDS (Prop_ibufds_I_O)     0.906    14.239 r  pll_inst/inst/clkin1_ibufgds/O
                         net (fo=1, routed)           1.098    15.337    pll_inst/inst/clk_in1_pll
    PLLE2_ADV_X1Y1       PLLE2_ADV (Prop_plle2_adv_CLKIN1_CLKOUT1)
                                                     -8.058     7.279 r  pll_inst/inst/plle2_adv_inst/CLKOUT1
                         net (fo=1, routed)           2.128     9.407    pll_inst/inst/clk_out2_pll
    BUFGCTRL_X0Y0        BUFG (Prop_bufg_I_O)         0.093     9.500 r  pll_inst/inst/clkout2_buf/O
                         net (fo=2038, routed)        1.208    10.708    student_top_inst/clk_out2
    SLICE_X53Y171        FDPE                                         r  student_top_inst/rst_sr_reg[0]/C
  -------------------------------------------------------------------    -------------------
    SLICE_X53Y171        FDPE (Prop_fdpe_C_Q)         0.223    10.931 r  student_top_inst/rst_sr_reg[0]/Q
                         net (fo=1950, routed)        1.623    12.554    student_top_inst/bridge_inst/counter_inst/cnt_ms_bin_reg[0]_0[0]
    SLICE_X48Y173        FDRE                                         r  student_top_inst/bridge_inst/counter_inst/cnt_ms_bin_reg[29]/R
  -------------------------------------------------------------------    -------------------

                         (clock clk_out1_pll rise edge)
                                                     20.000    20.000 r  
    AD12                                              0.000    20.000 r  i_sys_clk_p (IN)
                         net (fo=0)                   0.000    20.000    pll_inst/inst/clk_in1_p
    AD12                 IBUFDS (Prop_ibufds_I_O)     0.803    20.803 r  pll_inst/inst/clkin1_ibufgds/O
                         net (fo=1, routed)           1.001    21.804    pll_inst/inst/clk_in1_pll
    PLLE2_ADV_X1Y1       PLLE2_ADV (Prop_plle2_adv_CLKIN1_CLKOUT0)
                                                     -7.261    14.543 r  pll_inst/inst/plle2_adv_inst/CLKOUT0
                         net (fo=1, routed)           2.003    16.546    pll_inst/inst/clk_out1_pll
    BUFGCTRL_X0Y1        BUFG (Prop_bufg_I_O)         0.083    16.629 r  pll_inst/inst/clkout1_buf/O
                         net (fo=354, routed)         1.136    17.765    student_top_inst/bridge_inst/counter_inst/clk_out1
    SLICE_X48Y173        FDRE                                         r  student_top_inst/bridge_inst/counter_inst/cnt_ms_bin_reg[29]/C
                         clock pessimism             -0.598    17.168    
                         clock uncertainty           -0.206    16.961    
    SLICE_X48Y173        FDRE (Setup_fdre_C_R)       -0.304    16.657    student_top_inst/bridge_inst/counter_inst/cnt_ms_bin_reg[29]
  -------------------------------------------------------------------
                         required time                         16.657    
                         arrival time                         -12.554    
  -------------------------------------------------------------------
                         slack                                  4.103    





Min Delay Paths
--------------------------------------------------------------------------------------
Slack (MET) :             0.138ns  (arrival time - required time)
  Source:                 student_top_inst/bridge_inst/seg_output_reg_reg[16]/C
                            (rising edge-triggered cell FDCE clocked by clk_out2_pll  {rise@0.000ns fall@3.333ns period=6.667ns})
  Destination:            twin_controller_inst/status_buffer_reg[2][0]/D
                            (rising edge-triggered cell FDCE clocked by clk_out1_pll  {rise@0.000ns fall@10.000ns period=20.000ns})
  Path Group:             clk_out1_pll
  Path Type:              Hold (Min at Fast Process Corner)
  Requirement:            0.000ns  (clk_out1_pll rise@0.000ns - clk_out2_pll rise@0.000ns)
  Data Path Delay:        0.652ns  (logic 0.100ns (15.329%)  route 0.552ns (84.671%))
  Logic Levels:           0  
  Clock Path Skew:        0.270ns (DCD - SCD - CPR)
    Destination Clock Delay (DCD):    -0.670ns
    Source Clock Delay      (SCD):    -0.457ns
    Clock Pessimism Removal (CPR):    -0.484ns
  Clock Uncertainty:      0.206ns  ((TSJ^2 + DJ^2)^1/2) / 2 + PE
    Total System Jitter     (TSJ):    0.071ns
    Discrete Jitter          (DJ):    0.157ns
    Phase Error              (PE):    0.120ns

    Location             Delay type                Incr(ns)  Path(ns)    Netlist Resource(s)
  -------------------------------------------------------------------    -------------------
                         (clock clk_out2_pll rise edge)
                                                      0.000     0.000 r  
    AD12                                              0.000     0.000 r  i_sys_clk_p (IN)
                         net (fo=0)                   0.000     0.000    pll_inst/inst/clk_in1_p
    AD12                 IBUFDS (Prop_ibufds_I_O)     0.388     0.388 r  pll_inst/inst/clkin1_ibufgds/O
                         net (fo=1, routed)           0.503     0.891    pll_inst/inst/clk_in1_pll
    PLLE2_ADV_X1Y1       PLLE2_ADV (Prop_plle2_adv_CLKIN1_CLKOUT1)
                                                     -2.908    -2.017 r  pll_inst/inst/plle2_adv_inst/CLKOUT1
                         net (fo=1, routed)           0.958    -1.059    pll_inst/inst/clk_out2_pll
    BUFGCTRL_X0Y0        BUFG (Prop_bufg_I_O)         0.026    -1.033 r  pll_inst/inst/clkout2_buf/O
                         net (fo=2038, routed)        0.576    -0.457    student_top_inst/bridge_inst/clk_out2
    SLICE_X36Y184        FDCE                                         r  student_top_inst/bridge_inst/seg_output_reg_reg[16]/C
  -------------------------------------------------------------------    -------------------
    SLICE_X36Y184        FDCE (Prop_fdce_C_Q)         0.100    -0.357 r  student_top_inst/bridge_inst/seg_output_reg_reg[16]/Q
                         net (fo=1, routed)           0.552     0.196    twin_controller_inst/virtual_seg[13]
    SLICE_X39Y184        FDCE                                         r  twin_controller_inst/status_buffer_reg[2][0]/D
  -------------------------------------------------------------------    -------------------

                         (clock clk_out1_pll rise edge)
                                                      0.000     0.000 r  
    AD12                                              0.000     0.000 r  i_sys_clk_p (IN)
                         net (fo=0)                   0.000     0.000    pll_inst/inst/clk_in1_p
    AD12                 IBUFDS (Prop_ibufds_I_O)     0.470     0.470 r  pll_inst/inst/clkin1_ibufgds/O
                         net (fo=1, routed)           0.554     1.024    pll_inst/inst/clk_in1_pll
    PLLE2_ADV_X1Y1       PLLE2_ADV (Prop_plle2_adv_CLKIN1_CLKOUT0)
                                                     -3.524    -2.500 r  pll_inst/inst/plle2_adv_inst/CLKOUT0
                         net (fo=1, routed)           1.027    -1.473    pll_inst/inst/clk_out1_pll
    BUFGCTRL_X0Y1        BUFG (Prop_bufg_I_O)         0.030    -1.443 r  pll_inst/inst/clkout1_buf/O
                         net (fo=354, routed)         0.773    -0.670    twin_controller_inst/clk_out1
    SLICE_X39Y184        FDCE                                         r  twin_controller_inst/status_buffer_reg[2][0]/C
                         clock pessimism              0.484    -0.187    
                         clock uncertainty            0.206     0.020    
    SLICE_X39Y184        FDCE (Hold_fdce_C_D)         0.038     0.058    twin_controller_inst/status_buffer_reg[2][0]
  -------------------------------------------------------------------
                         required time                         -0.058    
                         arrival time                           0.196    
  -------------------------------------------------------------------
                         slack                                  0.138    

Slack (MET) :             0.139ns  (arrival time - required time)
  Source:                 student_top_inst/bridge_inst/seg_output_reg_reg[2]/C
                            (rising edge-triggered cell FDCE clocked by clk_out2_pll  {rise@0.000ns fall@3.333ns period=6.667ns})
  Destination:            twin_controller_inst/status_buffer_reg[0][2]/D
                            (rising edge-triggered cell FDCE clocked by clk_out1_pll  {rise@0.000ns fall@10.000ns period=20.000ns})
  Path Group:             clk_out1_pll
  Path Type:              Hold (Min at Fast Process Corner)
  Requirement:            0.000ns  (clk_out1_pll rise@0.000ns - clk_out2_pll rise@0.000ns)
  Data Path Delay:        0.656ns  (logic 0.118ns (17.980%)  route 0.538ns (82.020%))
  Logic Levels:           0  
  Clock Path Skew:        0.271ns (DCD - SCD - CPR)
    Destination Clock Delay (DCD):    -0.670ns
    Source Clock Delay      (SCD):    -0.458ns
    Clock Pessimism Removal (CPR):    -0.484ns
  Clock Uncertainty:      0.206ns  ((TSJ^2 + DJ^2)^1/2) / 2 + PE
    Total System Jitter     (TSJ):    0.071ns
    Discrete Jitter          (DJ):    0.157ns
    Phase Error              (PE):    0.120ns

    Location             Delay type                Incr(ns)  Path(ns)    Netlist Resource(s)
  -------------------------------------------------------------------    -------------------
                         (clock clk_out2_pll rise edge)
                                                      0.000     0.000 r  
    AD12                                              0.000     0.000 r  i_sys_clk_p (IN)
                         net (fo=0)                   0.000     0.000    pll_inst/inst/clk_in1_p
    AD12                 IBUFDS (Prop_ibufds_I_O)     0.388     0.388 r  pll_inst/inst/clkin1_ibufgds/O
                         net (fo=1, routed)           0.503     0.891    pll_inst/inst/clk_in1_pll
    PLLE2_ADV_X1Y1       PLLE2_ADV (Prop_plle2_adv_CLKIN1_CLKOUT1)
                                                     -2.908    -2.017 r  pll_inst/inst/plle2_adv_inst/CLKOUT1
                         net (fo=1, routed)           0.958    -1.059    pll_inst/inst/clk_out2_pll
    BUFGCTRL_X0Y0        BUFG (Prop_bufg_I_O)         0.026    -1.033 r  pll_inst/inst/clkout2_buf/O
                         net (fo=2038, routed)        0.575    -0.458    student_top_inst/bridge_inst/clk_out2
    SLICE_X38Y184        FDCE                                         r  student_top_inst/bridge_inst/seg_output_reg_reg[2]/C
  -------------------------------------------------------------------    -------------------
    SLICE_X38Y184        FDCE (Prop_fdce_C_Q)         0.118    -0.340 r  student_top_inst/bridge_inst/seg_output_reg_reg[2]/Q
                         net (fo=1, routed)           0.538     0.199    twin_controller_inst/virtual_seg[2]
    SLICE_X39Y184        FDCE                                         r  twin_controller_inst/status_buffer_reg[0][2]/D
  -------------------------------------------------------------------    -------------------

                         (clock clk_out1_pll rise edge)
                                                      0.000     0.000 r  
    AD12                                              0.000     0.000 r  i_sys_clk_p (IN)
                         net (fo=0)                   0.000     0.000    pll_inst/inst/clk_in1_p
    AD12                 IBUFDS (Prop_ibufds_I_O)     0.470     0.470 r  pll_inst/inst/clkin1_ibufgds/O
                         net (fo=1, routed)           0.554     1.024    pll_inst/inst/clk_in1_pll
    PLLE2_ADV_X1Y1       PLLE2_ADV (Prop_plle2_adv_CLKIN1_CLKOUT0)
                                                     -3.524    -2.500 r  pll_inst/inst/plle2_adv_inst/CLKOUT0
                         net (fo=1, routed)           1.027    -1.473    pll_inst/inst/clk_out1_pll
    BUFGCTRL_X0Y1        BUFG (Prop_bufg_I_O)         0.030    -1.443 r  pll_inst/inst/clkout1_buf/O
                         net (fo=354, routed)         0.773    -0.670    twin_controller_inst/clk_out1
    SLICE_X39Y184        FDCE                                         r  twin_controller_inst/status_buffer_reg[0][2]/C
                         clock pessimism              0.484    -0.187    
                         clock uncertainty            0.206     0.020    
    SLICE_X39Y184        FDCE (Hold_fdce_C_D)         0.040     0.060    twin_controller_inst/status_buffer_reg[0][2]
  -------------------------------------------------------------------
                         required time                         -0.060    
                         arrival time                           0.199    
  -------------------------------------------------------------------
                         slack                                  0.139    

Slack (MET) :             0.141ns  (arrival time - required time)
  Source:                 student_top_inst/bridge_inst/LED_reg[3]/C
                            (rising edge-triggered cell FDRE clocked by clk_out2_pll  {rise@0.000ns fall@3.333ns period=6.667ns})
  Destination:            twin_controller_inst/status_buffer_reg[14][3]/D
                            (rising edge-triggered cell FDCE clocked by clk_out1_pll  {rise@0.000ns fall@10.000ns period=20.000ns})
  Path Group:             clk_out1_pll
  Path Type:              Hold (Min at Fast Process Corner)
  Requirement:            0.000ns  (clk_out1_pll rise@0.000ns - clk_out2_pll rise@0.000ns)
  Data Path Delay:        0.673ns  (logic 0.100ns (14.854%)  route 0.573ns (85.146%))
  Logic Levels:           0  
  Clock Path Skew:        0.267ns (DCD - SCD - CPR)
    Destination Clock Delay (DCD):    -0.679ns
    Source Clock Delay      (SCD):    -0.463ns
    Clock Pessimism Removal (CPR):    -0.484ns
  Clock Uncertainty:      0.206ns  ((TSJ^2 + DJ^2)^1/2) / 2 + PE
    Total System Jitter     (TSJ):    0.071ns
    Discrete Jitter          (DJ):    0.157ns
    Phase Error              (PE):    0.120ns

    Location             Delay type                Incr(ns)  Path(ns)    Netlist Resource(s)
  -------------------------------------------------------------------    -------------------
                         (clock clk_out2_pll rise edge)
                                                      0.000     0.000 r  
    AD12                                              0.000     0.000 r  i_sys_clk_p (IN)
                         net (fo=0)                   0.000     0.000    pll_inst/inst/clk_in1_p
    AD12                 IBUFDS (Prop_ibufds_I_O)     0.388     0.388 r  pll_inst/inst/clkin1_ibufgds/O
                         net (fo=1, routed)           0.503     0.891    pll_inst/inst/clk_in1_pll
    PLLE2_ADV_X1Y1       PLLE2_ADV (Prop_plle2_adv_CLKIN1_CLKOUT1)
                                                     -2.908    -2.017 r  pll_inst/inst/plle2_adv_inst/CLKOUT1
                         net (fo=1, routed)           0.958    -1.059    pll_inst/inst/clk_out2_pll
    BUFGCTRL_X0Y0        BUFG (Prop_bufg_I_O)         0.026    -1.033 r  pll_inst/inst/clkout2_buf/O
                         net (fo=2038, routed)        0.570    -0.463    student_top_inst/bridge_inst/clk_out2
    SLICE_X41Y179        FDRE                                         r  student_top_inst/bridge_inst/LED_reg[3]/C
  -------------------------------------------------------------------    -------------------
    SLICE_X41Y179        FDRE (Prop_fdre_C_Q)         0.100    -0.363 r  student_top_inst/bridge_inst/LED_reg[3]/Q
                         net (fo=1, routed)           0.573     0.211    twin_controller_inst/virtual_led[3]
    SLICE_X46Y179        FDCE                                         r  twin_controller_inst/status_buffer_reg[14][3]/D
  -------------------------------------------------------------------    -------------------

                         (clock clk_out1_pll rise edge)
                                                      0.000     0.000 r  
    AD12                                              0.000     0.000 r  i_sys_clk_p (IN)
                         net (fo=0)                   0.000     0.000    pll_inst/inst/clk_in1_p
    AD12                 IBUFDS (Prop_ibufds_I_O)     0.470     0.470 r  pll_inst/inst/clkin1_ibufgds/O
                         net (fo=1, routed)           0.554     1.024    pll_inst/inst/clk_in1_pll
    PLLE2_ADV_X1Y1       PLLE2_ADV (Prop_plle2_adv_CLKIN1_CLKOUT0)
                                                     -3.524    -2.500 r  pll_inst/inst/plle2_adv_inst/CLKOUT0
                         net (fo=1, routed)           1.027    -1.473    pll_inst/inst/clk_out1_pll
    BUFGCTRL_X0Y1        BUFG (Prop_bufg_I_O)         0.030    -1.443 r  pll_inst/inst/clkout1_buf/O
                         net (fo=354, routed)         0.764    -0.679    twin_controller_inst/clk_out1
    SLICE_X46Y179        FDCE                                         r  twin_controller_inst/status_buffer_reg[14][3]/C
                         clock pessimism              0.484    -0.196    
                         clock uncertainty            0.206     0.011    
    SLICE_X46Y179        FDCE (Hold_fdce_C_D)         0.059     0.070    twin_controller_inst/status_buffer_reg[14][3]
  -------------------------------------------------------------------
                         required time                         -0.070    
                         arrival time                           0.211    
  -------------------------------------------------------------------
                         slack                                  0.141    

Slack (MET) :             0.143ns  (arrival time - required time)
  Source:                 student_top_inst/bridge_inst/seg_output_reg_reg[12]/C
                            (rising edge-triggered cell FDCE clocked by clk_out2_pll  {rise@0.000ns fall@3.333ns period=6.667ns})
  Destination:            twin_controller_inst/status_buffer_reg[1][4]/D
                            (rising edge-triggered cell FDCE clocked by clk_out1_pll  {rise@0.000ns fall@10.000ns period=20.000ns})
  Path Group:             clk_out1_pll
  Path Type:              Hold (Min at Fast Process Corner)
  Requirement:            0.000ns  (clk_out1_pll rise@0.000ns - clk_out2_pll rise@0.000ns)
  Data Path Delay:        0.657ns  (logic 0.100ns (15.227%)  route 0.557ns (84.773%))
  Logic Levels:           0  
  Clock Path Skew:        0.266ns (DCD - SCD - CPR)
    Destination Clock Delay (DCD):    -0.679ns
    Source Clock Delay      (SCD):    -0.462ns
    Clock Pessimism Removal (CPR):    -0.484ns
  Clock Uncertainty:      0.206ns  ((TSJ^2 + DJ^2)^1/2) / 2 + PE
    Total System Jitter     (TSJ):    0.071ns
    Discrete Jitter          (DJ):    0.157ns
    Phase Error              (PE):    0.120ns

    Location             Delay type                Incr(ns)  Path(ns)    Netlist Resource(s)
  -------------------------------------------------------------------    -------------------
                         (clock clk_out2_pll rise edge)
                                                      0.000     0.000 r  
    AD12                                              0.000     0.000 r  i_sys_clk_p (IN)
                         net (fo=0)                   0.000     0.000    pll_inst/inst/clk_in1_p
    AD12                 IBUFDS (Prop_ibufds_I_O)     0.388     0.388 r  pll_inst/inst/clkin1_ibufgds/O
                         net (fo=1, routed)           0.503     0.891    pll_inst/inst/clk_in1_pll
    PLLE2_ADV_X1Y1       PLLE2_ADV (Prop_plle2_adv_CLKIN1_CLKOUT1)
                                                     -2.908    -2.017 r  pll_inst/inst/plle2_adv_inst/CLKOUT1
                         net (fo=1, routed)           0.958    -1.059    pll_inst/inst/clk_out2_pll
    BUFGCTRL_X0Y0        BUFG (Prop_bufg_I_O)         0.026    -1.033 r  pll_inst/inst/clkout2_buf/O
                         net (fo=2038, routed)        0.571    -0.462    student_top_inst/bridge_inst/clk_out2
    SLICE_X37Y179        FDCE                                         r  student_top_inst/bridge_inst/seg_output_reg_reg[12]/C
  -------------------------------------------------------------------    -------------------
    SLICE_X37Y179        FDCE (Prop_fdce_C_Q)         0.100    -0.362 r  student_top_inst/bridge_inst/seg_output_reg_reg[12]/Q
                         net (fo=1, routed)           0.557     0.195    twin_controller_inst/virtual_seg[9]
    SLICE_X46Y179        FDCE                                         r  twin_controller_inst/status_buffer_reg[1][4]/D
  -------------------------------------------------------------------    -------------------

                         (clock clk_out1_pll rise edge)
                                                      0.000     0.000 r  
    AD12                                              0.000     0.000 r  i_sys_clk_p (IN)
                         net (fo=0)                   0.000     0.000    pll_inst/inst/clk_in1_p
    AD12                 IBUFDS (Prop_ibufds_I_O)     0.470     0.470 r  pll_inst/inst/clkin1_ibufgds/O
                         net (fo=1, routed)           0.554     1.024    pll_inst/inst/clk_in1_pll
    PLLE2_ADV_X1Y1       PLLE2_ADV (Prop_plle2_adv_CLKIN1_CLKOUT0)
                                                     -3.524    -2.500 r  pll_inst/inst/plle2_adv_inst/CLKOUT0
                         net (fo=1, routed)           1.027    -1.473    pll_inst/inst/clk_out1_pll
    BUFGCTRL_X0Y1        BUFG (Prop_bufg_I_O)         0.030    -1.443 r  pll_inst/inst/clkout1_buf/O
                         net (fo=354, routed)         0.764    -0.679    twin_controller_inst/clk_out1
    SLICE_X46Y179        FDCE                                         r  twin_controller_inst/status_buffer_reg[1][4]/C
                         clock pessimism              0.484    -0.196    
                         clock uncertainty            0.206     0.011    
    SLICE_X46Y179        FDCE (Hold_fdce_C_D)         0.042     0.053    twin_controller_inst/status_buffer_reg[1][4]
  -------------------------------------------------------------------
                         required time                         -0.053    
                         arrival time                           0.195    
  -------------------------------------------------------------------
                         slack                                  0.143    

Slack (MET) :             0.144ns  (arrival time - required time)
  Source:                 student_top_inst/bridge_inst/LED_reg[4]/C
                            (rising edge-triggered cell FDRE clocked by clk_out2_pll  {rise@0.000ns fall@3.333ns period=6.667ns})
  Destination:            twin_controller_inst/status_buffer_reg[14][4]/D
                            (rising edge-triggered cell FDCE clocked by clk_out1_pll  {rise@0.000ns fall@10.000ns period=20.000ns})
  Path Group:             clk_out1_pll
  Path Type:              Hold (Min at Fast Process Corner)
  Requirement:            0.000ns  (clk_out1_pll rise@0.000ns - clk_out2_pll rise@0.000ns)
  Data Path Delay:        0.643ns  (logic 0.091ns (14.146%)  route 0.552ns (85.854%))
  Logic Levels:           0  
  Clock Path Skew:        0.270ns (DCD - SCD - CPR)
    Destination Clock Delay (DCD):    -0.681ns
    Source Clock Delay      (SCD):    -0.468ns
    Clock Pessimism Removal (CPR):    -0.484ns
  Clock Uncertainty:      0.206ns  ((TSJ^2 + DJ^2)^1/2) / 2 + PE
    Total System Jitter     (TSJ):    0.071ns
    Discrete Jitter          (DJ):    0.157ns
    Phase Error              (PE):    0.120ns

    Location             Delay type                Incr(ns)  Path(ns)    Netlist Resource(s)
  -------------------------------------------------------------------    -------------------
                         (clock clk_out2_pll rise edge)
                                                      0.000     0.000 r  
    AD12                                              0.000     0.000 r  i_sys_clk_p (IN)
                         net (fo=0)                   0.000     0.000    pll_inst/inst/clk_in1_p
    AD12                 IBUFDS (Prop_ibufds_I_O)     0.388     0.388 r  pll_inst/inst/clkin1_ibufgds/O
                         net (fo=1, routed)           0.503     0.891    pll_inst/inst/clk_in1_pll
    PLLE2_ADV_X1Y1       PLLE2_ADV (Prop_plle2_adv_CLKIN1_CLKOUT1)
                                                     -2.908    -2.017 r  pll_inst/inst/plle2_adv_inst/CLKOUT1
                         net (fo=1, routed)           0.958    -1.059    pll_inst/inst/clk_out2_pll
    BUFGCTRL_X0Y0        BUFG (Prop_bufg_I_O)         0.026    -1.033 r  pll_inst/inst/clkout2_buf/O
                         net (fo=2038, routed)        0.565    -0.468    student_top_inst/bridge_inst/clk_out2
    SLICE_X47Y177        FDRE                                         r  student_top_inst/bridge_inst/LED_reg[4]/C
  -------------------------------------------------------------------    -------------------
    SLICE_X47Y177        FDRE (Prop_fdre_C_Q)         0.091    -0.377 r  student_top_inst/bridge_inst/LED_reg[4]/Q
                         net (fo=1, routed)           0.552     0.176    twin_controller_inst/virtual_led[4]
    SLICE_X46Y177        FDCE                                         r  twin_controller_inst/status_buffer_reg[14][4]/D
  -------------------------------------------------------------------    -------------------

                         (clock clk_out1_pll rise edge)
                                                      0.000     0.000 r  
    AD12                                              0.000     0.000 r  i_sys_clk_p (IN)
                         net (fo=0)                   0.000     0.000    pll_inst/inst/clk_in1_p
    AD12                 IBUFDS (Prop_ibufds_I_O)     0.470     0.470 r  pll_inst/inst/clkin1_ibufgds/O
                         net (fo=1, routed)           0.554     1.024    pll_inst/inst/clk_in1_pll
    PLLE2_ADV_X1Y1       PLLE2_ADV (Prop_plle2_adv_CLKIN1_CLKOUT0)
                                                     -3.524    -2.500 r  pll_inst/inst/plle2_adv_inst/CLKOUT0
                         net (fo=1, routed)           1.027    -1.473    pll_inst/inst/clk_out1_pll
    BUFGCTRL_X0Y1        BUFG (Prop_bufg_I_O)         0.030    -1.443 r  pll_inst/inst/clkout1_buf/O
                         net (fo=354, routed)         0.762    -0.681    twin_controller_inst/clk_out1
    SLICE_X46Y177        FDCE                                         r  twin_controller_inst/status_buffer_reg[14][4]/C
                         clock pessimism              0.484    -0.198    
                         clock uncertainty            0.206     0.009    
    SLICE_X46Y177        FDCE (Hold_fdce_C_D)         0.023     0.032    twin_controller_inst/status_buffer_reg[14][4]
  -------------------------------------------------------------------
                         required time                         -0.032    
                         arrival time                           0.176    
  -------------------------------------------------------------------
                         slack                                  0.144    

Slack (MET) :             0.146ns  (arrival time - required time)
  Source:                 student_top_inst/bridge_inst/LED_reg[22]/C
                            (rising edge-triggered cell FDRE clocked by clk_out2_pll  {rise@0.000ns fall@3.333ns period=6.667ns})
  Destination:            twin_controller_inst/status_buffer_reg[16][6]/D
                            (rising edge-triggered cell FDCE clocked by clk_out1_pll  {rise@0.000ns fall@10.000ns period=20.000ns})
  Path Group:             clk_out1_pll
  Path Type:              Hold (Min at Fast Process Corner)
  Requirement:            0.000ns  (clk_out1_pll rise@0.000ns - clk_out2_pll rise@0.000ns)
  Data Path Delay:        0.666ns  (logic 0.100ns (15.017%)  route 0.566ns (84.983%))
  Logic Levels:           0  
  Clock Path Skew:        0.271ns (DCD - SCD - CPR)
    Destination Clock Delay (DCD):    -0.680ns
    Source Clock Delay      (SCD):    -0.468ns
    Clock Pessimism Removal (CPR):    -0.484ns
  Clock Uncertainty:      0.206ns  ((TSJ^2 + DJ^2)^1/2) / 2 + PE
    Total System Jitter     (TSJ):    0.071ns
    Discrete Jitter          (DJ):    0.157ns
    Phase Error              (PE):    0.120ns

    Location             Delay type                Incr(ns)  Path(ns)    Netlist Resource(s)
  -------------------------------------------------------------------    -------------------
                         (clock clk_out2_pll rise edge)
                                                      0.000     0.000 r  
    AD12                                              0.000     0.000 r  i_sys_clk_p (IN)
                         net (fo=0)                   0.000     0.000    pll_inst/inst/clk_in1_p
    AD12                 IBUFDS (Prop_ibufds_I_O)     0.388     0.388 r  pll_inst/inst/clkin1_ibufgds/O
                         net (fo=1, routed)           0.503     0.891    pll_inst/inst/clk_in1_pll
    PLLE2_ADV_X1Y1       PLLE2_ADV (Prop_plle2_adv_CLKIN1_CLKOUT1)
                                                     -2.908    -2.017 r  pll_inst/inst/plle2_adv_inst/CLKOUT1
                         net (fo=1, routed)           0.958    -1.059    pll_inst/inst/clk_out2_pll
    BUFGCTRL_X0Y0        BUFG (Prop_bufg_I_O)         0.026    -1.033 r  pll_inst/inst/clkout2_buf/O
                         net (fo=2038, routed)        0.565    -0.468    student_top_inst/bridge_inst/clk_out2
    SLICE_X47Y177        FDRE                                         r  student_top_inst/bridge_inst/LED_reg[22]/C
  -------------------------------------------------------------------    -------------------
    SLICE_X47Y177        FDRE (Prop_fdre_C_Q)         0.100    -0.368 r  student_top_inst/bridge_inst/LED_reg[22]/Q
                         net (fo=1, routed)           0.566     0.198    twin_controller_inst/virtual_led[22]
    SLICE_X47Y178        FDCE                                         r  twin_controller_inst/status_buffer_reg[16][6]/D
  -------------------------------------------------------------------    -------------------

                         (clock clk_out1_pll rise edge)
                                                      0.000     0.000 r  
    AD12                                              0.000     0.000 r  i_sys_clk_p (IN)
                         net (fo=0)                   0.000     0.000    pll_inst/inst/clk_in1_p
    AD12                 IBUFDS (Prop_ibufds_I_O)     0.470     0.470 r  pll_inst/inst/clkin1_ibufgds/O
                         net (fo=1, routed)           0.554     1.024    pll_inst/inst/clk_in1_pll
    PLLE2_ADV_X1Y1       PLLE2_ADV (Prop_plle2_adv_CLKIN1_CLKOUT0)
                                                     -3.524    -2.500 r  pll_inst/inst/plle2_adv_inst/CLKOUT0
                         net (fo=1, routed)           1.027    -1.473    pll_inst/inst/clk_out1_pll
    BUFGCTRL_X0Y1        BUFG (Prop_bufg_I_O)         0.030    -1.443 r  pll_inst/inst/clkout1_buf/O
                         net (fo=354, routed)         0.763    -0.680    twin_controller_inst/clk_out1
    SLICE_X47Y178        FDCE                                         r  twin_controller_inst/status_buffer_reg[16][6]/C
                         clock pessimism              0.484    -0.197    
                         clock uncertainty            0.206     0.010    
    SLICE_X47Y178        FDCE (Hold_fdce_C_D)         0.043     0.053    twin_controller_inst/status_buffer_reg[16][6]
  -------------------------------------------------------------------
                         required time                         -0.053    
                         arrival time                           0.198    
  -------------------------------------------------------------------
                         slack                                  0.146    

Slack (MET) :             0.148ns  (arrival time - required time)
  Source:                 student_top_inst/bridge_inst/seg_output_reg_reg[1]/C
                            (rising edge-triggered cell FDCE clocked by clk_out2_pll  {rise@0.000ns fall@3.333ns period=6.667ns})
  Destination:            twin_controller_inst/status_buffer_reg[0][1]/D
                            (rising edge-triggered cell FDCE clocked by clk_out1_pll  {rise@0.000ns fall@10.000ns period=20.000ns})
  Path Group:             clk_out1_pll
  Path Type:              Hold (Min at Fast Process Corner)
  Requirement:            0.000ns  (clk_out1_pll rise@0.000ns - clk_out2_pll rise@0.000ns)
  Data Path Delay:        0.656ns  (logic 0.118ns (17.993%)  route 0.538ns (82.007%))
  Logic Levels:           0  
  Clock Path Skew:        0.270ns (DCD - SCD - CPR)
    Destination Clock Delay (DCD):    -0.673ns
    Source Clock Delay      (SCD):    -0.460ns
    Clock Pessimism Removal (CPR):    -0.484ns
  Clock Uncertainty:      0.206ns  ((TSJ^2 + DJ^2)^1/2) / 2 + PE
    Total System Jitter     (TSJ):    0.071ns
    Discrete Jitter          (DJ):    0.157ns
    Phase Error              (PE):    0.120ns

    Location             Delay type                Incr(ns)  Path(ns)    Netlist Resource(s)
  -------------------------------------------------------------------    -------------------
                         (clock clk_out2_pll rise edge)
                                                      0.000     0.000 r  
    AD12                                              0.000     0.000 r  i_sys_clk_p (IN)
                         net (fo=0)                   0.000     0.000    pll_inst/inst/clk_in1_p
    AD12                 IBUFDS (Prop_ibufds_I_O)     0.388     0.388 r  pll_inst/inst/clkin1_ibufgds/O
                         net (fo=1, routed)           0.503     0.891    pll_inst/inst/clk_in1_pll
    PLLE2_ADV_X1Y1       PLLE2_ADV (Prop_plle2_adv_CLKIN1_CLKOUT1)
                                                     -2.908    -2.017 r  pll_inst/inst/plle2_adv_inst/CLKOUT1
                         net (fo=1, routed)           0.958    -1.059    pll_inst/inst/clk_out2_pll
    BUFGCTRL_X0Y0        BUFG (Prop_bufg_I_O)         0.026    -1.033 r  pll_inst/inst/clkout2_buf/O
                         net (fo=2038, routed)        0.573    -0.460    student_top_inst/bridge_inst/clk_out2
    SLICE_X38Y182        FDCE                                         r  student_top_inst/bridge_inst/seg_output_reg_reg[1]/C
  -------------------------------------------------------------------    -------------------
    SLICE_X38Y182        FDCE (Prop_fdce_C_Q)         0.118    -0.342 r  student_top_inst/bridge_inst/seg_output_reg_reg[1]/Q
                         net (fo=1, routed)           0.538     0.196    twin_controller_inst/virtual_seg[1]
    SLICE_X39Y181        FDCE                                         r  twin_controller_inst/status_buffer_reg[0][1]/D
  -------------------------------------------------------------------    -------------------

                         (clock clk_out1_pll rise edge)
                                                      0.000     0.000 r  
    AD12                                              0.000     0.000 r  i_sys_clk_p (IN)
                         net (fo=0)                   0.000     0.000    pll_inst/inst/clk_in1_p
    AD12                 IBUFDS (Prop_ibufds_I_O)     0.470     0.470 r  pll_inst/inst/clkin1_ibufgds/O
                         net (fo=1, routed)           0.554     1.024    pll_inst/inst/clk_in1_pll
    PLLE2_ADV_X1Y1       PLLE2_ADV (Prop_plle2_adv_CLKIN1_CLKOUT0)
                                                     -3.524    -2.500 r  pll_inst/inst/plle2_adv_inst/CLKOUT0
                         net (fo=1, routed)           1.027    -1.473    pll_inst/inst/clk_out1_pll
    BUFGCTRL_X0Y1        BUFG (Prop_bufg_I_O)         0.030    -1.443 r  pll_inst/inst/clkout1_buf/O
                         net (fo=354, routed)         0.770    -0.673    twin_controller_inst/clk_out1
    SLICE_X39Y181        FDCE                                         r  twin_controller_inst/status_buffer_reg[0][1]/C
                         clock pessimism              0.484    -0.190    
                         clock uncertainty            0.206     0.017    
    SLICE_X39Y181        FDCE (Hold_fdce_C_D)         0.032     0.049    twin_controller_inst/status_buffer_reg[0][1]
  -------------------------------------------------------------------
                         required time                         -0.049    
                         arrival time                           0.196    
  -------------------------------------------------------------------
                         slack                                  0.148    

Slack (MET) :             0.149ns  (arrival time - required time)
  Source:                 student_top_inst/bridge_inst/LED_reg[26]/C
                            (rising edge-triggered cell FDRE clocked by clk_out2_pll  {rise@0.000ns fall@3.333ns period=6.667ns})
  Destination:            twin_controller_inst/status_buffer_reg[17][2]/D
                            (rising edge-triggered cell FDCE clocked by clk_out1_pll  {rise@0.000ns fall@10.000ns period=20.000ns})
  Path Group:             clk_out1_pll
  Path Type:              Hold (Min at Fast Process Corner)
  Requirement:            0.000ns  (clk_out1_pll rise@0.000ns - clk_out2_pll rise@0.000ns)
  Data Path Delay:        0.620ns  (logic 0.107ns (17.245%)  route 0.513ns (82.755%))
  Logic Levels:           0  
  Clock Path Skew:        0.270ns (DCD - SCD - CPR)
    Destination Clock Delay (DCD):    -0.677ns
    Source Clock Delay      (SCD):    -0.464ns
    Clock Pessimism Removal (CPR):    -0.484ns
  Clock Uncertainty:      0.206ns  ((TSJ^2 + DJ^2)^1/2) / 2 + PE
    Total System Jitter     (TSJ):    0.071ns
    Discrete Jitter          (DJ):    0.157ns
    Phase Error              (PE):    0.120ns

    Location             Delay type                Incr(ns)  Path(ns)    Netlist Resource(s)
  -------------------------------------------------------------------    -------------------
                         (clock clk_out2_pll rise edge)
                                                      0.000     0.000 r  
    AD12                                              0.000     0.000 r  i_sys_clk_p (IN)
                         net (fo=0)                   0.000     0.000    pll_inst/inst/clk_in1_p
    AD12                 IBUFDS (Prop_ibufds_I_O)     0.388     0.388 r  pll_inst/inst/clkin1_ibufgds/O
                         net (fo=1, routed)           0.503     0.891    pll_inst/inst/clk_in1_pll
    PLLE2_ADV_X1Y1       PLLE2_ADV (Prop_plle2_adv_CLKIN1_CLKOUT1)
                                                     -2.908    -2.017 r  pll_inst/inst/plle2_adv_inst/CLKOUT1
                         net (fo=1, routed)           0.958    -1.059    pll_inst/inst/clk_out2_pll
    BUFGCTRL_X0Y0        BUFG (Prop_bufg_I_O)         0.026    -1.033 r  pll_inst/inst/clkout2_buf/O
                         net (fo=2038, routed)        0.569    -0.464    student_top_inst/bridge_inst/clk_out2
    SLICE_X38Y178        FDRE                                         r  student_top_inst/bridge_inst/LED_reg[26]/C
  -------------------------------------------------------------------    -------------------
    SLICE_X38Y178        FDRE (Prop_fdre_C_Q)         0.107    -0.357 r  student_top_inst/bridge_inst/LED_reg[26]/Q
                         net (fo=1, routed)           0.513     0.157    twin_controller_inst/virtual_led[26]
    SLICE_X39Y177        FDCE                                         r  twin_controller_inst/status_buffer_reg[17][2]/D
  -------------------------------------------------------------------    -------------------

                         (clock clk_out1_pll rise edge)
                                                      0.000     0.000 r  
    AD12                                              0.000     0.000 r  i_sys_clk_p (IN)
                         net (fo=0)                   0.000     0.000    pll_inst/inst/clk_in1_p
    AD12                 IBUFDS (Prop_ibufds_I_O)     0.470     0.470 r  pll_inst/inst/clkin1_ibufgds/O
                         net (fo=1, routed)           0.554     1.024    pll_inst/inst/clk_in1_pll
    PLLE2_ADV_X1Y1       PLLE2_ADV (Prop_plle2_adv_CLKIN1_CLKOUT0)
                                                     -3.524    -2.500 r  pll_inst/inst/plle2_adv_inst/CLKOUT0
                         net (fo=1, routed)           1.027    -1.473    pll_inst/inst/clk_out1_pll
    BUFGCTRL_X0Y1        BUFG (Prop_bufg_I_O)         0.030    -1.443 r  pll_inst/inst/clkout1_buf/O
                         net (fo=354, routed)         0.766    -0.677    twin_controller_inst/clk_out1
    SLICE_X39Y177        FDCE                                         r  twin_controller_inst/status_buffer_reg[17][2]/C
                         clock pessimism              0.484    -0.194    
                         clock uncertainty            0.206     0.013    
    SLICE_X39Y177        FDCE (Hold_fdce_C_D)        -0.005     0.008    twin_controller_inst/status_buffer_reg[17][2]
  -------------------------------------------------------------------
                         required time                         -0.008    
                         arrival time                           0.157    
  -------------------------------------------------------------------
                         slack                                  0.149    

Slack (MET) :             0.153ns  (arrival time - required time)
  Source:                 student_top_inst/bridge_inst/seg_output_reg_reg[34]/C
                            (rising edge-triggered cell FDCE clocked by clk_out2_pll  {rise@0.000ns fall@3.333ns period=6.667ns})
  Destination:            twin_controller_inst/status_buffer_reg[4][2]/D
                            (rising edge-triggered cell FDCE clocked by clk_out1_pll  {rise@0.000ns fall@10.000ns period=20.000ns})
  Path Group:             clk_out1_pll
  Path Type:              Hold (Min at Fast Process Corner)
  Requirement:            0.000ns  (clk_out1_pll rise@0.000ns - clk_out2_pll rise@0.000ns)
  Data Path Delay:        0.677ns  (logic 0.118ns (17.431%)  route 0.559ns (82.569%))
  Logic Levels:           0  
  Clock Path Skew:        0.274ns (DCD - SCD - CPR)
    Destination Clock Delay (DCD):    -0.672ns
    Source Clock Delay      (SCD):    -0.463ns
    Clock Pessimism Removal (CPR):    -0.484ns
  Clock Uncertainty:      0.206ns  ((TSJ^2 + DJ^2)^1/2) / 2 + PE
    Total System Jitter     (TSJ):    0.071ns
    Discrete Jitter          (DJ):    0.157ns
    Phase Error              (PE):    0.120ns

    Location             Delay type                Incr(ns)  Path(ns)    Netlist Resource(s)
  -------------------------------------------------------------------    -------------------
                         (clock clk_out2_pll rise edge)
                                                      0.000     0.000 r  
    AD12                                              0.000     0.000 r  i_sys_clk_p (IN)
                         net (fo=0)                   0.000     0.000    pll_inst/inst/clk_in1_p
    AD12                 IBUFDS (Prop_ibufds_I_O)     0.388     0.388 r  pll_inst/inst/clkin1_ibufgds/O
                         net (fo=1, routed)           0.503     0.891    pll_inst/inst/clk_in1_pll
    PLLE2_ADV_X1Y1       PLLE2_ADV (Prop_plle2_adv_CLKIN1_CLKOUT1)
                                                     -2.908    -2.017 r  pll_inst/inst/plle2_adv_inst/CLKOUT1
                         net (fo=1, routed)           0.958    -1.059    pll_inst/inst/clk_out2_pll
    BUFGCTRL_X0Y0        BUFG (Prop_bufg_I_O)         0.026    -1.033 r  pll_inst/inst/clkout2_buf/O
                         net (fo=2038, routed)        0.570    -0.463    student_top_inst/bridge_inst/clk_out2
    SLICE_X42Y180        FDCE                                         r  student_top_inst/bridge_inst/seg_output_reg_reg[34]/C
  -------------------------------------------------------------------    -------------------
    SLICE_X42Y180        FDCE (Prop_fdce_C_Q)         0.118    -0.345 r  student_top_inst/bridge_inst/seg_output_reg_reg[34]/Q
                         net (fo=1, routed)           0.559     0.214    twin_controller_inst/virtual_seg[25]
    SLICE_X41Y182        FDCE                                         r  twin_controller_inst/status_buffer_reg[4][2]/D
  -------------------------------------------------------------------    -------------------

                         (clock clk_out1_pll rise edge)
                                                      0.000     0.000 r  
    AD12                                              0.000     0.000 r  i_sys_clk_p (IN)
                         net (fo=0)                   0.000     0.000    pll_inst/inst/clk_in1_p
    AD12                 IBUFDS (Prop_ibufds_I_O)     0.470     0.470 r  pll_inst/inst/clkin1_ibufgds/O
                         net (fo=1, routed)           0.554     1.024    pll_inst/inst/clk_in1_pll
    PLLE2_ADV_X1Y1       PLLE2_ADV (Prop_plle2_adv_CLKIN1_CLKOUT0)
                                                     -3.524    -2.500 r  pll_inst/inst/plle2_adv_inst/CLKOUT0
                         net (fo=1, routed)           1.027    -1.473    pll_inst/inst/clk_out1_pll
    BUFGCTRL_X0Y1        BUFG (Prop_bufg_I_O)         0.030    -1.443 r  pll_inst/inst/clkout1_buf/O
                         net (fo=354, routed)         0.771    -0.672    twin_controller_inst/clk_out1
    SLICE_X41Y182        FDCE                                         r  twin_controller_inst/status_buffer_reg[4][2]/C
                         clock pessimism              0.484    -0.189    
                         clock uncertainty            0.206     0.018    
    SLICE_X41Y182        FDCE (Hold_fdce_C_D)         0.044     0.062    twin_controller_inst/status_buffer_reg[4][2]
  -------------------------------------------------------------------
                         required time                         -0.062    
                         arrival time                           0.214    
  -------------------------------------------------------------------
                         slack                                  0.153    

Slack (MET) :             0.153ns  (arrival time - required time)
  Source:                 student_top_inst/bridge_inst/seg_output_reg_reg[21]/C
                            (rising edge-triggered cell FDCE clocked by clk_out2_pll  {rise@0.000ns fall@3.333ns period=6.667ns})
  Destination:            twin_controller_inst/status_buffer_reg[2][5]/D
                            (rising edge-triggered cell FDCE clocked by clk_out1_pll  {rise@0.000ns fall@10.000ns period=20.000ns})
  Path Group:             clk_out1_pll
  Path Type:              Hold (Min at Fast Process Corner)
  Requirement:            0.000ns  (clk_out1_pll rise@0.000ns - clk_out2_pll rise@0.000ns)
  Data Path Delay:        0.667ns  (logic 0.100ns (14.993%)  route 0.567ns (85.007%))
  Logic Levels:           0  
  Clock Path Skew:        0.270ns (DCD - SCD - CPR)
    Destination Clock Delay (DCD):    -0.679ns
    Source Clock Delay      (SCD):    -0.466ns
    Clock Pessimism Removal (CPR):    -0.484ns
  Clock Uncertainty:      0.206ns  ((TSJ^2 + DJ^2)^1/2) / 2 + PE
    Total System Jitter     (TSJ):    0.071ns
    Discrete Jitter          (DJ):    0.157ns
    Phase Error              (PE):    0.120ns

    Location             Delay type                Incr(ns)  Path(ns)    Netlist Resource(s)
  -------------------------------------------------------------------    -------------------
                         (clock clk_out2_pll rise edge)
                                                      0.000     0.000 r  
    AD12                                              0.000     0.000 r  i_sys_clk_p (IN)
                         net (fo=0)                   0.000     0.000    pll_inst/inst/clk_in1_p
    AD12                 IBUFDS (Prop_ibufds_I_O)     0.388     0.388 r  pll_inst/inst/clkin1_ibufgds/O
                         net (fo=1, routed)           0.503     0.891    pll_inst/inst/clk_in1_pll
    PLLE2_ADV_X1Y1       PLLE2_ADV (Prop_plle2_adv_CLKIN1_CLKOUT1)
                                                     -2.908    -2.017 r  pll_inst/inst/plle2_adv_inst/CLKOUT1
                         net (fo=1, routed)           0.958    -1.059    pll_inst/inst/clk_out2_pll
    BUFGCTRL_X0Y0        BUFG (Prop_bufg_I_O)         0.026    -1.033 r  pll_inst/inst/clkout2_buf/O
                         net (fo=2038, routed)        0.567    -0.466    student_top_inst/bridge_inst/clk_out2
    SLICE_X40Y176        FDCE                                         r  student_top_inst/bridge_inst/seg_output_reg_reg[21]/C
  -------------------------------------------------------------------    -------------------
    SLICE_X40Y176        FDCE (Prop_fdce_C_Q)         0.100    -0.366 r  student_top_inst/bridge_inst/seg_output_reg_reg[21]/Q
                         net (fo=1, routed)           0.567     0.201    twin_controller_inst/virtual_seg[15]
    SLICE_X39Y176        FDCE                                         r  twin_controller_inst/status_buffer_reg[2][5]/D
  -------------------------------------------------------------------    -------------------

                         (clock clk_out1_pll rise edge)
                                                      0.000     0.000 r  
    AD12                                              0.000     0.000 r  i_sys_clk_p (IN)
                         net (fo=0)                   0.000     0.000    pll_inst/inst/clk_in1_p
    AD12                 IBUFDS (Prop_ibufds_I_O)     0.470     0.470 r  pll_inst/inst/clkin1_ibufgds/O
                         net (fo=1, routed)           0.554     1.024    pll_inst/inst/clk_in1_pll
    PLLE2_ADV_X1Y1       PLLE2_ADV (Prop_plle2_adv_CLKIN1_CLKOUT0)
                                                     -3.524    -2.500 r  pll_inst/inst/plle2_adv_inst/CLKOUT0
                         net (fo=1, routed)           1.027    -1.473    pll_inst/inst/clk_out1_pll
    BUFGCTRL_X0Y1        BUFG (Prop_bufg_I_O)         0.030    -1.443 r  pll_inst/inst/clkout1_buf/O
                         net (fo=354, routed)         0.764    -0.679    twin_controller_inst/clk_out1
    SLICE_X39Y176        FDCE                                         r  twin_controller_inst/status_buffer_reg[2][5]/C
                         clock pessimism              0.484    -0.196    
                         clock uncertainty            0.206     0.011    
    SLICE_X39Y176        FDCE (Hold_fdce_C_D)         0.038     0.049    twin_controller_inst/status_buffer_reg[2][5]
  -------------------------------------------------------------------
                         required time                         -0.049    
                         arrival time                           0.201    
  -------------------------------------------------------------------
                         slack                                  0.153    





---------------------------------------------------------------------------------------------------
From Clock:  clk_out1_pll
  To Clock:  clk_out2_pll

Setup :            0  Failing Endpoints,  Worst Slack        4.392ns,  Total Violation        0.000ns
Hold  :            0  Failing Endpoints,  Worst Slack        0.119ns,  Total Violation        0.000ns
---------------------------------------------------------------------------------------------------


Max Delay Paths
--------------------------------------------------------------------------------------
Slack (MET) :             4.392ns  (required time - arrival time)
  Source:                 student_top_inst/bridge_inst/counter_inst/cnt_ms_bin_reg[2]/C
                            (rising edge-triggered cell FDRE clocked by clk_out1_pll  {rise@0.000ns fall@10.000ns period=20.000ns})
  Destination:            student_top_inst/bridge_inst/counter_inst/cnt_gray_cpu_d1_reg[2]/D
                            (rising edge-triggered cell FDRE clocked by clk_out2_pll  {rise@0.000ns fall@3.333ns period=6.667ns})
  Path Group:             clk_out2_pll
  Path Type:              Setup (Max at Slow Process Corner)
  Requirement:            6.667ns  (clk_out2_pll rise@6.667ns - clk_out1_pll rise@0.000ns)
  Data Path Delay:        1.838ns  (logic 0.266ns (14.474%)  route 1.572ns (85.526%))
  Logic Levels:           1  (LUT2=1)
  Clock Path Skew:        -0.265ns (DCD - SCD + CPR)
    Destination Clock Delay (DCD):    -2.228ns = ( 4.439 - 6.667 ) 
    Source Clock Delay      (SCD):    -2.560ns
    Clock Pessimism Removal (CPR):    -0.598ns
  Clock Uncertainty:      0.206ns  ((TSJ^2 + DJ^2)^1/2) / 2 + PE
    Total System Jitter     (TSJ):    0.071ns
    Discrete Jitter          (DJ):    0.157ns
    Phase Error              (PE):    0.120ns

    Location             Delay type                Incr(ns)  Path(ns)    Netlist Resource(s)
  -------------------------------------------------------------------    -------------------
                         (clock clk_out1_pll rise edge)
                                                      0.000     0.000 r  
    AD12                                              0.000     0.000 r  i_sys_clk_p (IN)
                         net (fo=0)                   0.000     0.000    pll_inst/inst/clk_in1_p
    AD12                 IBUFDS (Prop_ibufds_I_O)     0.906     0.906 r  pll_inst/inst/clkin1_ibufgds/O
                         net (fo=1, routed)           1.098     2.004    pll_inst/inst/clk_in1_pll
    PLLE2_ADV_X1Y1       PLLE2_ADV (Prop_plle2_adv_CLKIN1_CLKOUT0)
                                                     -8.058    -6.054 r  pll_inst/inst/plle2_adv_inst/CLKOUT0
                         net (fo=1, routed)           2.128    -3.926    pll_inst/inst/clk_out1_pll
    BUFGCTRL_X0Y1        BUFG (Prop_bufg_I_O)         0.093    -3.833 r  pll_inst/inst/clkout1_buf/O
                         net (fo=354, routed)         1.273    -2.560    student_top_inst/bridge_inst/counter_inst/clk_out1
    SLICE_X48Y166        FDRE                                         r  student_top_inst/bridge_inst/counter_inst/cnt_ms_bin_reg[2]/C
  -------------------------------------------------------------------    -------------------
    SLICE_X48Y166        FDRE (Prop_fdre_C_Q)         0.223    -2.337 r  student_top_inst/bridge_inst/counter_inst/cnt_ms_bin_reg[2]/Q
                         net (fo=3, routed)           1.572    -0.766    student_top_inst/bridge_inst/counter_inst/cnt_ms_bin_reg__0[2]
    SLICE_X44Y169        LUT2 (Prop_lut2_I0_O)        0.043    -0.723 r  student_top_inst/bridge_inst/counter_inst/cnt_gray_cpu_d1[2]_i_1/O
                         net (fo=1, routed)           0.000    -0.723    student_top_inst/bridge_inst/counter_inst/cnt_ms_gray[2]
    SLICE_X44Y169        FDRE                                         r  student_top_inst/bridge_inst/counter_inst/cnt_gray_cpu_d1_reg[2]/D
  -------------------------------------------------------------------    -------------------

                         (clock clk_out2_pll rise edge)
                                                      6.667     6.667 r  
    AD12                                              0.000     6.667 r  i_sys_clk_p (IN)
                         net (fo=0)                   0.000     6.667    pll_inst/inst/clk_in1_p
    AD12                 IBUFDS (Prop_ibufds_I_O)     0.803     7.470 r  pll_inst/inst/clkin1_ibufgds/O
                         net (fo=1, routed)           1.001     8.471    pll_inst/inst/clk_in1_pll
    PLLE2_ADV_X1Y1       PLLE2_ADV (Prop_plle2_adv_CLKIN1_CLKOUT1)
                                                     -7.261     1.210 r  pll_inst/inst/plle2_adv_inst/CLKOUT1
                         net (fo=1, routed)           2.003     3.213    pll_inst/inst/clk_out2_pll
    BUFGCTRL_X0Y0        BUFG (Prop_bufg_I_O)         0.083     3.296 r  pll_inst/inst/clkout2_buf/O
                         net (fo=2038, routed)        1.143     4.439    student_top_inst/bridge_inst/counter_inst/clk_out2
    SLICE_X44Y169        FDRE                                         r  student_top_inst/bridge_inst/counter_inst/cnt_gray_cpu_d1_reg[2]/C
                         clock pessimism             -0.598     3.841    
                         clock uncertainty           -0.206     3.635    
    SLICE_X44Y169        FDRE (Setup_fdre_C_D)        0.034     3.669    student_top_inst/bridge_inst/counter_inst/cnt_gray_cpu_d1_reg[2]
  -------------------------------------------------------------------
                         required time                          3.669    
                         arrival time                           0.723    
  -------------------------------------------------------------------
                         slack                                  4.392    

Slack (MET) :             4.405ns  (required time - arrival time)
  Source:                 twin_controller_inst/sw_reg[50]/C
                            (rising edge-triggered cell FDCE clocked by clk_out1_pll  {rise@0.000ns fall@10.000ns period=20.000ns})
  Destination:            student_top_inst/bridge_inst/sw_sync1_reg[50]/D
                            (rising edge-triggered cell FDCE clocked by clk_out2_pll  {rise@0.000ns fall@3.333ns period=6.667ns})
  Path Group:             clk_out2_pll
  Path Type:              Setup (Max at Slow Process Corner)
  Requirement:            6.667ns  (clk_out2_pll rise@6.667ns - clk_out1_pll rise@0.000ns)
  Data Path Delay:        1.756ns  (logic 0.223ns (12.698%)  route 1.533ns (87.302%))
  Logic Levels:           0  
  Clock Path Skew:        -0.268ns (DCD - SCD + CPR)
    Destination Clock Delay (DCD):    -2.231ns = ( 4.436 - 6.667 ) 
    Source Clock Delay      (SCD):    -2.560ns
    Clock Pessimism Removal (CPR):    -0.598ns
  Clock Uncertainty:      0.206ns  ((TSJ^2 + DJ^2)^1/2) / 2 + PE
    Total System Jitter     (TSJ):    0.071ns
    Discrete Jitter          (DJ):    0.157ns
    Phase Error              (PE):    0.120ns

    Location             Delay type                Incr(ns)  Path(ns)    Netlist Resource(s)
  -------------------------------------------------------------------    -------------------
                         (clock clk_out1_pll rise edge)
                                                      0.000     0.000 r  
    AD12                                              0.000     0.000 r  i_sys_clk_p (IN)
                         net (fo=0)                   0.000     0.000    pll_inst/inst/clk_in1_p
    AD12                 IBUFDS (Prop_ibufds_I_O)     0.906     0.906 r  pll_inst/inst/clkin1_ibufgds/O
                         net (fo=1, routed)           1.098     2.004    pll_inst/inst/clk_in1_pll
    PLLE2_ADV_X1Y1       PLLE2_ADV (Prop_plle2_adv_CLKIN1_CLKOUT0)
                                                     -8.058    -6.054 r  pll_inst/inst/plle2_adv_inst/CLKOUT0
                         net (fo=1, routed)           2.128    -3.926    pll_inst/inst/clk_out1_pll
    BUFGCTRL_X0Y1        BUFG (Prop_bufg_I_O)         0.093    -3.833 r  pll_inst/inst/clkout1_buf/O
                         net (fo=354, routed)         1.273    -2.560    twin_controller_inst/clk_out1
    SLICE_X43Y181        FDCE                                         r  twin_controller_inst/sw_reg[50]/C
  -------------------------------------------------------------------    -------------------
    SLICE_X43Y181        FDCE (Prop_fdce_C_Q)         0.223    -2.337 r  twin_controller_inst/sw_reg[50]/Q
                         net (fo=3, routed)           1.533    -0.804    student_top_inst/bridge_inst/virtual_sw[50]
    SLICE_X48Y179        FDCE                                         r  student_top_inst/bridge_inst/sw_sync1_reg[50]/D
  -------------------------------------------------------------------    -------------------

                         (clock clk_out2_pll rise edge)
                                                      6.667     6.667 r  
    AD12                                              0.000     6.667 r  i_sys_clk_p (IN)
                         net (fo=0)                   0.000     6.667    pll_inst/inst/clk_in1_p
    AD12                 IBUFDS (Prop_ibufds_I_O)     0.803     7.470 r  pll_inst/inst/clkin1_ibufgds/O
                         net (fo=1, routed)           1.001     8.471    pll_inst/inst/clk_in1_pll
    PLLE2_ADV_X1Y1       PLLE2_ADV (Prop_plle2_adv_CLKIN1_CLKOUT1)
                                                     -7.261     1.210 r  pll_inst/inst/plle2_adv_inst/CLKOUT1
                         net (fo=1, routed)           2.003     3.213    pll_inst/inst/clk_out2_pll
    BUFGCTRL_X0Y0        BUFG (Prop_bufg_I_O)         0.083     3.296 r  pll_inst/inst/clkout2_buf/O
                         net (fo=2038, routed)        1.140     4.436    student_top_inst/bridge_inst/clk_out2
    SLICE_X48Y179        FDCE                                         r  student_top_inst/bridge_inst/sw_sync1_reg[50]/C
                         clock pessimism             -0.598     3.838    
                         clock uncertainty           -0.206     3.632    
    SLICE_X48Y179        FDCE (Setup_fdce_C_D)       -0.031     3.601    student_top_inst/bridge_inst/sw_sync1_reg[50]
  -------------------------------------------------------------------
                         required time                          3.601    
                         arrival time                           0.804    
  -------------------------------------------------------------------
                         slack                                  4.405    

Slack (MET) :             4.488ns  (required time - arrival time)
  Source:                 student_top_inst/bridge_inst/counter_inst/cnt_ms_bin_reg[20]/C
                            (rising edge-triggered cell FDRE clocked by clk_out1_pll  {rise@0.000ns fall@10.000ns period=20.000ns})
  Destination:            student_top_inst/bridge_inst/counter_inst/cnt_gray_cpu_d1_reg[19]/D
                            (rising edge-triggered cell FDRE clocked by clk_out2_pll  {rise@0.000ns fall@3.333ns period=6.667ns})
  Path Group:             clk_out2_pll
  Path Type:              Setup (Max at Slow Process Corner)
  Requirement:            6.667ns  (clk_out2_pll rise@6.667ns - clk_out1_pll rise@0.000ns)
  Data Path Delay:        1.773ns  (logic 0.266ns (15.005%)  route 1.507ns (84.995%))
  Logic Levels:           1  (LUT2=1)
  Clock Path Skew:        -0.264ns (DCD - SCD + CPR)
    Destination Clock Delay (DCD):    -2.233ns = ( 4.434 - 6.667 ) 
    Source Clock Delay      (SCD):    -2.566ns
    Clock Pessimism Removal (CPR):    -0.598ns
  Clock Uncertainty:      0.206ns  ((TSJ^2 + DJ^2)^1/2) / 2 + PE
    Total System Jitter     (TSJ):    0.071ns
    Discrete Jitter          (DJ):    0.157ns
    Phase Error              (PE):    0.120ns

    Location             Delay type                Incr(ns)  Path(ns)    Netlist Resource(s)
  -------------------------------------------------------------------    -------------------
                         (clock clk_out1_pll rise edge)
                                                      0.000     0.000 r  
    AD12                                              0.000     0.000 r  i_sys_clk_p (IN)
                         net (fo=0)                   0.000     0.000    pll_inst/inst/clk_in1_p
    AD12                 IBUFDS (Prop_ibufds_I_O)     0.906     0.906 r  pll_inst/inst/clkin1_ibufgds/O
                         net (fo=1, routed)           1.098     2.004    pll_inst/inst/clk_in1_pll
    PLLE2_ADV_X1Y1       PLLE2_ADV (Prop_plle2_adv_CLKIN1_CLKOUT0)
                                                     -8.058    -6.054 r  pll_inst/inst/plle2_adv_inst/CLKOUT0
                         net (fo=1, routed)           2.128    -3.926    pll_inst/inst/clk_out1_pll
    BUFGCTRL_X0Y1        BUFG (Prop_bufg_I_O)         0.093    -3.833 r  pll_inst/inst/clkout1_buf/O
                         net (fo=354, routed)         1.267    -2.566    student_top_inst/bridge_inst/counter_inst/clk_out1
    SLICE_X48Y171        FDRE                                         r  student_top_inst/bridge_inst/counter_inst/cnt_ms_bin_reg[20]/C
  -------------------------------------------------------------------    -------------------
    SLICE_X48Y171        FDRE (Prop_fdre_C_Q)         0.223    -2.343 r  student_top_inst/bridge_inst/counter_inst/cnt_ms_bin_reg[20]/Q
                         net (fo=3, routed)           1.507    -0.837    student_top_inst/bridge_inst/counter_inst/cnt_ms_bin_reg__0[20]
    SLICE_X46Y171        LUT2 (Prop_lut2_I1_O)        0.043    -0.794 r  student_top_inst/bridge_inst/counter_inst/cnt_gray_cpu_d1[19]_i_1/O
                         net (fo=1, routed)           0.000    -0.794    student_top_inst/bridge_inst/counter_inst/cnt_ms_gray[19]
    SLICE_X46Y171        FDRE                                         r  student_top_inst/bridge_inst/counter_inst/cnt_gray_cpu_d1_reg[19]/D
  -------------------------------------------------------------------    -------------------

                         (clock clk_out2_pll rise edge)
                                                      6.667     6.667 r  
    AD12                                              0.000     6.667 r  i_sys_clk_p (IN)
                         net (fo=0)                   0.000     6.667    pll_inst/inst/clk_in1_p
    AD12                 IBUFDS (Prop_ibufds_I_O)     0.803     7.470 r  pll_inst/inst/clkin1_ibufgds/O
                         net (fo=1, routed)           1.001     8.471    pll_inst/inst/clk_in1_pll
    PLLE2_ADV_X1Y1       PLLE2_ADV (Prop_plle2_adv_CLKIN1_CLKOUT1)
                                                     -7.261     1.210 r  pll_inst/inst/plle2_adv_inst/CLKOUT1
                         net (fo=1, routed)           2.003     3.213    pll_inst/inst/clk_out2_pll
    BUFGCTRL_X0Y0        BUFG (Prop_bufg_I_O)         0.083     3.296 r  pll_inst/inst/clkout2_buf/O
                         net (fo=2038, routed)        1.138     4.434    student_top_inst/bridge_inst/counter_inst/clk_out2
    SLICE_X46Y171        FDRE                                         r  student_top_inst/bridge_inst/counter_inst/cnt_gray_cpu_d1_reg[19]/C
                         clock pessimism             -0.598     3.836    
                         clock uncertainty           -0.206     3.630    
    SLICE_X46Y171        FDRE (Setup_fdre_C_D)        0.064     3.694    student_top_inst/bridge_inst/counter_inst/cnt_gray_cpu_d1_reg[19]
  -------------------------------------------------------------------
                         required time                          3.694    
                         arrival time                           0.794    
  -------------------------------------------------------------------
                         slack                                  4.488    

Slack (MET) :             4.502ns  (required time - arrival time)
  Source:                 student_top_inst/bridge_inst/counter_inst/cnt_ms_bin_reg[20]/C
                            (rising edge-triggered cell FDRE clocked by clk_out1_pll  {rise@0.000ns fall@10.000ns period=20.000ns})
  Destination:            student_top_inst/bridge_inst/counter_inst/cnt_gray_cpu_d1_reg[20]/D
                            (rising edge-triggered cell FDRE clocked by clk_out2_pll  {rise@0.000ns fall@3.333ns period=6.667ns})
  Path Group:             clk_out2_pll
  Path Type:              Setup (Max at Slow Process Corner)
  Requirement:            6.667ns  (clk_out2_pll rise@6.667ns - clk_out1_pll rise@0.000ns)
  Data Path Delay:        1.757ns  (logic 0.266ns (15.142%)  route 1.491ns (84.858%))
  Logic Levels:           1  (LUT2=1)
  Clock Path Skew:        -0.266ns (DCD - SCD + CPR)
    Destination Clock Delay (DCD):    -2.235ns = ( 4.432 - 6.667 ) 
    Source Clock Delay      (SCD):    -2.566ns
    Clock Pessimism Removal (CPR):    -0.598ns
  Clock Uncertainty:      0.206ns  ((TSJ^2 + DJ^2)^1/2) / 2 + PE
    Total System Jitter     (TSJ):    0.071ns
    Discrete Jitter          (DJ):    0.157ns
    Phase Error              (PE):    0.120ns

    Location             Delay type                Incr(ns)  Path(ns)    Netlist Resource(s)
  -------------------------------------------------------------------    -------------------
                         (clock clk_out1_pll rise edge)
                                                      0.000     0.000 r  
    AD12                                              0.000     0.000 r  i_sys_clk_p (IN)
                         net (fo=0)                   0.000     0.000    pll_inst/inst/clk_in1_p
    AD12                 IBUFDS (Prop_ibufds_I_O)     0.906     0.906 r  pll_inst/inst/clkin1_ibufgds/O
                         net (fo=1, routed)           1.098     2.004    pll_inst/inst/clk_in1_pll
    PLLE2_ADV_X1Y1       PLLE2_ADV (Prop_plle2_adv_CLKIN1_CLKOUT0)
                                                     -8.058    -6.054 r  pll_inst/inst/plle2_adv_inst/CLKOUT0
                         net (fo=1, routed)           2.128    -3.926    pll_inst/inst/clk_out1_pll
    BUFGCTRL_X0Y1        BUFG (Prop_bufg_I_O)         0.093    -3.833 r  pll_inst/inst/clkout1_buf/O
                         net (fo=354, routed)         1.267    -2.566    student_top_inst/bridge_inst/counter_inst/clk_out1
    SLICE_X48Y171        FDRE                                         r  student_top_inst/bridge_inst/counter_inst/cnt_ms_bin_reg[20]/C
  -------------------------------------------------------------------    -------------------
    SLICE_X48Y171        FDRE (Prop_fdre_C_Q)         0.223    -2.343 r  student_top_inst/bridge_inst/counter_inst/cnt_ms_bin_reg[20]/Q
                         net (fo=3, routed)           1.491    -0.853    student_top_inst/bridge_inst/counter_inst/cnt_ms_bin_reg__0[20]
    SLICE_X46Y173        LUT2 (Prop_lut2_I0_O)        0.043    -0.810 r  student_top_inst/bridge_inst/counter_inst/cnt_gray_cpu_d1[20]_i_1/O
                         net (fo=1, routed)           0.000    -0.810    student_top_inst/bridge_inst/counter_inst/cnt_ms_gray[20]
    SLICE_X46Y173        FDRE                                         r  student_top_inst/bridge_inst/counter_inst/cnt_gray_cpu_d1_reg[20]/D
  -------------------------------------------------------------------    -------------------

                         (clock clk_out2_pll rise edge)
                                                      6.667     6.667 r  
    AD12                                              0.000     6.667 r  i_sys_clk_p (IN)
                         net (fo=0)                   0.000     6.667    pll_inst/inst/clk_in1_p
    AD12                 IBUFDS (Prop_ibufds_I_O)     0.803     7.470 r  pll_inst/inst/clkin1_ibufgds/O
                         net (fo=1, routed)           1.001     8.471    pll_inst/inst/clk_in1_pll
    PLLE2_ADV_X1Y1       PLLE2_ADV (Prop_plle2_adv_CLKIN1_CLKOUT1)
                                                     -7.261     1.210 r  pll_inst/inst/plle2_adv_inst/CLKOUT1
                         net (fo=1, routed)           2.003     3.213    pll_inst/inst/clk_out2_pll
    BUFGCTRL_X0Y0        BUFG (Prop_bufg_I_O)         0.083     3.296 r  pll_inst/inst/clkout2_buf/O
                         net (fo=2038, routed)        1.136     4.432    student_top_inst/bridge_inst/counter_inst/clk_out2
    SLICE_X46Y173        FDRE                                         r  student_top_inst/bridge_inst/counter_inst/cnt_gray_cpu_d1_reg[20]/C
                         clock pessimism             -0.598     3.834    
                         clock uncertainty           -0.206     3.628    
    SLICE_X46Y173        FDRE (Setup_fdre_C_D)        0.064     3.692    student_top_inst/bridge_inst/counter_inst/cnt_gray_cpu_d1_reg[20]
  -------------------------------------------------------------------
                         required time                          3.692    
                         arrival time                           0.810    
  -------------------------------------------------------------------
                         slack                                  4.502    

Slack (MET) :             4.531ns  (required time - arrival time)
  Source:                 twin_controller_inst/sw_reg[15]/C
                            (rising edge-triggered cell FDCE clocked by clk_out1_pll  {rise@0.000ns fall@10.000ns period=20.000ns})
  Destination:            student_top_inst/bridge_inst/sw_sync1_reg[15]/D
                            (rising edge-triggered cell FDCE clocked by clk_out2_pll  {rise@0.000ns fall@3.333ns period=6.667ns})
  Path Group:             clk_out2_pll
  Path Type:              Setup (Max at Slow Process Corner)
  Requirement:            6.667ns  (clk_out2_pll rise@6.667ns - clk_out1_pll rise@0.000ns)
  Data Path Delay:        1.643ns  (logic 0.223ns (13.575%)  route 1.420ns (86.425%))
  Logic Levels:           0  
  Clock Path Skew:        -0.268ns (DCD - SCD + CPR)
    Destination Clock Delay (DCD):    -2.233ns = ( 4.434 - 6.667 ) 
    Source Clock Delay      (SCD):    -2.562ns
    Clock Pessimism Removal (CPR):    -0.598ns
  Clock Uncertainty:      0.206ns  ((TSJ^2 + DJ^2)^1/2) / 2 + PE
    Total System Jitter     (TSJ):    0.071ns
    Discrete Jitter          (DJ):    0.157ns
    Phase Error              (PE):    0.120ns

    Location             Delay type                Incr(ns)  Path(ns)    Netlist Resource(s)
  -------------------------------------------------------------------    -------------------
                         (clock clk_out1_pll rise edge)
                                                      0.000     0.000 r  
    AD12                                              0.000     0.000 r  i_sys_clk_p (IN)
                         net (fo=0)                   0.000     0.000    pll_inst/inst/clk_in1_p
    AD12                 IBUFDS (Prop_ibufds_I_O)     0.906     0.906 r  pll_inst/inst/clkin1_ibufgds/O
                         net (fo=1, routed)           1.098     2.004    pll_inst/inst/clk_in1_pll
    PLLE2_ADV_X1Y1       PLLE2_ADV (Prop_plle2_adv_CLKIN1_CLKOUT0)
                                                     -8.058    -6.054 r  pll_inst/inst/plle2_adv_inst/CLKOUT0
                         net (fo=1, routed)           2.128    -3.926    pll_inst/inst/clk_out1_pll
    BUFGCTRL_X0Y1        BUFG (Prop_bufg_I_O)         0.093    -3.833 r  pll_inst/inst/clkout1_buf/O
                         net (fo=354, routed)         1.271    -2.562    twin_controller_inst/clk_out1
    SLICE_X45Y179        FDCE                                         r  twin_controller_inst/sw_reg[15]/C
  -------------------------------------------------------------------    -------------------
    SLICE_X45Y179        FDCE (Prop_fdce_C_Q)         0.223    -2.339 r  twin_controller_inst/sw_reg[15]/Q
                         net (fo=3, routed)           1.420    -0.920    student_top_inst/bridge_inst/virtual_sw[15]
    SLICE_X49Y178        FDCE                                         r  student_top_inst/bridge_inst/sw_sync1_reg[15]/D
  -------------------------------------------------------------------    -------------------

                         (clock clk_out2_pll rise edge)
                                                      6.667     6.667 r  
    AD12                                              0.000     6.667 r  i_sys_clk_p (IN)
                         net (fo=0)                   0.000     6.667    pll_inst/inst/clk_in1_p
    AD12                 IBUFDS (Prop_ibufds_I_O)     0.803     7.470 r  pll_inst/inst/clkin1_ibufgds/O
                         net (fo=1, routed)           1.001     8.471    pll_inst/inst/clk_in1_pll
    PLLE2_ADV_X1Y1       PLLE2_ADV (Prop_plle2_adv_CLKIN1_CLKOUT1)
                                                     -7.261     1.210 r  pll_inst/inst/plle2_adv_inst/CLKOUT1
                         net (fo=1, routed)           2.003     3.213    pll_inst/inst/clk_out2_pll
    BUFGCTRL_X0Y0        BUFG (Prop_bufg_I_O)         0.083     3.296 r  pll_inst/inst/clkout2_buf/O
                         net (fo=2038, routed)        1.138     4.434    student_top_inst/bridge_inst/clk_out2
    SLICE_X49Y178        FDCE                                         r  student_top_inst/bridge_inst/sw_sync1_reg[15]/C
                         clock pessimism             -0.598     3.836    
                         clock uncertainty           -0.206     3.630    
    SLICE_X49Y178        FDCE (Setup_fdce_C_D)       -0.019     3.611    student_top_inst/bridge_inst/sw_sync1_reg[15]
  -------------------------------------------------------------------
                         required time                          3.611    
                         arrival time                           0.920    
  -------------------------------------------------------------------
                         slack                                  4.531    

Slack (MET) :             4.549ns  (required time - arrival time)
  Source:                 student_top_inst/bridge_inst/counter_inst/cnt_ms_bin_reg[4]/C
                            (rising edge-triggered cell FDRE clocked by clk_out1_pll  {rise@0.000ns fall@10.000ns period=20.000ns})
  Destination:            student_top_inst/bridge_inst/counter_inst/cnt_gray_cpu_d1_reg[4]/D
                            (rising edge-triggered cell FDRE clocked by clk_out2_pll  {rise@0.000ns fall@3.333ns period=6.667ns})
  Path Group:             clk_out2_pll
  Path Type:              Setup (Max at Slow Process Corner)
  Requirement:            6.667ns  (clk_out2_pll rise@6.667ns - clk_out1_pll rise@0.000ns)
  Data Path Delay:        1.681ns  (logic 0.266ns (15.822%)  route 1.415ns (84.178%))
  Logic Levels:           1  (LUT2=1)
  Clock Path Skew:        -0.264ns (DCD - SCD + CPR)
    Destination Clock Delay (DCD):    -2.228ns = ( 4.439 - 6.667 ) 
    Source Clock Delay      (SCD):    -2.561ns
    Clock Pessimism Removal (CPR):    -0.598ns
  Clock Uncertainty:      0.206ns  ((TSJ^2 + DJ^2)^1/2) / 2 + PE
    Total System Jitter     (TSJ):    0.071ns
    Discrete Jitter          (DJ):    0.157ns
    Phase Error              (PE):    0.120ns

    Location             Delay type                Incr(ns)  Path(ns)    Netlist Resource(s)
  -------------------------------------------------------------------    -------------------
                         (clock clk_out1_pll rise edge)
                                                      0.000     0.000 r  
    AD12                                              0.000     0.000 r  i_sys_clk_p (IN)
                         net (fo=0)                   0.000     0.000    pll_inst/inst/clk_in1_p
    AD12                 IBUFDS (Prop_ibufds_I_O)     0.906     0.906 r  pll_inst/inst/clkin1_ibufgds/O
                         net (fo=1, routed)           1.098     2.004    pll_inst/inst/clk_in1_pll
    PLLE2_ADV_X1Y1       PLLE2_ADV (Prop_plle2_adv_CLKIN1_CLKOUT0)
                                                     -8.058    -6.054 r  pll_inst/inst/plle2_adv_inst/CLKOUT0
                         net (fo=1, routed)           2.128    -3.926    pll_inst/inst/clk_out1_pll
    BUFGCTRL_X0Y1        BUFG (Prop_bufg_I_O)         0.093    -3.833 r  pll_inst/inst/clkout1_buf/O
                         net (fo=354, routed)         1.272    -2.561    student_top_inst/bridge_inst/counter_inst/clk_out1
    SLICE_X48Y167        FDRE                                         r  student_top_inst/bridge_inst/counter_inst/cnt_ms_bin_reg[4]/C
  -------------------------------------------------------------------    -------------------
    SLICE_X48Y167        FDRE (Prop_fdre_C_Q)         0.223    -2.338 r  student_top_inst/bridge_inst/counter_inst/cnt_ms_bin_reg[4]/Q
                         net (fo=3, routed)           1.415    -0.923    student_top_inst/bridge_inst/counter_inst/cnt_ms_bin_reg__0[4]
    SLICE_X43Y169        LUT2 (Prop_lut2_I0_O)        0.043    -0.880 r  student_top_inst/bridge_inst/counter_inst/cnt_gray_cpu_d1[4]_i_1/O
                         net (fo=1, routed)           0.000    -0.880    student_top_inst/bridge_inst/counter_inst/cnt_ms_gray[4]
    SLICE_X43Y169        FDRE                                         r  student_top_inst/bridge_inst/counter_inst/cnt_gray_cpu_d1_reg[4]/D
  -------------------------------------------------------------------    -------------------

                         (clock clk_out2_pll rise edge)
                                                      6.667     6.667 r  
    AD12                                              0.000     6.667 r  i_sys_clk_p (IN)
                         net (fo=0)                   0.000     6.667    pll_inst/inst/clk_in1_p
    AD12                 IBUFDS (Prop_ibufds_I_O)     0.803     7.470 r  pll_inst/inst/clkin1_ibufgds/O
                         net (fo=1, routed)           1.001     8.471    pll_inst/inst/clk_in1_pll
    PLLE2_ADV_X1Y1       PLLE2_ADV (Prop_plle2_adv_CLKIN1_CLKOUT1)
                                                     -7.261     1.210 r  pll_inst/inst/plle2_adv_inst/CLKOUT1
                         net (fo=1, routed)           2.003     3.213    pll_inst/inst/clk_out2_pll
    BUFGCTRL_X0Y0        BUFG (Prop_bufg_I_O)         0.083     3.296 r  pll_inst/inst/clkout2_buf/O
                         net (fo=2038, routed)        1.143     4.439    student_top_inst/bridge_inst/counter_inst/clk_out2
    SLICE_X43Y169        FDRE                                         r  student_top_inst/bridge_inst/counter_inst/cnt_gray_cpu_d1_reg[4]/C
                         clock pessimism             -0.598     3.841    
                         clock uncertainty           -0.206     3.635    
    SLICE_X43Y169        FDRE (Setup_fdre_C_D)        0.034     3.669    student_top_inst/bridge_inst/counter_inst/cnt_gray_cpu_d1_reg[4]
  -------------------------------------------------------------------
                         required time                          3.669    
                         arrival time                           0.880    
  -------------------------------------------------------------------
                         slack                                  4.549    

Slack (MET) :             4.556ns  (required time - arrival time)
  Source:                 twin_controller_inst/sw_reg[24]/C
                            (rising edge-triggered cell FDCE clocked by clk_out1_pll  {rise@0.000ns fall@10.000ns period=20.000ns})
  Destination:            student_top_inst/bridge_inst/sw_sync1_reg[24]/D
                            (rising edge-triggered cell FDCE clocked by clk_out2_pll  {rise@0.000ns fall@3.333ns period=6.667ns})
  Path Group:             clk_out2_pll
  Path Type:              Setup (Max at Slow Process Corner)
  Requirement:            6.667ns  (clk_out2_pll rise@6.667ns - clk_out1_pll rise@0.000ns)
  Data Path Delay:        1.628ns  (logic 0.223ns (13.697%)  route 1.405ns (86.303%))
  Logic Levels:           0  
  Clock Path Skew:        -0.266ns (DCD - SCD + CPR)
    Destination Clock Delay (DCD):    -2.229ns = ( 4.438 - 6.667 ) 
    Source Clock Delay      (SCD):    -2.560ns
    Clock Pessimism Removal (CPR):    -0.598ns
  Clock Uncertainty:      0.206ns  ((TSJ^2 + DJ^2)^1/2) / 2 + PE
    Total System Jitter     (TSJ):    0.071ns
    Discrete Jitter          (DJ):    0.157ns
    Phase Error              (PE):    0.120ns

    Location             Delay type                Incr(ns)  Path(ns)    Netlist Resource(s)
  -------------------------------------------------------------------    -------------------
                         (clock clk_out1_pll rise edge)
                                                      0.000     0.000 r  
    AD12                                              0.000     0.000 r  i_sys_clk_p (IN)
                         net (fo=0)                   0.000     0.000    pll_inst/inst/clk_in1_p
    AD12                 IBUFDS (Prop_ibufds_I_O)     0.906     0.906 r  pll_inst/inst/clkin1_ibufgds/O
                         net (fo=1, routed)           1.098     2.004    pll_inst/inst/clk_in1_pll
    PLLE2_ADV_X1Y1       PLLE2_ADV (Prop_plle2_adv_CLKIN1_CLKOUT0)
                                                     -8.058    -6.054 r  pll_inst/inst/plle2_adv_inst/CLKOUT0
                         net (fo=1, routed)           2.128    -3.926    pll_inst/inst/clk_out1_pll
    BUFGCTRL_X0Y1        BUFG (Prop_bufg_I_O)         0.093    -3.833 r  pll_inst/inst/clkout1_buf/O
                         net (fo=354, routed)         1.273    -2.560    twin_controller_inst/clk_out1
    SLICE_X44Y181        FDCE                                         r  twin_controller_inst/sw_reg[24]/C
  -------------------------------------------------------------------    -------------------
    SLICE_X44Y181        FDCE (Prop_fdce_C_Q)         0.223    -2.337 r  twin_controller_inst/sw_reg[24]/Q
                         net (fo=3, routed)           1.405    -0.932    student_top_inst/bridge_inst/virtual_sw[24]
    SLICE_X48Y182        FDCE                                         r  student_top_inst/bridge_inst/sw_sync1_reg[24]/D
  -------------------------------------------------------------------    -------------------

                         (clock clk_out2_pll rise edge)
                                                      6.667     6.667 r  
    AD12                                              0.000     6.667 r  i_sys_clk_p (IN)
                         net (fo=0)                   0.000     6.667    pll_inst/inst/clk_in1_p
    AD12                 IBUFDS (Prop_ibufds_I_O)     0.803     7.470 r  pll_inst/inst/clkin1_ibufgds/O
                         net (fo=1, routed)           1.001     8.471    pll_inst/inst/clk_in1_pll
    PLLE2_ADV_X1Y1       PLLE2_ADV (Prop_plle2_adv_CLKIN1_CLKOUT1)
                                                     -7.261     1.210 r  pll_inst/inst/plle2_adv_inst/CLKOUT1
                         net (fo=1, routed)           2.003     3.213    pll_inst/inst/clk_out2_pll
    BUFGCTRL_X0Y0        BUFG (Prop_bufg_I_O)         0.083     3.296 r  pll_inst/inst/clkout2_buf/O
                         net (fo=2038, routed)        1.142     4.438    student_top_inst/bridge_inst/clk_out2
    SLICE_X48Y182        FDCE                                         r  student_top_inst/bridge_inst/sw_sync1_reg[24]/C
                         clock pessimism             -0.598     3.840    
                         clock uncertainty           -0.206     3.634    
    SLICE_X48Y182        FDCE (Setup_fdce_C_D)       -0.010     3.624    student_top_inst/bridge_inst/sw_sync1_reg[24]
  -------------------------------------------------------------------
                         required time                          3.624    
                         arrival time                           0.932    
  -------------------------------------------------------------------
                         slack                                  4.556    

Slack (MET) :             4.582ns  (required time - arrival time)
  Source:                 student_top_inst/bridge_inst/counter_inst/cnt_ms_bin_reg[2]/C
                            (rising edge-triggered cell FDRE clocked by clk_out1_pll  {rise@0.000ns fall@10.000ns period=20.000ns})
  Destination:            student_top_inst/bridge_inst/counter_inst/cnt_gray_cpu_d1_reg[1]/D
                            (rising edge-triggered cell FDRE clocked by clk_out2_pll  {rise@0.000ns fall@3.333ns period=6.667ns})
  Path Group:             clk_out2_pll
  Path Type:              Setup (Max at Slow Process Corner)
  Requirement:            6.667ns  (clk_out2_pll rise@6.667ns - clk_out1_pll rise@0.000ns)
  Data Path Delay:        1.646ns  (logic 0.266ns (16.160%)  route 1.380ns (83.840%))
  Logic Levels:           1  (LUT2=1)
  Clock Path Skew:        -0.266ns (DCD - SCD + CPR)
    Destination Clock Delay (DCD):    -2.229ns = ( 4.438 - 6.667 ) 
    Source Clock Delay      (SCD):    -2.560ns
    Clock Pessimism Removal (CPR):    -0.598ns
  Clock Uncertainty:      0.206ns  ((TSJ^2 + DJ^2)^1/2) / 2 + PE
    Total System Jitter     (TSJ):    0.071ns
    Discrete Jitter          (DJ):    0.157ns
    Phase Error              (PE):    0.120ns

    Location             Delay type                Incr(ns)  Path(ns)    Netlist Resource(s)
  -------------------------------------------------------------------    -------------------
                         (clock clk_out1_pll rise edge)
                                                      0.000     0.000 r  
    AD12                                              0.000     0.000 r  i_sys_clk_p (IN)
                         net (fo=0)                   0.000     0.000    pll_inst/inst/clk_in1_p
    AD12                 IBUFDS (Prop_ibufds_I_O)     0.906     0.906 r  pll_inst/inst/clkin1_ibufgds/O
                         net (fo=1, routed)           1.098     2.004    pll_inst/inst/clk_in1_pll
    PLLE2_ADV_X1Y1       PLLE2_ADV (Prop_plle2_adv_CLKIN1_CLKOUT0)
                                                     -8.058    -6.054 r  pll_inst/inst/plle2_adv_inst/CLKOUT0
                         net (fo=1, routed)           2.128    -3.926    pll_inst/inst/clk_out1_pll
    BUFGCTRL_X0Y1        BUFG (Prop_bufg_I_O)         0.093    -3.833 r  pll_inst/inst/clkout1_buf/O
                         net (fo=354, routed)         1.273    -2.560    student_top_inst/bridge_inst/counter_inst/clk_out1
    SLICE_X48Y166        FDRE                                         r  student_top_inst/bridge_inst/counter_inst/cnt_ms_bin_reg[2]/C
  -------------------------------------------------------------------    -------------------
    SLICE_X48Y166        FDRE (Prop_fdre_C_Q)         0.223    -2.337 r  student_top_inst/bridge_inst/counter_inst/cnt_ms_bin_reg[2]/Q
                         net (fo=3, routed)           1.380    -0.957    student_top_inst/bridge_inst/counter_inst/cnt_ms_bin_reg__0[2]
    SLICE_X49Y167        LUT2 (Prop_lut2_I1_O)        0.043    -0.914 r  student_top_inst/bridge_inst/counter_inst/cnt_gray_cpu_d1[1]_i_1/O
                         net (fo=1, routed)           0.000    -0.914    student_top_inst/bridge_inst/counter_inst/cnt_ms_gray[1]
    SLICE_X49Y167        FDRE                                         r  student_top_inst/bridge_inst/counter_inst/cnt_gray_cpu_d1_reg[1]/D
  -------------------------------------------------------------------    -------------------

                         (clock clk_out2_pll rise edge)
                                                      6.667     6.667 r  
    AD12                                              0.000     6.667 r  i_sys_clk_p (IN)
                         net (fo=0)                   0.000     6.667    pll_inst/inst/clk_in1_p
    AD12                 IBUFDS (Prop_ibufds_I_O)     0.803     7.470 r  pll_inst/inst/clkin1_ibufgds/O
                         net (fo=1, routed)           1.001     8.471    pll_inst/inst/clk_in1_pll
    PLLE2_ADV_X1Y1       PLLE2_ADV (Prop_plle2_adv_CLKIN1_CLKOUT1)
                                                     -7.261     1.210 r  pll_inst/inst/plle2_adv_inst/CLKOUT1
                         net (fo=1, routed)           2.003     3.213    pll_inst/inst/clk_out2_pll
    BUFGCTRL_X0Y0        BUFG (Prop_bufg_I_O)         0.083     3.296 r  pll_inst/inst/clkout2_buf/O
                         net (fo=2038, routed)        1.142     4.438    student_top_inst/bridge_inst/counter_inst/clk_out2
    SLICE_X49Y167        FDRE                                         r  student_top_inst/bridge_inst/counter_inst/cnt_gray_cpu_d1_reg[1]/C
                         clock pessimism             -0.598     3.840    
                         clock uncertainty           -0.206     3.634    
    SLICE_X49Y167        FDRE (Setup_fdre_C_D)        0.034     3.668    student_top_inst/bridge_inst/counter_inst/cnt_gray_cpu_d1_reg[1]
  -------------------------------------------------------------------
                         required time                          3.668    
                         arrival time                           0.914    
  -------------------------------------------------------------------
                         slack                                  4.582    

Slack (MET) :             4.585ns  (required time - arrival time)
  Source:                 student_top_inst/bridge_inst/counter_inst/cnt_ms_bin_reg[30]/C
                            (rising edge-triggered cell FDRE clocked by clk_out1_pll  {rise@0.000ns fall@10.000ns period=20.000ns})
  Destination:            student_top_inst/bridge_inst/counter_inst/cnt_gray_cpu_d1_reg[30]/D
                            (rising edge-triggered cell FDRE clocked by clk_out2_pll  {rise@0.000ns fall@3.333ns period=6.667ns})
  Path Group:             clk_out2_pll
  Path Type:              Setup (Max at Slow Process Corner)
  Requirement:            6.667ns  (clk_out2_pll rise@6.667ns - clk_out1_pll rise@0.000ns)
  Data Path Delay:        1.678ns  (logic 0.266ns (15.849%)  route 1.412ns (84.151%))
  Logic Levels:           1  (LUT2=1)
  Clock Path Skew:        -0.263ns (DCD - SCD + CPR)
    Destination Clock Delay (DCD):    -2.235ns = ( 4.432 - 6.667 ) 
    Source Clock Delay      (SCD):    -2.569ns
    Clock Pessimism Removal (CPR):    -0.598ns
  Clock Uncertainty:      0.206ns  ((TSJ^2 + DJ^2)^1/2) / 2 + PE
    Total System Jitter     (TSJ):    0.071ns
    Discrete Jitter          (DJ):    0.157ns
    Phase Error              (PE):    0.120ns

    Location             Delay type                Incr(ns)  Path(ns)    Netlist Resource(s)
  -------------------------------------------------------------------    -------------------
                         (clock clk_out1_pll rise edge)
                                                      0.000     0.000 r  
    AD12                                              0.000     0.000 r  i_sys_clk_p (IN)
                         net (fo=0)                   0.000     0.000    pll_inst/inst/clk_in1_p
    AD12                 IBUFDS (Prop_ibufds_I_O)     0.906     0.906 r  pll_inst/inst/clkin1_ibufgds/O
                         net (fo=1, routed)           1.098     2.004    pll_inst/inst/clk_in1_pll
    PLLE2_ADV_X1Y1       PLLE2_ADV (Prop_plle2_adv_CLKIN1_CLKOUT0)
                                                     -8.058    -6.054 r  pll_inst/inst/plle2_adv_inst/CLKOUT0
                         net (fo=1, routed)           2.128    -3.926    pll_inst/inst/clk_out1_pll
    BUFGCTRL_X0Y1        BUFG (Prop_bufg_I_O)         0.093    -3.833 r  pll_inst/inst/clkout1_buf/O
                         net (fo=354, routed)         1.264    -2.569    student_top_inst/bridge_inst/counter_inst/clk_out1
    SLICE_X48Y173        FDRE                                         r  student_top_inst/bridge_inst/counter_inst/cnt_ms_bin_reg[30]/C
  -------------------------------------------------------------------    -------------------
    SLICE_X48Y173        FDRE (Prop_fdre_C_Q)         0.223    -2.346 r  student_top_inst/bridge_inst/counter_inst/cnt_ms_bin_reg[30]/Q
                         net (fo=3, routed)           1.412    -0.934    student_top_inst/bridge_inst/counter_inst/cnt_ms_bin_reg__0[30]
    SLICE_X46Y173        LUT2 (Prop_lut2_I0_O)        0.043    -0.891 r  student_top_inst/bridge_inst/counter_inst/cnt_gray_cpu_d1[30]_i_1/O
                         net (fo=1, routed)           0.000    -0.891    student_top_inst/bridge_inst/counter_inst/cnt_ms_gray[30]
    SLICE_X46Y173        FDRE                                         r  student_top_inst/bridge_inst/counter_inst/cnt_gray_cpu_d1_reg[30]/D
  -------------------------------------------------------------------    -------------------

                         (clock clk_out2_pll rise edge)
                                                      6.667     6.667 r  
    AD12                                              0.000     6.667 r  i_sys_clk_p (IN)
                         net (fo=0)                   0.000     6.667    pll_inst/inst/clk_in1_p
    AD12                 IBUFDS (Prop_ibufds_I_O)     0.803     7.470 r  pll_inst/inst/clkin1_ibufgds/O
                         net (fo=1, routed)           1.001     8.471    pll_inst/inst/clk_in1_pll
    PLLE2_ADV_X1Y1       PLLE2_ADV (Prop_plle2_adv_CLKIN1_CLKOUT1)
                                                     -7.261     1.210 r  pll_inst/inst/plle2_adv_inst/CLKOUT1
                         net (fo=1, routed)           2.003     3.213    pll_inst/inst/clk_out2_pll
    BUFGCTRL_X0Y0        BUFG (Prop_bufg_I_O)         0.083     3.296 r  pll_inst/inst/clkout2_buf/O
                         net (fo=2038, routed)        1.136     4.432    student_top_inst/bridge_inst/counter_inst/clk_out2
    SLICE_X46Y173        FDRE                                         r  student_top_inst/bridge_inst/counter_inst/cnt_gray_cpu_d1_reg[30]/C
                         clock pessimism             -0.598     3.834    
                         clock uncertainty           -0.206     3.628    
    SLICE_X46Y173        FDRE (Setup_fdre_C_D)        0.066     3.694    student_top_inst/bridge_inst/counter_inst/cnt_gray_cpu_d1_reg[30]
  -------------------------------------------------------------------
                         required time                          3.694    
                         arrival time                           0.891    
  -------------------------------------------------------------------
                         slack                                  4.585    

Slack (MET) :             4.600ns  (required time - arrival time)
  Source:                 student_top_inst/bridge_inst/counter_inst/cnt_ms_bin_reg[12]/C
                            (rising edge-triggered cell FDRE clocked by clk_out1_pll  {rise@0.000ns fall@10.000ns period=20.000ns})
  Destination:            student_top_inst/bridge_inst/counter_inst/cnt_gray_cpu_d1_reg[12]/D
                            (rising edge-triggered cell FDRE clocked by clk_out2_pll  {rise@0.000ns fall@3.333ns period=6.667ns})
  Path Group:             clk_out2_pll
  Path Type:              Setup (Max at Slow Process Corner)
  Requirement:            6.667ns  (clk_out2_pll rise@6.667ns - clk_out1_pll rise@0.000ns)
  Data Path Delay:        1.632ns  (logic 0.266ns (16.298%)  route 1.366ns (83.702%))
  Logic Levels:           1  (LUT2=1)
  Clock Path Skew:        -0.262ns (DCD - SCD + CPR)
    Destination Clock Delay (DCD):    -2.228ns = ( 4.439 - 6.667 ) 
    Source Clock Delay      (SCD):    -2.563ns
    Clock Pessimism Removal (CPR):    -0.598ns
  Clock Uncertainty:      0.206ns  ((TSJ^2 + DJ^2)^1/2) / 2 + PE
    Total System Jitter     (TSJ):    0.071ns
    Discrete Jitter          (DJ):    0.157ns
    Phase Error              (PE):    0.120ns

    Location             Delay type                Incr(ns)  Path(ns)    Netlist Resource(s)
  -------------------------------------------------------------------    -------------------
                         (clock clk_out1_pll rise edge)
                                                      0.000     0.000 r  
    AD12                                              0.000     0.000 r  i_sys_clk_p (IN)
                         net (fo=0)                   0.000     0.000    pll_inst/inst/clk_in1_p
    AD12                 IBUFDS (Prop_ibufds_I_O)     0.906     0.906 r  pll_inst/inst/clkin1_ibufgds/O
                         net (fo=1, routed)           1.098     2.004    pll_inst/inst/clk_in1_pll
    PLLE2_ADV_X1Y1       PLLE2_ADV (Prop_plle2_adv_CLKIN1_CLKOUT0)
                                                     -8.058    -6.054 r  pll_inst/inst/plle2_adv_inst/CLKOUT0
                         net (fo=1, routed)           2.128    -3.926    pll_inst/inst/clk_out1_pll
    BUFGCTRL_X0Y1        BUFG (Prop_bufg_I_O)         0.093    -3.833 r  pll_inst/inst/clkout1_buf/O
                         net (fo=354, routed)         1.270    -2.563    student_top_inst/bridge_inst/counter_inst/clk_out1
    SLICE_X48Y169        FDRE                                         r  student_top_inst/bridge_inst/counter_inst/cnt_ms_bin_reg[12]/C
  -------------------------------------------------------------------    -------------------
    SLICE_X48Y169        FDRE (Prop_fdre_C_Q)         0.223    -2.340 r  student_top_inst/bridge_inst/counter_inst/cnt_ms_bin_reg[12]/Q
                         net (fo=3, routed)           1.366    -0.974    student_top_inst/bridge_inst/counter_inst/cnt_ms_bin_reg__0[12]
    SLICE_X45Y168        LUT2 (Prop_lut2_I0_O)        0.043    -0.931 r  student_top_inst/bridge_inst/counter_inst/cnt_gray_cpu_d1[12]_i_1/O
                         net (fo=1, routed)           0.000    -0.931    student_top_inst/bridge_inst/counter_inst/cnt_ms_gray[12]
    SLICE_X45Y168        FDRE                                         r  student_top_inst/bridge_inst/counter_inst/cnt_gray_cpu_d1_reg[12]/D
  -------------------------------------------------------------------    -------------------

                         (clock clk_out2_pll rise edge)
                                                      6.667     6.667 r  
    AD12                                              0.000     6.667 r  i_sys_clk_p (IN)
                         net (fo=0)                   0.000     6.667    pll_inst/inst/clk_in1_p
    AD12                 IBUFDS (Prop_ibufds_I_O)     0.803     7.470 r  pll_inst/inst/clkin1_ibufgds/O
                         net (fo=1, routed)           1.001     8.471    pll_inst/inst/clk_in1_pll
    PLLE2_ADV_X1Y1       PLLE2_ADV (Prop_plle2_adv_CLKIN1_CLKOUT1)
                                                     -7.261     1.210 r  pll_inst/inst/plle2_adv_inst/CLKOUT1
                         net (fo=1, routed)           2.003     3.213    pll_inst/inst/clk_out2_pll
    BUFGCTRL_X0Y0        BUFG (Prop_bufg_I_O)         0.083     3.296 r  pll_inst/inst/clkout2_buf/O
                         net (fo=2038, routed)        1.143     4.439    student_top_inst/bridge_inst/counter_inst/clk_out2
    SLICE_X45Y168        FDRE                                         r  student_top_inst/bridge_inst/counter_inst/cnt_gray_cpu_d1_reg[12]/C
                         clock pessimism             -0.598     3.841    
                         clock uncertainty           -0.206     3.635    
    SLICE_X45Y168        FDRE (Setup_fdre_C_D)        0.034     3.669    student_top_inst/bridge_inst/counter_inst/cnt_gray_cpu_d1_reg[12]
  -------------------------------------------------------------------
                         required time                          3.669    
                         arrival time                           0.931    
  -------------------------------------------------------------------
                         slack                                  4.600    





Min Delay Paths
--------------------------------------------------------------------------------------
Slack (MET) :             0.119ns  (arrival time - required time)
  Source:                 twin_controller_inst/key_reg[4]/C
                            (rising edge-triggered cell FDCE clocked by clk_out1_pll  {rise@0.000ns fall@10.000ns period=20.000ns})
  Destination:            student_top_inst/bridge_inst/key_sync1_reg[4]/D
                            (rising edge-triggered cell FDCE clocked by clk_out2_pll  {rise@0.000ns fall@3.333ns period=6.667ns})
  Path Group:             clk_out2_pll
  Path Type:              Hold (Min at Fast Process Corner)
  Requirement:            0.000ns  (clk_out2_pll rise@0.000ns - clk_out1_pll rise@0.000ns)
  Data Path Delay:        0.657ns  (logic 0.118ns (17.961%)  route 0.539ns (82.039%))
  Logic Levels:           0  
  Clock Path Skew:        0.266ns (DCD - SCD - CPR)
    Destination Clock Delay (DCD):    -0.682ns
    Source Clock Delay      (SCD):    -0.465ns
    Clock Pessimism Removal (CPR):    -0.484ns
  Clock Uncertainty:      0.206ns  ((TSJ^2 + DJ^2)^1/2) / 2 + PE
    Total System Jitter     (TSJ):    0.071ns
    Discrete Jitter          (DJ):    0.157ns
    Phase Error              (PE):    0.120ns

    Location             Delay type                Incr(ns)  Path(ns)    Netlist Resource(s)
  -------------------------------------------------------------------    -------------------
                         (clock clk_out1_pll rise edge)
                                                      0.000     0.000 r  
    AD12                                              0.000     0.000 r  i_sys_clk_p (IN)
                         net (fo=0)                   0.000     0.000    pll_inst/inst/clk_in1_p
    AD12                 IBUFDS (Prop_ibufds_I_O)     0.388     0.388 r  pll_inst/inst/clkin1_ibufgds/O
                         net (fo=1, routed)           0.503     0.891    pll_inst/inst/clk_in1_pll
    PLLE2_ADV_X1Y1       PLLE2_ADV (Prop_plle2_adv_CLKIN1_CLKOUT0)
                                                     -2.908    -2.017 r  pll_inst/inst/plle2_adv_inst/CLKOUT0
                         net (fo=1, routed)           0.958    -1.059    pll_inst/inst/clk_out1_pll
    BUFGCTRL_X0Y1        BUFG (Prop_bufg_I_O)         0.026    -1.033 r  pll_inst/inst/clkout1_buf/O
                         net (fo=354, routed)         0.568    -0.465    twin_controller_inst/clk_out1
    SLICE_X42Y178        FDCE                                         r  twin_controller_inst/key_reg[4]/C
  -------------------------------------------------------------------    -------------------
    SLICE_X42Y178        FDCE (Prop_fdce_C_Q)         0.118    -0.347 r  twin_controller_inst/key_reg[4]/Q
                         net (fo=3, routed)           0.539     0.192    student_top_inst/bridge_inst/virtual_key[4]
    SLICE_X42Y175        FDCE                                         r  student_top_inst/bridge_inst/key_sync1_reg[4]/D
  -------------------------------------------------------------------    -------------------

                         (clock clk_out2_pll rise edge)
                                                      0.000     0.000 r  
    AD12                                              0.000     0.000 r  i_sys_clk_p (IN)
                         net (fo=0)                   0.000     0.000    pll_inst/inst/clk_in1_p
    AD12                 IBUFDS (Prop_ibufds_I_O)     0.470     0.470 r  pll_inst/inst/clkin1_ibufgds/O
                         net (fo=1, routed)           0.554     1.024    pll_inst/inst/clk_in1_pll
    PLLE2_ADV_X1Y1       PLLE2_ADV (Prop_plle2_adv_CLKIN1_CLKOUT1)
                                                     -3.524    -2.500 r  pll_inst/inst/plle2_adv_inst/CLKOUT1
                         net (fo=1, routed)           1.027    -1.473    pll_inst/inst/clk_out2_pll
    BUFGCTRL_X0Y0        BUFG (Prop_bufg_I_O)         0.030    -1.443 r  pll_inst/inst/clkout2_buf/O
                         net (fo=2038, routed)        0.761    -0.682    student_top_inst/bridge_inst/clk_out2
    SLICE_X42Y175        FDCE                                         r  student_top_inst/bridge_inst/key_sync1_reg[4]/C
                         clock pessimism              0.484    -0.199    
                         clock uncertainty            0.206     0.008    
    SLICE_X42Y175        FDCE (Hold_fdce_C_D)         0.066     0.074    student_top_inst/bridge_inst/key_sync1_reg[4]
  -------------------------------------------------------------------
                         required time                         -0.074    
                         arrival time                           0.192    
  -------------------------------------------------------------------
                         slack                                  0.119    

Slack (MET) :             0.128ns  (arrival time - required time)
  Source:                 twin_controller_inst/sw_reg[44]/C
                            (rising edge-triggered cell FDCE clocked by clk_out1_pll  {rise@0.000ns fall@10.000ns period=20.000ns})
  Destination:            student_top_inst/bridge_inst/sw_sync1_reg[44]/D
                            (rising edge-triggered cell FDCE clocked by clk_out2_pll  {rise@0.000ns fall@3.333ns period=6.667ns})
  Path Group:             clk_out2_pll
  Path Type:              Hold (Min at Fast Process Corner)
  Requirement:            0.000ns  (clk_out2_pll rise@0.000ns - clk_out1_pll rise@0.000ns)
  Data Path Delay:        0.610ns  (logic 0.100ns (16.396%)  route 0.510ns (83.604%))
  Logic Levels:           0  
  Clock Path Skew:        0.236ns (DCD - SCD - CPR)
    Destination Clock Delay (DCD):    -0.716ns
    Source Clock Delay      (SCD):    -0.469ns
    Clock Pessimism Removal (CPR):    -0.484ns
  Clock Uncertainty:      0.206ns  ((TSJ^2 + DJ^2)^1/2) / 2 + PE
    Total System Jitter     (TSJ):    0.071ns
    Discrete Jitter          (DJ):    0.157ns
    Phase Error              (PE):    0.120ns

    Location             Delay type                Incr(ns)  Path(ns)    Netlist Resource(s)
  -------------------------------------------------------------------    -------------------
                         (clock clk_out1_pll rise edge)
                                                      0.000     0.000 r  
    AD12                                              0.000     0.000 r  i_sys_clk_p (IN)
                         net (fo=0)                   0.000     0.000    pll_inst/inst/clk_in1_p
    AD12                 IBUFDS (Prop_ibufds_I_O)     0.388     0.388 r  pll_inst/inst/clkin1_ibufgds/O
                         net (fo=1, routed)           0.503     0.891    pll_inst/inst/clk_in1_pll
    PLLE2_ADV_X1Y1       PLLE2_ADV (Prop_plle2_adv_CLKIN1_CLKOUT0)
                                                     -2.908    -2.017 r  pll_inst/inst/plle2_adv_inst/CLKOUT0
                         net (fo=1, routed)           0.958    -1.059    pll_inst/inst/clk_out1_pll
    BUFGCTRL_X0Y1        BUFG (Prop_bufg_I_O)         0.026    -1.033 r  pll_inst/inst/clkout1_buf/O
                         net (fo=354, routed)         0.564    -0.469    twin_controller_inst/clk_out1
    SLICE_X48Y176        FDCE                                         r  twin_controller_inst/sw_reg[44]/C
  -------------------------------------------------------------------    -------------------
    SLICE_X48Y176        FDCE (Prop_fdce_C_Q)         0.100    -0.369 r  twin_controller_inst/sw_reg[44]/Q
                         net (fo=3, routed)           0.510     0.141    student_top_inst/bridge_inst/virtual_sw[44]
    SLICE_X51Y175        FDCE                                         r  student_top_inst/bridge_inst/sw_sync1_reg[44]/D
  -------------------------------------------------------------------    -------------------

                         (clock clk_out2_pll rise edge)
                                                      0.000     0.000 r  
    AD12                                              0.000     0.000 r  i_sys_clk_p (IN)
                         net (fo=0)                   0.000     0.000    pll_inst/inst/clk_in1_p
    AD12                 IBUFDS (Prop_ibufds_I_O)     0.470     0.470 r  pll_inst/inst/clkin1_ibufgds/O
                         net (fo=1, routed)           0.554     1.024    pll_inst/inst/clk_in1_pll
    PLLE2_ADV_X1Y1       PLLE2_ADV (Prop_plle2_adv_CLKIN1_CLKOUT1)
                                                     -3.524    -2.500 r  pll_inst/inst/plle2_adv_inst/CLKOUT1
                         net (fo=1, routed)           1.027    -1.473    pll_inst/inst/clk_out2_pll
    BUFGCTRL_X0Y0        BUFG (Prop_bufg_I_O)         0.030    -1.443 r  pll_inst/inst/clkout2_buf/O
                         net (fo=2038, routed)        0.727    -0.716    student_top_inst/bridge_inst/clk_out2
    SLICE_X51Y175        FDCE                                         r  student_top_inst/bridge_inst/sw_sync1_reg[44]/C
                         clock pessimism              0.484    -0.233    
                         clock uncertainty            0.206    -0.026    
    SLICE_X51Y175        FDCE (Hold_fdce_C_D)         0.040     0.014    student_top_inst/bridge_inst/sw_sync1_reg[44]
  -------------------------------------------------------------------
                         required time                         -0.014    
                         arrival time                           0.141    
  -------------------------------------------------------------------
                         slack                                  0.128    

Slack (MET) :             0.144ns  (arrival time - required time)
  Source:                 student_top_inst/bridge_inst/counter_inst/cnt_ms_bin_reg[0]/C
                            (rising edge-triggered cell FDRE clocked by clk_out1_pll  {rise@0.000ns fall@10.000ns period=20.000ns})
  Destination:            student_top_inst/bridge_inst/counter_inst/cnt_gray_cpu_d1_reg[0]/D
                            (rising edge-triggered cell FDRE clocked by clk_out2_pll  {rise@0.000ns fall@3.333ns period=6.667ns})
  Path Group:             clk_out2_pll
  Path Type:              Hold (Min at Fast Process Corner)
  Requirement:            0.000ns  (clk_out2_pll rise@0.000ns - clk_out1_pll rise@0.000ns)
  Data Path Delay:        0.679ns  (logic 0.128ns (18.840%)  route 0.551ns (81.160%))
  Logic Levels:           1  (LUT2=1)
  Clock Path Skew:        0.269ns (DCD - SCD - CPR)
    Destination Clock Delay (DCD):    -0.676ns
    Source Clock Delay      (SCD):    -0.462ns
    Clock Pessimism Removal (CPR):    -0.484ns
  Clock Uncertainty:      0.206ns  ((TSJ^2 + DJ^2)^1/2) / 2 + PE
    Total System Jitter     (TSJ):    0.071ns
    Discrete Jitter          (DJ):    0.157ns
    Phase Error              (PE):    0.120ns

    Location             Delay type                Incr(ns)  Path(ns)    Netlist Resource(s)
  -------------------------------------------------------------------    -------------------
                         (clock clk_out1_pll rise edge)
                                                      0.000     0.000 r  
    AD12                                              0.000     0.000 r  i_sys_clk_p (IN)
                         net (fo=0)                   0.000     0.000    pll_inst/inst/clk_in1_p
    AD12                 IBUFDS (Prop_ibufds_I_O)     0.388     0.388 r  pll_inst/inst/clkin1_ibufgds/O
                         net (fo=1, routed)           0.503     0.891    pll_inst/inst/clk_in1_pll
    PLLE2_ADV_X1Y1       PLLE2_ADV (Prop_plle2_adv_CLKIN1_CLKOUT0)
                                                     -2.908    -2.017 r  pll_inst/inst/plle2_adv_inst/CLKOUT0
                         net (fo=1, routed)           0.958    -1.059    pll_inst/inst/clk_out1_pll
    BUFGCTRL_X0Y1        BUFG (Prop_bufg_I_O)         0.026    -1.033 r  pll_inst/inst/clkout1_buf/O
                         net (fo=354, routed)         0.571    -0.462    student_top_inst/bridge_inst/counter_inst/clk_out1
    SLICE_X48Y166        FDRE                                         r  student_top_inst/bridge_inst/counter_inst/cnt_ms_bin_reg[0]/C
  -------------------------------------------------------------------    -------------------
    SLICE_X48Y166        FDRE (Prop_fdre_C_Q)         0.100    -0.362 r  student_top_inst/bridge_inst/counter_inst/cnt_ms_bin_reg[0]/Q
                         net (fo=2, routed)           0.551     0.190    student_top_inst/bridge_inst/counter_inst/cnt_ms_bin_reg__0[0]
    SLICE_X49Y167        LUT2 (Prop_lut2_I0_O)        0.028     0.218 r  student_top_inst/bridge_inst/counter_inst/cnt_gray_cpu_d1[0]_i_1/O
                         net (fo=1, routed)           0.000     0.218    student_top_inst/bridge_inst/counter_inst/cnt_ms_gray[0]
    SLICE_X49Y167        FDRE                                         r  student_top_inst/bridge_inst/counter_inst/cnt_gray_cpu_d1_reg[0]/D
  -------------------------------------------------------------------    -------------------

                         (clock clk_out2_pll rise edge)
                                                      0.000     0.000 r  
    AD12                                              0.000     0.000 r  i_sys_clk_p (IN)
                         net (fo=0)                   0.000     0.000    pll_inst/inst/clk_in1_p
    AD12                 IBUFDS (Prop_ibufds_I_O)     0.470     0.470 r  pll_inst/inst/clkin1_ibufgds/O
                         net (fo=1, routed)           0.554     1.024    pll_inst/inst/clk_in1_pll
    PLLE2_ADV_X1Y1       PLLE2_ADV (Prop_plle2_adv_CLKIN1_CLKOUT1)
                                                     -3.524    -2.500 r  pll_inst/inst/plle2_adv_inst/CLKOUT1
                         net (fo=1, routed)           1.027    -1.473    pll_inst/inst/clk_out2_pll
    BUFGCTRL_X0Y0        BUFG (Prop_bufg_I_O)         0.030    -1.443 r  pll_inst/inst/clkout2_buf/O
                         net (fo=2038, routed)        0.767    -0.676    student_top_inst/bridge_inst/counter_inst/clk_out2
    SLICE_X49Y167        FDRE                                         r  student_top_inst/bridge_inst/counter_inst/cnt_gray_cpu_d1_reg[0]/C
                         clock pessimism              0.484    -0.193    
                         clock uncertainty            0.206     0.014    
    SLICE_X49Y167        FDRE (Hold_fdre_C_D)         0.060     0.074    student_top_inst/bridge_inst/counter_inst/cnt_gray_cpu_d1_reg[0]
  -------------------------------------------------------------------
                         required time                         -0.074    
                         arrival time                           0.218    
  -------------------------------------------------------------------
                         slack                                  0.144    

Slack (MET) :             0.148ns  (arrival time - required time)
  Source:                 student_top_inst/bridge_inst/counter_inst/cnt_ms_bin_reg[14]/C
                            (rising edge-triggered cell FDRE clocked by clk_out1_pll  {rise@0.000ns fall@10.000ns period=20.000ns})
  Destination:            student_top_inst/bridge_inst/counter_inst/cnt_gray_cpu_d1_reg[13]/D
                            (rising edge-triggered cell FDRE clocked by clk_out2_pll  {rise@0.000ns fall@3.333ns period=6.667ns})
  Path Group:             clk_out2_pll
  Path Type:              Hold (Min at Fast Process Corner)
  Requirement:            0.000ns  (clk_out2_pll rise@0.000ns - clk_out1_pll rise@0.000ns)
  Data Path Delay:        0.687ns  (logic 0.128ns (18.634%)  route 0.559ns (81.366%))
  Logic Levels:           1  (LUT2=1)
  Clock Path Skew:        0.273ns (DCD - SCD - CPR)
    Destination Clock Delay (DCD):    -0.675ns
    Source Clock Delay      (SCD):    -0.465ns
    Clock Pessimism Removal (CPR):    -0.484ns
  Clock Uncertainty:      0.206ns  ((TSJ^2 + DJ^2)^1/2) / 2 + PE
    Total System Jitter     (TSJ):    0.071ns
    Discrete Jitter          (DJ):    0.157ns
    Phase Error              (PE):    0.120ns

    Location             Delay type                Incr(ns)  Path(ns)    Netlist Resource(s)
  -------------------------------------------------------------------    -------------------
                         (clock clk_out1_pll rise edge)
                                                      0.000     0.000 r  
    AD12                                              0.000     0.000 r  i_sys_clk_p (IN)
                         net (fo=0)                   0.000     0.000    pll_inst/inst/clk_in1_p
    AD12                 IBUFDS (Prop_ibufds_I_O)     0.388     0.388 r  pll_inst/inst/clkin1_ibufgds/O
                         net (fo=1, routed)           0.503     0.891    pll_inst/inst/clk_in1_pll
    PLLE2_ADV_X1Y1       PLLE2_ADV (Prop_plle2_adv_CLKIN1_CLKOUT0)
                                                     -2.908    -2.017 r  pll_inst/inst/plle2_adv_inst/CLKOUT0
                         net (fo=1, routed)           0.958    -1.059    pll_inst/inst/clk_out1_pll
    BUFGCTRL_X0Y1        BUFG (Prop_bufg_I_O)         0.026    -1.033 r  pll_inst/inst/clkout1_buf/O
                         net (fo=354, routed)         0.568    -0.465    student_top_inst/bridge_inst/counter_inst/clk_out1
    SLICE_X48Y169        FDRE                                         r  student_top_inst/bridge_inst/counter_inst/cnt_ms_bin_reg[14]/C
  -------------------------------------------------------------------    -------------------
    SLICE_X48Y169        FDRE (Prop_fdre_C_Q)         0.100    -0.365 r  student_top_inst/bridge_inst/counter_inst/cnt_ms_bin_reg[14]/Q
                         net (fo=3, routed)           0.559     0.194    student_top_inst/bridge_inst/counter_inst/cnt_ms_bin_reg__0[14]
    SLICE_X45Y168        LUT2 (Prop_lut2_I1_O)        0.028     0.222 r  student_top_inst/bridge_inst/counter_inst/cnt_gray_cpu_d1[13]_i_1/O
                         net (fo=1, routed)           0.000     0.222    student_top_inst/bridge_inst/counter_inst/cnt_ms_gray[13]
    SLICE_X45Y168        FDRE                                         r  student_top_inst/bridge_inst/counter_inst/cnt_gray_cpu_d1_reg[13]/D
  -------------------------------------------------------------------    -------------------

                         (clock clk_out2_pll rise edge)
                                                      0.000     0.000 r  
    AD12                                              0.000     0.000 r  i_sys_clk_p (IN)
                         net (fo=0)                   0.000     0.000    pll_inst/inst/clk_in1_p
    AD12                 IBUFDS (Prop_ibufds_I_O)     0.470     0.470 r  pll_inst/inst/clkin1_ibufgds/O
                         net (fo=1, routed)           0.554     1.024    pll_inst/inst/clk_in1_pll
    PLLE2_ADV_X1Y1       PLLE2_ADV (Prop_plle2_adv_CLKIN1_CLKOUT1)
                                                     -3.524    -2.500 r  pll_inst/inst/plle2_adv_inst/CLKOUT1
                         net (fo=1, routed)           1.027    -1.473    pll_inst/inst/clk_out2_pll
    BUFGCTRL_X0Y0        BUFG (Prop_bufg_I_O)         0.030    -1.443 r  pll_inst/inst/clkout2_buf/O
                         net (fo=2038, routed)        0.768    -0.675    student_top_inst/bridge_inst/counter_inst/clk_out2
    SLICE_X45Y168        FDRE                                         r  student_top_inst/bridge_inst/counter_inst/cnt_gray_cpu_d1_reg[13]/C
                         clock pessimism              0.484    -0.192    
                         clock uncertainty            0.206     0.015    
    SLICE_X45Y168        FDRE (Hold_fdre_C_D)         0.060     0.075    student_top_inst/bridge_inst/counter_inst/cnt_gray_cpu_d1_reg[13]
  -------------------------------------------------------------------
                         required time                         -0.075    
                         arrival time                           0.222    
  -------------------------------------------------------------------
                         slack                                  0.148    

Slack (MET) :             0.152ns  (arrival time - required time)
  Source:                 twin_controller_inst/sw_reg[2]/C
                            (rising edge-triggered cell FDCE clocked by clk_out1_pll  {rise@0.000ns fall@10.000ns period=20.000ns})
  Destination:            student_top_inst/bridge_inst/sw_sync1_reg[2]/D
                            (rising edge-triggered cell FDCE clocked by clk_out2_pll  {rise@0.000ns fall@3.333ns period=6.667ns})
  Path Group:             clk_out2_pll
  Path Type:              Hold (Min at Fast Process Corner)
  Requirement:            0.000ns  (clk_out2_pll rise@0.000ns - clk_out1_pll rise@0.000ns)
  Data Path Delay:        0.669ns  (logic 0.100ns (14.939%)  route 0.569ns (85.061%))
  Logic Levels:           0  
  Clock Path Skew:        0.271ns (DCD - SCD - CPR)
    Destination Clock Delay (DCD):    -0.673ns
    Source Clock Delay      (SCD):    -0.461ns
    Clock Pessimism Removal (CPR):    -0.484ns
  Clock Uncertainty:      0.206ns  ((TSJ^2 + DJ^2)^1/2) / 2 + PE
    Total System Jitter     (TSJ):    0.071ns
    Discrete Jitter          (DJ):    0.157ns
    Phase Error              (PE):    0.120ns

    Location             Delay type                Incr(ns)  Path(ns)    Netlist Resource(s)
  -------------------------------------------------------------------    -------------------
                         (clock clk_out1_pll rise edge)
                                                      0.000     0.000 r  
    AD12                                              0.000     0.000 r  i_sys_clk_p (IN)
                         net (fo=0)                   0.000     0.000    pll_inst/inst/clk_in1_p
    AD12                 IBUFDS (Prop_ibufds_I_O)     0.388     0.388 r  pll_inst/inst/clkin1_ibufgds/O
                         net (fo=1, routed)           0.503     0.891    pll_inst/inst/clk_in1_pll
    PLLE2_ADV_X1Y1       PLLE2_ADV (Prop_plle2_adv_CLKIN1_CLKOUT0)
                                                     -2.908    -2.017 r  pll_inst/inst/plle2_adv_inst/CLKOUT0
                         net (fo=1, routed)           0.958    -1.059    pll_inst/inst/clk_out1_pll
    BUFGCTRL_X0Y1        BUFG (Prop_bufg_I_O)         0.026    -1.033 r  pll_inst/inst/clkout1_buf/O
                         net (fo=354, routed)         0.572    -0.461    twin_controller_inst/clk_out1
    SLICE_X41Y181        FDCE                                         r  twin_controller_inst/sw_reg[2]/C
  -------------------------------------------------------------------    -------------------
    SLICE_X41Y181        FDCE (Prop_fdce_C_Q)         0.100    -0.361 r  twin_controller_inst/sw_reg[2]/Q
                         net (fo=3, routed)           0.569     0.209    student_top_inst/bridge_inst/virtual_sw[2]
    SLICE_X38Y181        FDCE                                         r  student_top_inst/bridge_inst/sw_sync1_reg[2]/D
  -------------------------------------------------------------------    -------------------

                         (clock clk_out2_pll rise edge)
                                                      0.000     0.000 r  
    AD12                                              0.000     0.000 r  i_sys_clk_p (IN)
                         net (fo=0)                   0.000     0.000    pll_inst/inst/clk_in1_p
    AD12                 IBUFDS (Prop_ibufds_I_O)     0.470     0.470 r  pll_inst/inst/clkin1_ibufgds/O
                         net (fo=1, routed)           0.554     1.024    pll_inst/inst/clk_in1_pll
    PLLE2_ADV_X1Y1       PLLE2_ADV (Prop_plle2_adv_CLKIN1_CLKOUT1)
                                                     -3.524    -2.500 r  pll_inst/inst/plle2_adv_inst/CLKOUT1
                         net (fo=1, routed)           1.027    -1.473    pll_inst/inst/clk_out2_pll
    BUFGCTRL_X0Y0        BUFG (Prop_bufg_I_O)         0.030    -1.443 r  pll_inst/inst/clkout2_buf/O
                         net (fo=2038, routed)        0.770    -0.673    student_top_inst/bridge_inst/clk_out2
    SLICE_X38Y181        FDCE                                         r  student_top_inst/bridge_inst/sw_sync1_reg[2]/C
                         clock pessimism              0.484    -0.190    
                         clock uncertainty            0.206     0.017    
    SLICE_X38Y181        FDCE (Hold_fdce_C_D)         0.040     0.057    student_top_inst/bridge_inst/sw_sync1_reg[2]
  -------------------------------------------------------------------
                         required time                         -0.057    
                         arrival time                           0.209    
  -------------------------------------------------------------------
                         slack                                  0.152    

Slack (MET) :             0.153ns  (arrival time - required time)
  Source:                 twin_controller_inst/sw_reg[25]/C
                            (rising edge-triggered cell FDCE clocked by clk_out1_pll  {rise@0.000ns fall@10.000ns period=20.000ns})
  Destination:            student_top_inst/bridge_inst/sw_sync1_reg[25]/D
                            (rising edge-triggered cell FDCE clocked by clk_out2_pll  {rise@0.000ns fall@3.333ns period=6.667ns})
  Path Group:             clk_out2_pll
  Path Type:              Hold (Min at Fast Process Corner)
  Requirement:            0.000ns  (clk_out2_pll rise@0.000ns - clk_out1_pll rise@0.000ns)
  Data Path Delay:        0.666ns  (logic 0.100ns (15.011%)  route 0.566ns (84.989%))
  Logic Levels:           0  
  Clock Path Skew:        0.267ns (DCD - SCD - CPR)
    Destination Clock Delay (DCD):    -0.678ns
    Source Clock Delay      (SCD):    -0.462ns
    Clock Pessimism Removal (CPR):    -0.484ns
  Clock Uncertainty:      0.206ns  ((TSJ^2 + DJ^2)^1/2) / 2 + PE
    Total System Jitter     (TSJ):    0.071ns
    Discrete Jitter          (DJ):    0.157ns
    Phase Error              (PE):    0.120ns

    Location             Delay type                Incr(ns)  Path(ns)    Netlist Resource(s)
  -------------------------------------------------------------------    -------------------
                         (clock clk_out1_pll rise edge)
                                                      0.000     0.000 r  
    AD12                                              0.000     0.000 r  i_sys_clk_p (IN)
                         net (fo=0)                   0.000     0.000    pll_inst/inst/clk_in1_p
    AD12                 IBUFDS (Prop_ibufds_I_O)     0.388     0.388 r  pll_inst/inst/clkin1_ibufgds/O
                         net (fo=1, routed)           0.503     0.891    pll_inst/inst/clk_in1_pll
    PLLE2_ADV_X1Y1       PLLE2_ADV (Prop_plle2_adv_CLKIN1_CLKOUT0)
                                                     -2.908    -2.017 r  pll_inst/inst/plle2_adv_inst/CLKOUT0
                         net (fo=1, routed)           0.958    -1.059    pll_inst/inst/clk_out1_pll
    BUFGCTRL_X0Y1        BUFG (Prop_bufg_I_O)         0.026    -1.033 r  pll_inst/inst/clkout1_buf/O
                         net (fo=354, routed)         0.571    -0.462    twin_controller_inst/clk_out1
    SLICE_X44Y181        FDCE                                         r  twin_controller_inst/sw_reg[25]/C
  -------------------------------------------------------------------    -------------------
    SLICE_X44Y181        FDCE (Prop_fdce_C_Q)         0.100    -0.362 r  twin_controller_inst/sw_reg[25]/Q
                         net (fo=3, routed)           0.566     0.205    student_top_inst/bridge_inst/virtual_sw[25]
    SLICE_X46Y180        FDCE                                         r  student_top_inst/bridge_inst/sw_sync1_reg[25]/D
  -------------------------------------------------------------------    -------------------

                         (clock clk_out2_pll rise edge)
                                                      0.000     0.000 r  
    AD12                                              0.000     0.000 r  i_sys_clk_p (IN)
                         net (fo=0)                   0.000     0.000    pll_inst/inst/clk_in1_p
    AD12                 IBUFDS (Prop_ibufds_I_O)     0.470     0.470 r  pll_inst/inst/clkin1_ibufgds/O
                         net (fo=1, routed)           0.554     1.024    pll_inst/inst/clk_in1_pll
    PLLE2_ADV_X1Y1       PLLE2_ADV (Prop_plle2_adv_CLKIN1_CLKOUT1)
                                                     -3.524    -2.500 r  pll_inst/inst/plle2_adv_inst/CLKOUT1
                         net (fo=1, routed)           1.027    -1.473    pll_inst/inst/clk_out2_pll
    BUFGCTRL_X0Y0        BUFG (Prop_bufg_I_O)         0.030    -1.443 r  pll_inst/inst/clkout2_buf/O
                         net (fo=2038, routed)        0.765    -0.678    student_top_inst/bridge_inst/clk_out2
    SLICE_X46Y180        FDCE                                         r  student_top_inst/bridge_inst/sw_sync1_reg[25]/C
                         clock pessimism              0.484    -0.195    
                         clock uncertainty            0.206     0.012    
    SLICE_X46Y180        FDCE (Hold_fdce_C_D)         0.040     0.052    student_top_inst/bridge_inst/sw_sync1_reg[25]
  -------------------------------------------------------------------
                         required time                         -0.052    
                         arrival time                           0.205    
  -------------------------------------------------------------------
                         slack                                  0.153    

Slack (MET) :             0.153ns  (arrival time - required time)
  Source:                 twin_controller_inst/sw_reg[12]/C
                            (rising edge-triggered cell FDCE clocked by clk_out1_pll  {rise@0.000ns fall@10.000ns period=20.000ns})
  Destination:            student_top_inst/bridge_inst/sw_sync1_reg[12]/D
                            (rising edge-triggered cell FDCE clocked by clk_out2_pll  {rise@0.000ns fall@3.333ns period=6.667ns})
  Path Group:             clk_out2_pll
  Path Type:              Hold (Min at Fast Process Corner)
  Requirement:            0.000ns  (clk_out2_pll rise@0.000ns - clk_out1_pll rise@0.000ns)
  Data Path Delay:        0.633ns  (logic 0.118ns (18.635%)  route 0.515ns (81.365%))
  Logic Levels:           0  
  Clock Path Skew:        0.237ns (DCD - SCD - CPR)
    Destination Clock Delay (DCD):    -0.715ns
    Source Clock Delay      (SCD):    -0.469ns
    Clock Pessimism Removal (CPR):    -0.484ns
  Clock Uncertainty:      0.206ns  ((TSJ^2 + DJ^2)^1/2) / 2 + PE
    Total System Jitter     (TSJ):    0.071ns
    Discrete Jitter          (DJ):    0.157ns
    Phase Error              (PE):    0.120ns

    Location             Delay type                Incr(ns)  Path(ns)    Netlist Resource(s)
  -------------------------------------------------------------------    -------------------
                         (clock clk_out1_pll rise edge)
                                                      0.000     0.000 r  
    AD12                                              0.000     0.000 r  i_sys_clk_p (IN)
                         net (fo=0)                   0.000     0.000    pll_inst/inst/clk_in1_p
    AD12                 IBUFDS (Prop_ibufds_I_O)     0.388     0.388 r  pll_inst/inst/clkin1_ibufgds/O
                         net (fo=1, routed)           0.503     0.891    pll_inst/inst/clk_in1_pll
    PLLE2_ADV_X1Y1       PLLE2_ADV (Prop_plle2_adv_CLKIN1_CLKOUT0)
                                                     -2.908    -2.017 r  pll_inst/inst/plle2_adv_inst/CLKOUT0
                         net (fo=1, routed)           0.958    -1.059    pll_inst/inst/clk_out1_pll
    BUFGCTRL_X0Y1        BUFG (Prop_bufg_I_O)         0.026    -1.033 r  pll_inst/inst/clkout1_buf/O
                         net (fo=354, routed)         0.564    -0.469    twin_controller_inst/clk_out1
    SLICE_X46Y176        FDCE                                         r  twin_controller_inst/sw_reg[12]/C
  -------------------------------------------------------------------    -------------------
    SLICE_X46Y176        FDCE (Prop_fdce_C_Q)         0.118    -0.351 r  twin_controller_inst/sw_reg[12]/Q
                         net (fo=3, routed)           0.515     0.165    student_top_inst/bridge_inst/virtual_sw[12]
    SLICE_X50Y173        FDCE                                         r  student_top_inst/bridge_inst/sw_sync1_reg[12]/D
  -------------------------------------------------------------------    -------------------

                         (clock clk_out2_pll rise edge)
                                                      0.000     0.000 r  
    AD12                                              0.000     0.000 r  i_sys_clk_p (IN)
                         net (fo=0)                   0.000     0.000    pll_inst/inst/clk_in1_p
    AD12                 IBUFDS (Prop_ibufds_I_O)     0.470     0.470 r  pll_inst/inst/clkin1_ibufgds/O
                         net (fo=1, routed)           0.554     1.024    pll_inst/inst/clk_in1_pll
    PLLE2_ADV_X1Y1       PLLE2_ADV (Prop_plle2_adv_CLKIN1_CLKOUT1)
                                                     -3.524    -2.500 r  pll_inst/inst/plle2_adv_inst/CLKOUT1
                         net (fo=1, routed)           1.027    -1.473    pll_inst/inst/clk_out2_pll
    BUFGCTRL_X0Y0        BUFG (Prop_bufg_I_O)         0.030    -1.443 r  pll_inst/inst/clkout2_buf/O
                         net (fo=2038, routed)        0.728    -0.715    student_top_inst/bridge_inst/clk_out2
    SLICE_X50Y173        FDCE                                         r  student_top_inst/bridge_inst/sw_sync1_reg[12]/C
                         clock pessimism              0.484    -0.232    
                         clock uncertainty            0.206    -0.025    
    SLICE_X50Y173        FDCE (Hold_fdce_C_D)         0.037     0.012    student_top_inst/bridge_inst/sw_sync1_reg[12]
  -------------------------------------------------------------------
                         required time                         -0.012    
                         arrival time                           0.165    
  -------------------------------------------------------------------
                         slack                                  0.153    

Slack (MET) :             0.155ns  (arrival time - required time)
  Source:                 twin_controller_inst/sw_reg[3]/C
                            (rising edge-triggered cell FDCE clocked by clk_out1_pll  {rise@0.000ns fall@10.000ns period=20.000ns})
  Destination:            student_top_inst/bridge_inst/sw_sync1_reg[3]/D
                            (rising edge-triggered cell FDCE clocked by clk_out2_pll  {rise@0.000ns fall@3.333ns period=6.667ns})
  Path Group:             clk_out2_pll
  Path Type:              Hold (Min at Fast Process Corner)
  Requirement:            0.000ns  (clk_out2_pll rise@0.000ns - clk_out1_pll rise@0.000ns)
  Data Path Delay:        0.675ns  (logic 0.100ns (14.824%)  route 0.575ns (85.176%))
  Logic Levels:           0  
  Clock Path Skew:        0.270ns (DCD - SCD - CPR)
    Destination Clock Delay (DCD):    -0.680ns
    Source Clock Delay      (SCD):    -0.467ns
    Clock Pessimism Removal (CPR):    -0.484ns
  Clock Uncertainty:      0.206ns  ((TSJ^2 + DJ^2)^1/2) / 2 + PE
    Total System Jitter     (TSJ):    0.071ns
    Discrete Jitter          (DJ):    0.157ns
    Phase Error              (PE):    0.120ns

    Location             Delay type                Incr(ns)  Path(ns)    Netlist Resource(s)
  -------------------------------------------------------------------    -------------------
                         (clock clk_out1_pll rise edge)
                                                      0.000     0.000 r  
    AD12                                              0.000     0.000 r  i_sys_clk_p (IN)
                         net (fo=0)                   0.000     0.000    pll_inst/inst/clk_in1_p
    AD12                 IBUFDS (Prop_ibufds_I_O)     0.388     0.388 r  pll_inst/inst/clkin1_ibufgds/O
                         net (fo=1, routed)           0.503     0.891    pll_inst/inst/clk_in1_pll
    PLLE2_ADV_X1Y1       PLLE2_ADV (Prop_plle2_adv_CLKIN1_CLKOUT0)
                                                     -2.908    -2.017 r  pll_inst/inst/plle2_adv_inst/CLKOUT0
                         net (fo=1, routed)           0.958    -1.059    pll_inst/inst/clk_out1_pll
    BUFGCTRL_X0Y1        BUFG (Prop_bufg_I_O)         0.026    -1.033 r  pll_inst/inst/clkout1_buf/O
                         net (fo=354, routed)         0.566    -0.467    twin_controller_inst/clk_out1
    SLICE_X48Y178        FDCE                                         r  twin_controller_inst/sw_reg[3]/C
  -------------------------------------------------------------------    -------------------
    SLICE_X48Y178        FDCE (Prop_fdce_C_Q)         0.100    -0.367 r  twin_controller_inst/sw_reg[3]/Q
                         net (fo=3, routed)           0.575     0.208    student_top_inst/bridge_inst/virtual_sw[3]
    SLICE_X49Y178        FDCE                                         r  student_top_inst/bridge_inst/sw_sync1_reg[3]/D
  -------------------------------------------------------------------    -------------------

                         (clock clk_out2_pll rise edge)
                                                      0.000     0.000 r  
    AD12                                              0.000     0.000 r  i_sys_clk_p (IN)
                         net (fo=0)                   0.000     0.000    pll_inst/inst/clk_in1_p
    AD12                 IBUFDS (Prop_ibufds_I_O)     0.470     0.470 r  pll_inst/inst/clkin1_ibufgds/O
                         net (fo=1, routed)           0.554     1.024    pll_inst/inst/clk_in1_pll
    PLLE2_ADV_X1Y1       PLLE2_ADV (Prop_plle2_adv_CLKIN1_CLKOUT1)
                                                     -3.524    -2.500 r  pll_inst/inst/plle2_adv_inst/CLKOUT1
                         net (fo=1, routed)           1.027    -1.473    pll_inst/inst/clk_out2_pll
    BUFGCTRL_X0Y0        BUFG (Prop_bufg_I_O)         0.030    -1.443 r  pll_inst/inst/clkout2_buf/O
                         net (fo=2038, routed)        0.763    -0.680    student_top_inst/bridge_inst/clk_out2
    SLICE_X49Y178        FDCE                                         r  student_top_inst/bridge_inst/sw_sync1_reg[3]/C
                         clock pessimism              0.484    -0.197    
                         clock uncertainty            0.206     0.010    
    SLICE_X49Y178        FDCE (Hold_fdce_C_D)         0.043     0.053    student_top_inst/bridge_inst/sw_sync1_reg[3]
  -------------------------------------------------------------------
                         required time                         -0.053    
                         arrival time                           0.208    
  -------------------------------------------------------------------
                         slack                                  0.155    

Slack (MET) :             0.156ns  (arrival time - required time)
  Source:                 twin_controller_inst/sw_reg[5]/C
                            (rising edge-triggered cell FDCE clocked by clk_out1_pll  {rise@0.000ns fall@10.000ns period=20.000ns})
  Destination:            student_top_inst/bridge_inst/sw_sync1_reg[5]/D
                            (rising edge-triggered cell FDCE clocked by clk_out2_pll  {rise@0.000ns fall@3.333ns period=6.667ns})
  Path Group:             clk_out2_pll
  Path Type:              Hold (Min at Fast Process Corner)
  Requirement:            0.000ns  (clk_out2_pll rise@0.000ns - clk_out1_pll rise@0.000ns)
  Data Path Delay:        0.670ns  (logic 0.100ns (14.919%)  route 0.570ns (85.081%))
  Logic Levels:           0  
  Clock Path Skew:        0.265ns (DCD - SCD - CPR)
    Destination Clock Delay (DCD):    -0.682ns
    Source Clock Delay      (SCD):    -0.464ns
    Clock Pessimism Removal (CPR):    -0.484ns
  Clock Uncertainty:      0.206ns  ((TSJ^2 + DJ^2)^1/2) / 2 + PE
    Total System Jitter     (TSJ):    0.071ns
    Discrete Jitter          (DJ):    0.157ns
    Phase Error              (PE):    0.120ns

    Location             Delay type                Incr(ns)  Path(ns)    Netlist Resource(s)
  -------------------------------------------------------------------    -------------------
                         (clock clk_out1_pll rise edge)
                                                      0.000     0.000 r  
    AD12                                              0.000     0.000 r  i_sys_clk_p (IN)
                         net (fo=0)                   0.000     0.000    pll_inst/inst/clk_in1_p
    AD12                 IBUFDS (Prop_ibufds_I_O)     0.388     0.388 r  pll_inst/inst/clkin1_ibufgds/O
                         net (fo=1, routed)           0.503     0.891    pll_inst/inst/clk_in1_pll
    PLLE2_ADV_X1Y1       PLLE2_ADV (Prop_plle2_adv_CLKIN1_CLKOUT0)
                                                     -2.908    -2.017 r  pll_inst/inst/plle2_adv_inst/CLKOUT0
                         net (fo=1, routed)           0.958    -1.059    pll_inst/inst/clk_out1_pll
    BUFGCTRL_X0Y1        BUFG (Prop_bufg_I_O)         0.026    -1.033 r  pll_inst/inst/clkout1_buf/O
                         net (fo=354, routed)         0.569    -0.464    twin_controller_inst/clk_out1
    SLICE_X41Y178        FDCE                                         r  twin_controller_inst/sw_reg[5]/C
  -------------------------------------------------------------------    -------------------
    SLICE_X41Y178        FDCE (Prop_fdce_C_Q)         0.100    -0.364 r  twin_controller_inst/sw_reg[5]/Q
                         net (fo=3, routed)           0.570     0.207    student_top_inst/bridge_inst/virtual_sw[5]
    SLICE_X44Y175        FDCE                                         r  student_top_inst/bridge_inst/sw_sync1_reg[5]/D
  -------------------------------------------------------------------    -------------------

                         (clock clk_out2_pll rise edge)
                                                      0.000     0.000 r  
    AD12                                              0.000     0.000 r  i_sys_clk_p (IN)
                         net (fo=0)                   0.000     0.000    pll_inst/inst/clk_in1_p
    AD12                 IBUFDS (Prop_ibufds_I_O)     0.470     0.470 r  pll_inst/inst/clkin1_ibufgds/O
                         net (fo=1, routed)           0.554     1.024    pll_inst/inst/clk_in1_pll
    PLLE2_ADV_X1Y1       PLLE2_ADV (Prop_plle2_adv_CLKIN1_CLKOUT1)
                                                     -3.524    -2.500 r  pll_inst/inst/plle2_adv_inst/CLKOUT1
                         net (fo=1, routed)           1.027    -1.473    pll_inst/inst/clk_out2_pll
    BUFGCTRL_X0Y0        BUFG (Prop_bufg_I_O)         0.030    -1.443 r  pll_inst/inst/clkout2_buf/O
                         net (fo=2038, routed)        0.761    -0.682    student_top_inst/bridge_inst/clk_out2
    SLICE_X44Y175        FDCE                                         r  student_top_inst/bridge_inst/sw_sync1_reg[5]/C
                         clock pessimism              0.484    -0.199    
                         clock uncertainty            0.206     0.008    
    SLICE_X44Y175        FDCE (Hold_fdce_C_D)         0.043     0.051    student_top_inst/bridge_inst/sw_sync1_reg[5]
  -------------------------------------------------------------------
                         required time                         -0.051    
                         arrival time                           0.207    
  -------------------------------------------------------------------
                         slack                                  0.156    

Slack (MET) :             0.157ns  (arrival time - required time)
  Source:                 twin_controller_inst/sw_reg[62]/C
                            (rising edge-triggered cell FDCE clocked by clk_out1_pll  {rise@0.000ns fall@10.000ns period=20.000ns})
  Destination:            student_top_inst/bridge_inst/sw_sync1_reg[62]/D
                            (rising edge-triggered cell FDCE clocked by clk_out2_pll  {rise@0.000ns fall@3.333ns period=6.667ns})
  Path Group:             clk_out2_pll
  Path Type:              Hold (Min at Fast Process Corner)
  Requirement:            0.000ns  (clk_out2_pll rise@0.000ns - clk_out1_pll rise@0.000ns)
  Data Path Delay:        0.638ns  (logic 0.100ns (15.666%)  route 0.538ns (84.334%))
  Logic Levels:           0  
  Clock Path Skew:        0.237ns (DCD - SCD - CPR)
    Destination Clock Delay (DCD):    -0.710ns
    Source Clock Delay      (SCD):    -0.464ns
    Clock Pessimism Removal (CPR):    -0.484ns
  Clock Uncertainty:      0.206ns  ((TSJ^2 + DJ^2)^1/2) / 2 + PE
    Total System Jitter     (TSJ):    0.071ns
    Discrete Jitter          (DJ):    0.157ns
    Phase Error              (PE):    0.120ns

    Location             Delay type                Incr(ns)  Path(ns)    Netlist Resource(s)
  -------------------------------------------------------------------    -------------------
                         (clock clk_out1_pll rise edge)
                                                      0.000     0.000 r  
    AD12                                              0.000     0.000 r  i_sys_clk_p (IN)
                         net (fo=0)                   0.000     0.000    pll_inst/inst/clk_in1_p
    AD12                 IBUFDS (Prop_ibufds_I_O)     0.388     0.388 r  pll_inst/inst/clkin1_ibufgds/O
                         net (fo=1, routed)           0.503     0.891    pll_inst/inst/clk_in1_pll
    PLLE2_ADV_X1Y1       PLLE2_ADV (Prop_plle2_adv_CLKIN1_CLKOUT0)
                                                     -2.908    -2.017 r  pll_inst/inst/plle2_adv_inst/CLKOUT0
                         net (fo=1, routed)           0.958    -1.059    pll_inst/inst/clk_out1_pll
    BUFGCTRL_X0Y1        BUFG (Prop_bufg_I_O)         0.026    -1.033 r  pll_inst/inst/clkout1_buf/O
                         net (fo=354, routed)         0.569    -0.464    twin_controller_inst/clk_out1
    SLICE_X47Y181        FDCE                                         r  twin_controller_inst/sw_reg[62]/C
  -------------------------------------------------------------------    -------------------
    SLICE_X47Y181        FDCE (Prop_fdce_C_Q)         0.100    -0.364 r  twin_controller_inst/sw_reg[62]/Q
                         net (fo=3, routed)           0.538     0.175    student_top_inst/bridge_inst/virtual_sw[62]
    SLICE_X53Y180        FDCE                                         r  student_top_inst/bridge_inst/sw_sync1_reg[62]/D
  -------------------------------------------------------------------    -------------------

                         (clock clk_out2_pll rise edge)
                                                      0.000     0.000 r  
    AD12                                              0.000     0.000 r  i_sys_clk_p (IN)
                         net (fo=0)                   0.000     0.000    pll_inst/inst/clk_in1_p
    AD12                 IBUFDS (Prop_ibufds_I_O)     0.470     0.470 r  pll_inst/inst/clkin1_ibufgds/O
                         net (fo=1, routed)           0.554     1.024    pll_inst/inst/clk_in1_pll
    PLLE2_ADV_X1Y1       PLLE2_ADV (Prop_plle2_adv_CLKIN1_CLKOUT1)
                                                     -3.524    -2.500 r  pll_inst/inst/plle2_adv_inst/CLKOUT1
                         net (fo=1, routed)           1.027    -1.473    pll_inst/inst/clk_out2_pll
    BUFGCTRL_X0Y0        BUFG (Prop_bufg_I_O)         0.030    -1.443 r  pll_inst/inst/clkout2_buf/O
                         net (fo=2038, routed)        0.733    -0.710    student_top_inst/bridge_inst/clk_out2
    SLICE_X53Y180        FDCE                                         r  student_top_inst/bridge_inst/sw_sync1_reg[62]/C
                         clock pessimism              0.484    -0.227    
                         clock uncertainty            0.206    -0.020    
    SLICE_X53Y180        FDCE (Hold_fdce_C_D)         0.038     0.018    student_top_inst/bridge_inst/sw_sync1_reg[62]
  -------------------------------------------------------------------
                         required time                         -0.018    
                         arrival time                           0.175    
  -------------------------------------------------------------------
                         slack                                  0.157    





---------------------------------------------------------------------------------------------------
Path Group:  **async_default**
From Clock:  clk_out2_pll
  To Clock:  clk_out2_pll

Setup :            0  Failing Endpoints,  Worst Slack        1.015ns,  Total Violation        0.000ns
Hold  :            0  Failing Endpoints,  Worst Slack        0.369ns,  Total Violation        0.000ns
---------------------------------------------------------------------------------------------------


Max Delay Paths
--------------------------------------------------------------------------------------
Slack (MET) :             1.015ns  (required time - arrival time)
  Source:                 student_top_inst/rst_sr_reg[0]/C
                            (rising edge-triggered cell FDPE clocked by clk_out2_pll  {rise@0.000ns fall@3.333ns period=6.667ns})
  Destination:            student_top_inst/bridge_inst/seg_output_reg_reg[38]_lopt_replica_2/CLR
                            (recovery check against rising-edge clock clk_out2_pll  {rise@0.000ns fall@3.333ns period=6.667ns})
  Path Group:             **async_default**
  Path Type:              Recovery (Max at Slow Process Corner)
  Requirement:            6.667ns  (clk_out2_pll rise@6.667ns - clk_out2_pll rise@0.000ns)
  Data Path Delay:        5.468ns  (logic 0.223ns (4.078%)  route 5.245ns (95.922%))
  Logic Levels:           0  
  Clock Path Skew:        0.043ns (DCD - SCD + CPR)
    Destination Clock Delay (DCD):    -2.206ns = ( 4.461 - 6.667 ) 
    Source Clock Delay      (SCD):    -2.625ns
    Clock Pessimism Removal (CPR):    -0.377ns
  Clock Uncertainty:      0.072ns  ((TSJ^2 + DJ^2)^1/2) / 2 + PE
    Total System Jitter     (TSJ):    0.071ns
    Discrete Jitter          (DJ):    0.126ns
    Phase Error              (PE):    0.000ns

    Location             Delay type                Incr(ns)  Path(ns)    Netlist Resource(s)
  -------------------------------------------------------------------    -------------------
                         (clock clk_out2_pll rise edge)
                                                      0.000     0.000 r  
    AD12                                              0.000     0.000 r  i_sys_clk_p (IN)
                         net (fo=0)                   0.000     0.000    pll_inst/inst/clk_in1_p
    AD12                 IBUFDS (Prop_ibufds_I_O)     0.906     0.906 r  pll_inst/inst/clkin1_ibufgds/O
                         net (fo=1, routed)           1.098     2.004    pll_inst/inst/clk_in1_pll
    PLLE2_ADV_X1Y1       PLLE2_ADV (Prop_plle2_adv_CLKIN1_CLKOUT1)
                                                     -8.058    -6.054 r  pll_inst/inst/plle2_adv_inst/CLKOUT1
                         net (fo=1, routed)           2.128    -3.926    pll_inst/inst/clk_out2_pll
    BUFGCTRL_X0Y0        BUFG (Prop_bufg_I_O)         0.093    -3.833 r  pll_inst/inst/clkout2_buf/O
                         net (fo=2038, routed)        1.208    -2.625    student_top_inst/clk_out2
    SLICE_X53Y171        FDPE                                         r  student_top_inst/rst_sr_reg[0]/C
  -------------------------------------------------------------------    -------------------
    SLICE_X53Y171        FDPE (Prop_fdpe_C_Q)         0.223    -2.402 f  student_top_inst/rst_sr_reg[0]/Q
                         net (fo=1950, routed)        5.245     2.843    student_top_inst/bridge_inst/count_reg[4][0]
    SLICE_X12Y156        FDCE                                         f  student_top_inst/bridge_inst/seg_output_reg_reg[38]_lopt_replica_2/CLR
  -------------------------------------------------------------------    -------------------

                         (clock clk_out2_pll rise edge)
                                                      6.667     6.667 r  
    AD12                                              0.000     6.667 r  i_sys_clk_p (IN)
                         net (fo=0)                   0.000     6.667    pll_inst/inst/clk_in1_p
    AD12                 IBUFDS (Prop_ibufds_I_O)     0.803     7.470 r  pll_inst/inst/clkin1_ibufgds/O
                         net (fo=1, routed)           1.001     8.471    pll_inst/inst/clk_in1_pll
    PLLE2_ADV_X1Y1       PLLE2_ADV (Prop_plle2_adv_CLKIN1_CLKOUT1)
                                                     -7.261     1.210 r  pll_inst/inst/plle2_adv_inst/CLKOUT1
                         net (fo=1, routed)           2.003     3.213    pll_inst/inst/clk_out2_pll
    BUFGCTRL_X0Y0        BUFG (Prop_bufg_I_O)         0.083     3.296 r  pll_inst/inst/clkout2_buf/O
                         net (fo=2038, routed)        1.165     4.461    student_top_inst/bridge_inst/clk_out2
    SLICE_X12Y156        FDCE                                         r  student_top_inst/bridge_inst/seg_output_reg_reg[38]_lopt_replica_2/C
                         clock pessimism             -0.377     4.084    
                         clock uncertainty           -0.072     4.012    
    SLICE_X12Y156        FDCE (Recov_fdce_C_CLR)     -0.154     3.858    student_top_inst/bridge_inst/seg_output_reg_reg[38]_lopt_replica_2
  -------------------------------------------------------------------
                         required time                          3.858    
                         arrival time                          -2.843    
  -------------------------------------------------------------------
                         slack                                  1.015    

Slack (MET) :             1.015ns  (required time - arrival time)
  Source:                 student_top_inst/rst_sr_reg[0]/C
                            (rising edge-triggered cell FDPE clocked by clk_out2_pll  {rise@0.000ns fall@3.333ns period=6.667ns})
  Destination:            student_top_inst/bridge_inst/seg_output_reg_reg[38]_lopt_replica_3/CLR
                            (recovery check against rising-edge clock clk_out2_pll  {rise@0.000ns fall@3.333ns period=6.667ns})
  Path Group:             **async_default**
  Path Type:              Recovery (Max at Slow Process Corner)
  Requirement:            6.667ns  (clk_out2_pll rise@6.667ns - clk_out2_pll rise@0.000ns)
  Data Path Delay:        5.468ns  (logic 0.223ns (4.078%)  route 5.245ns (95.922%))
  Logic Levels:           0  
  Clock Path Skew:        0.043ns (DCD - SCD + CPR)
    Destination Clock Delay (DCD):    -2.206ns = ( 4.461 - 6.667 ) 
    Source Clock Delay      (SCD):    -2.625ns
    Clock Pessimism Removal (CPR):    -0.377ns
  Clock Uncertainty:      0.072ns  ((TSJ^2 + DJ^2)^1/2) / 2 + PE
    Total System Jitter     (TSJ):    0.071ns
    Discrete Jitter          (DJ):    0.126ns
    Phase Error              (PE):    0.000ns

    Location             Delay type                Incr(ns)  Path(ns)    Netlist Resource(s)
  -------------------------------------------------------------------    -------------------
                         (clock clk_out2_pll rise edge)
                                                      0.000     0.000 r  
    AD12                                              0.000     0.000 r  i_sys_clk_p (IN)
                         net (fo=0)                   0.000     0.000    pll_inst/inst/clk_in1_p
    AD12                 IBUFDS (Prop_ibufds_I_O)     0.906     0.906 r  pll_inst/inst/clkin1_ibufgds/O
                         net (fo=1, routed)           1.098     2.004    pll_inst/inst/clk_in1_pll
    PLLE2_ADV_X1Y1       PLLE2_ADV (Prop_plle2_adv_CLKIN1_CLKOUT1)
                                                     -8.058    -6.054 r  pll_inst/inst/plle2_adv_inst/CLKOUT1
                         net (fo=1, routed)           2.128    -3.926    pll_inst/inst/clk_out2_pll
    BUFGCTRL_X0Y0        BUFG (Prop_bufg_I_O)         0.093    -3.833 r  pll_inst/inst/clkout2_buf/O
                         net (fo=2038, routed)        1.208    -2.625    student_top_inst/clk_out2
    SLICE_X53Y171        FDPE                                         r  student_top_inst/rst_sr_reg[0]/C
  -------------------------------------------------------------------    -------------------
    SLICE_X53Y171        FDPE (Prop_fdpe_C_Q)         0.223    -2.402 f  student_top_inst/rst_sr_reg[0]/Q
                         net (fo=1950, routed)        5.245     2.843    student_top_inst/bridge_inst/count_reg[4][0]
    SLICE_X12Y156        FDCE                                         f  student_top_inst/bridge_inst/seg_output_reg_reg[38]_lopt_replica_3/CLR
  -------------------------------------------------------------------    -------------------

                         (clock clk_out2_pll rise edge)
                                                      6.667     6.667 r  
    AD12                                              0.000     6.667 r  i_sys_clk_p (IN)
                         net (fo=0)                   0.000     6.667    pll_inst/inst/clk_in1_p
    AD12                 IBUFDS (Prop_ibufds_I_O)     0.803     7.470 r  pll_inst/inst/clkin1_ibufgds/O
                         net (fo=1, routed)           1.001     8.471    pll_inst/inst/clk_in1_pll
    PLLE2_ADV_X1Y1       PLLE2_ADV (Prop_plle2_adv_CLKIN1_CLKOUT1)
                                                     -7.261     1.210 r  pll_inst/inst/plle2_adv_inst/CLKOUT1
                         net (fo=1, routed)           2.003     3.213    pll_inst/inst/clk_out2_pll
    BUFGCTRL_X0Y0        BUFG (Prop_bufg_I_O)         0.083     3.296 r  pll_inst/inst/clkout2_buf/O
                         net (fo=2038, routed)        1.165     4.461    student_top_inst/bridge_inst/clk_out2
    SLICE_X12Y156        FDCE                                         r  student_top_inst/bridge_inst/seg_output_reg_reg[38]_lopt_replica_3/C
                         clock pessimism             -0.377     4.084    
                         clock uncertainty           -0.072     4.012    
    SLICE_X12Y156        FDCE (Recov_fdce_C_CLR)     -0.154     3.858    student_top_inst/bridge_inst/seg_output_reg_reg[38]_lopt_replica_3
  -------------------------------------------------------------------
                         required time                          3.858    
                         arrival time                          -2.843    
  -------------------------------------------------------------------
                         slack                                  1.015    

Slack (MET) :             1.347ns  (required time - arrival time)
  Source:                 student_top_inst/rst_sr_reg[0]/C
                            (rising edge-triggered cell FDPE clocked by clk_out2_pll  {rise@0.000ns fall@3.333ns period=6.667ns})
  Destination:            student_top_inst/Core_cpu/if_stage/if_instr_reg[31]/CLR
                            (recovery check against rising-edge clock clk_out2_pll  {rise@0.000ns fall@3.333ns period=6.667ns})
  Path Group:             **async_default**
  Path Type:              Recovery (Max at Slow Process Corner)
  Requirement:            6.667ns  (clk_out2_pll rise@6.667ns - clk_out2_pll rise@0.000ns)
  Data Path Delay:        4.970ns  (logic 0.223ns (4.487%)  route 4.747ns (95.513%))
  Logic Levels:           0  
  Clock Path Skew:        -0.065ns (DCD - SCD + CPR)
    Destination Clock Delay (DCD):    -2.228ns = ( 4.439 - 6.667 ) 
    Source Clock Delay      (SCD):    -2.625ns
    Clock Pessimism Removal (CPR):    -0.463ns
  Clock Uncertainty:      0.072ns  ((TSJ^2 + DJ^2)^1/2) / 2 + PE
    Total System Jitter     (TSJ):    0.071ns
    Discrete Jitter          (DJ):    0.126ns
    Phase Error              (PE):    0.000ns

    Location             Delay type                Incr(ns)  Path(ns)    Netlist Resource(s)
  -------------------------------------------------------------------    -------------------
                         (clock clk_out2_pll rise edge)
                                                      0.000     0.000 r  
    AD12                                              0.000     0.000 r  i_sys_clk_p (IN)
                         net (fo=0)                   0.000     0.000    pll_inst/inst/clk_in1_p
    AD12                 IBUFDS (Prop_ibufds_I_O)     0.906     0.906 r  pll_inst/inst/clkin1_ibufgds/O
                         net (fo=1, routed)           1.098     2.004    pll_inst/inst/clk_in1_pll
    PLLE2_ADV_X1Y1       PLLE2_ADV (Prop_plle2_adv_CLKIN1_CLKOUT1)
                                                     -8.058    -6.054 r  pll_inst/inst/plle2_adv_inst/CLKOUT1
                         net (fo=1, routed)           2.128    -3.926    pll_inst/inst/clk_out2_pll
    BUFGCTRL_X0Y0        BUFG (Prop_bufg_I_O)         0.093    -3.833 r  pll_inst/inst/clkout2_buf/O
                         net (fo=2038, routed)        1.208    -2.625    student_top_inst/clk_out2
    SLICE_X53Y171        FDPE                                         r  student_top_inst/rst_sr_reg[0]/C
  -------------------------------------------------------------------    -------------------
    SLICE_X53Y171        FDPE (Prop_fdpe_C_Q)         0.223    -2.402 f  student_top_inst/rst_sr_reg[0]/Q
                         net (fo=1950, routed)        4.747     2.344    student_top_inst/Core_cpu/if_stage/Q[0]
    SLICE_X35Y204        FDCE                                         f  student_top_inst/Core_cpu/if_stage/if_instr_reg[31]/CLR
  -------------------------------------------------------------------    -------------------

                         (clock clk_out2_pll rise edge)
                                                      6.667     6.667 r  
    AD12                                              0.000     6.667 r  i_sys_clk_p (IN)
                         net (fo=0)                   0.000     6.667    pll_inst/inst/clk_in1_p
    AD12                 IBUFDS (Prop_ibufds_I_O)     0.803     7.470 r  pll_inst/inst/clkin1_ibufgds/O
                         net (fo=1, routed)           1.001     8.471    pll_inst/inst/clk_in1_pll
    PLLE2_ADV_X1Y1       PLLE2_ADV (Prop_plle2_adv_CLKIN1_CLKOUT1)
                                                     -7.261     1.210 r  pll_inst/inst/plle2_adv_inst/CLKOUT1
                         net (fo=1, routed)           2.003     3.213    pll_inst/inst/clk_out2_pll
    BUFGCTRL_X0Y0        BUFG (Prop_bufg_I_O)         0.083     3.296 r  pll_inst/inst/clkout2_buf/O
                         net (fo=2038, routed)        1.143     4.439    student_top_inst/Core_cpu/if_stage/clk_out2
    SLICE_X35Y204        FDCE                                         r  student_top_inst/Core_cpu/if_stage/if_instr_reg[31]/C
                         clock pessimism             -0.463     3.976    
                         clock uncertainty           -0.072     3.904    
    SLICE_X35Y204        FDCE (Recov_fdce_C_CLR)     -0.212     3.692    student_top_inst/Core_cpu/if_stage/if_instr_reg[31]
  -------------------------------------------------------------------
                         required time                          3.692    
                         arrival time                          -2.344    
  -------------------------------------------------------------------
                         slack                                  1.347    

Slack (MET) :             1.386ns  (required time - arrival time)
  Source:                 student_top_inst/rst_sr_reg[0]/C
                            (rising edge-triggered cell FDPE clocked by clk_out2_pll  {rise@0.000ns fall@3.333ns period=6.667ns})
  Destination:            student_top_inst/bridge_inst/seg_output_reg_reg[39]_lopt_replica_2/CLR
                            (recovery check against rising-edge clock clk_out2_pll  {rise@0.000ns fall@3.333ns period=6.667ns})
  Path Group:             **async_default**
  Path Type:              Recovery (Max at Slow Process Corner)
  Requirement:            6.667ns  (clk_out2_pll rise@6.667ns - clk_out2_pll rise@0.000ns)
  Data Path Delay:        5.090ns  (logic 0.223ns (4.381%)  route 4.867ns (95.619%))
  Logic Levels:           0  
  Clock Path Skew:        0.036ns (DCD - SCD + CPR)
    Destination Clock Delay (DCD):    -2.213ns = ( 4.454 - 6.667 ) 
    Source Clock Delay      (SCD):    -2.625ns
    Clock Pessimism Removal (CPR):    -0.377ns
  Clock Uncertainty:      0.072ns  ((TSJ^2 + DJ^2)^1/2) / 2 + PE
    Total System Jitter     (TSJ):    0.071ns
    Discrete Jitter          (DJ):    0.126ns
    Phase Error              (PE):    0.000ns

    Location             Delay type                Incr(ns)  Path(ns)    Netlist Resource(s)
  -------------------------------------------------------------------    -------------------
                         (clock clk_out2_pll rise edge)
                                                      0.000     0.000 r  
    AD12                                              0.000     0.000 r  i_sys_clk_p (IN)
                         net (fo=0)                   0.000     0.000    pll_inst/inst/clk_in1_p
    AD12                 IBUFDS (Prop_ibufds_I_O)     0.906     0.906 r  pll_inst/inst/clkin1_ibufgds/O
                         net (fo=1, routed)           1.098     2.004    pll_inst/inst/clk_in1_pll
    PLLE2_ADV_X1Y1       PLLE2_ADV (Prop_plle2_adv_CLKIN1_CLKOUT1)
                                                     -8.058    -6.054 r  pll_inst/inst/plle2_adv_inst/CLKOUT1
                         net (fo=1, routed)           2.128    -3.926    pll_inst/inst/clk_out2_pll
    BUFGCTRL_X0Y0        BUFG (Prop_bufg_I_O)         0.093    -3.833 r  pll_inst/inst/clkout2_buf/O
                         net (fo=2038, routed)        1.208    -2.625    student_top_inst/clk_out2
    SLICE_X53Y171        FDPE                                         r  student_top_inst/rst_sr_reg[0]/C
  -------------------------------------------------------------------    -------------------
    SLICE_X53Y171        FDPE (Prop_fdpe_C_Q)         0.223    -2.402 f  student_top_inst/rst_sr_reg[0]/Q
                         net (fo=1950, routed)        4.867     2.465    student_top_inst/bridge_inst/count_reg[4][0]
    SLICE_X10Y168        FDCE                                         f  student_top_inst/bridge_inst/seg_output_reg_reg[39]_lopt_replica_2/CLR
  -------------------------------------------------------------------    -------------------

                         (clock clk_out2_pll rise edge)
                                                      6.667     6.667 r  
    AD12                                              0.000     6.667 r  i_sys_clk_p (IN)
                         net (fo=0)                   0.000     6.667    pll_inst/inst/clk_in1_p
    AD12                 IBUFDS (Prop_ibufds_I_O)     0.803     7.470 r  pll_inst/inst/clkin1_ibufgds/O
                         net (fo=1, routed)           1.001     8.471    pll_inst/inst/clk_in1_pll
    PLLE2_ADV_X1Y1       PLLE2_ADV (Prop_plle2_adv_CLKIN1_CLKOUT1)
                                                     -7.261     1.210 r  pll_inst/inst/plle2_adv_inst/CLKOUT1
                         net (fo=1, routed)           2.003     3.213    pll_inst/inst/clk_out2_pll
    BUFGCTRL_X0Y0        BUFG (Prop_bufg_I_O)         0.083     3.296 r  pll_inst/inst/clkout2_buf/O
                         net (fo=2038, routed)        1.158     4.454    student_top_inst/bridge_inst/clk_out2
    SLICE_X10Y168        FDCE                                         r  student_top_inst/bridge_inst/seg_output_reg_reg[39]_lopt_replica_2/C
                         clock pessimism             -0.377     4.077    
                         clock uncertainty           -0.072     4.005    
    SLICE_X10Y168        FDCE (Recov_fdce_C_CLR)     -0.154     3.851    student_top_inst/bridge_inst/seg_output_reg_reg[39]_lopt_replica_2
  -------------------------------------------------------------------
                         required time                          3.851    
                         arrival time                          -2.465    
  -------------------------------------------------------------------
                         slack                                  1.386    

Slack (MET) :             1.386ns  (required time - arrival time)
  Source:                 student_top_inst/rst_sr_reg[0]/C
                            (rising edge-triggered cell FDPE clocked by clk_out2_pll  {rise@0.000ns fall@3.333ns period=6.667ns})
  Destination:            student_top_inst/bridge_inst/seg_output_reg_reg[39]_lopt_replica_3/CLR
                            (recovery check against rising-edge clock clk_out2_pll  {rise@0.000ns fall@3.333ns period=6.667ns})
  Path Group:             **async_default**
  Path Type:              Recovery (Max at Slow Process Corner)
  Requirement:            6.667ns  (clk_out2_pll rise@6.667ns - clk_out2_pll rise@0.000ns)
  Data Path Delay:        5.090ns  (logic 0.223ns (4.381%)  route 4.867ns (95.619%))
  Logic Levels:           0  
  Clock Path Skew:        0.036ns (DCD - SCD + CPR)
    Destination Clock Delay (DCD):    -2.213ns = ( 4.454 - 6.667 ) 
    Source Clock Delay      (SCD):    -2.625ns
    Clock Pessimism Removal (CPR):    -0.377ns
  Clock Uncertainty:      0.072ns  ((TSJ^2 + DJ^2)^1/2) / 2 + PE
    Total System Jitter     (TSJ):    0.071ns
    Discrete Jitter          (DJ):    0.126ns
    Phase Error              (PE):    0.000ns

    Location             Delay type                Incr(ns)  Path(ns)    Netlist Resource(s)
  -------------------------------------------------------------------    -------------------
                         (clock clk_out2_pll rise edge)
                                                      0.000     0.000 r  
    AD12                                              0.000     0.000 r  i_sys_clk_p (IN)
                         net (fo=0)                   0.000     0.000    pll_inst/inst/clk_in1_p
    AD12                 IBUFDS (Prop_ibufds_I_O)     0.906     0.906 r  pll_inst/inst/clkin1_ibufgds/O
                         net (fo=1, routed)           1.098     2.004    pll_inst/inst/clk_in1_pll
    PLLE2_ADV_X1Y1       PLLE2_ADV (Prop_plle2_adv_CLKIN1_CLKOUT1)
                                                     -8.058    -6.054 r  pll_inst/inst/plle2_adv_inst/CLKOUT1
                         net (fo=1, routed)           2.128    -3.926    pll_inst/inst/clk_out2_pll
    BUFGCTRL_X0Y0        BUFG (Prop_bufg_I_O)         0.093    -3.833 r  pll_inst/inst/clkout2_buf/O
                         net (fo=2038, routed)        1.208    -2.625    student_top_inst/clk_out2
    SLICE_X53Y171        FDPE                                         r  student_top_inst/rst_sr_reg[0]/C
  -------------------------------------------------------------------    -------------------
    SLICE_X53Y171        FDPE (Prop_fdpe_C_Q)         0.223    -2.402 f  student_top_inst/rst_sr_reg[0]/Q
                         net (fo=1950, routed)        4.867     2.465    student_top_inst/bridge_inst/count_reg[4][0]
    SLICE_X10Y168        FDCE                                         f  student_top_inst/bridge_inst/seg_output_reg_reg[39]_lopt_replica_3/CLR
  -------------------------------------------------------------------    -------------------

                         (clock clk_out2_pll rise edge)
                                                      6.667     6.667 r  
    AD12                                              0.000     6.667 r  i_sys_clk_p (IN)
                         net (fo=0)                   0.000     6.667    pll_inst/inst/clk_in1_p
    AD12                 IBUFDS (Prop_ibufds_I_O)     0.803     7.470 r  pll_inst/inst/clkin1_ibufgds/O
                         net (fo=1, routed)           1.001     8.471    pll_inst/inst/clk_in1_pll
    PLLE2_ADV_X1Y1       PLLE2_ADV (Prop_plle2_adv_CLKIN1_CLKOUT1)
                                                     -7.261     1.210 r  pll_inst/inst/plle2_adv_inst/CLKOUT1
                         net (fo=1, routed)           2.003     3.213    pll_inst/inst/clk_out2_pll
    BUFGCTRL_X0Y0        BUFG (Prop_bufg_I_O)         0.083     3.296 r  pll_inst/inst/clkout2_buf/O
                         net (fo=2038, routed)        1.158     4.454    student_top_inst/bridge_inst/clk_out2
    SLICE_X10Y168        FDCE                                         r  student_top_inst/bridge_inst/seg_output_reg_reg[39]_lopt_replica_3/C
                         clock pessimism             -0.377     4.077    
                         clock uncertainty           -0.072     4.005    
    SLICE_X10Y168        FDCE (Recov_fdce_C_CLR)     -0.154     3.851    student_top_inst/bridge_inst/seg_output_reg_reg[39]_lopt_replica_3
  -------------------------------------------------------------------
                         required time                          3.851    
                         arrival time                          -2.465    
  -------------------------------------------------------------------
                         slack                                  1.386    

Slack (MET) :             1.522ns  (required time - arrival time)
  Source:                 student_top_inst/rst_sr_reg[0]/C
                            (rising edge-triggered cell FDPE clocked by clk_out2_pll  {rise@0.000ns fall@3.333ns period=6.667ns})
  Destination:            student_top_inst/Core_cpu/if_stage/if_instr_reg[26]/CLR
                            (recovery check against rising-edge clock clk_out2_pll  {rise@0.000ns fall@3.333ns period=6.667ns})
  Path Group:             **async_default**
  Path Type:              Recovery (Max at Slow Process Corner)
  Requirement:            6.667ns  (clk_out2_pll rise@6.667ns - clk_out2_pll rise@0.000ns)
  Data Path Delay:        4.792ns  (logic 0.223ns (4.654%)  route 4.569ns (95.346%))
  Logic Levels:           0  
  Clock Path Skew:        -0.068ns (DCD - SCD + CPR)
    Destination Clock Delay (DCD):    -2.231ns = ( 4.436 - 6.667 ) 
    Source Clock Delay      (SCD):    -2.625ns
    Clock Pessimism Removal (CPR):    -0.463ns
  Clock Uncertainty:      0.072ns  ((TSJ^2 + DJ^2)^1/2) / 2 + PE
    Total System Jitter     (TSJ):    0.071ns
    Discrete Jitter          (DJ):    0.126ns
    Phase Error              (PE):    0.000ns

    Location             Delay type                Incr(ns)  Path(ns)    Netlist Resource(s)
  -------------------------------------------------------------------    -------------------
                         (clock clk_out2_pll rise edge)
                                                      0.000     0.000 r  
    AD12                                              0.000     0.000 r  i_sys_clk_p (IN)
                         net (fo=0)                   0.000     0.000    pll_inst/inst/clk_in1_p
    AD12                 IBUFDS (Prop_ibufds_I_O)     0.906     0.906 r  pll_inst/inst/clkin1_ibufgds/O
                         net (fo=1, routed)           1.098     2.004    pll_inst/inst/clk_in1_pll
    PLLE2_ADV_X1Y1       PLLE2_ADV (Prop_plle2_adv_CLKIN1_CLKOUT1)
                                                     -8.058    -6.054 r  pll_inst/inst/plle2_adv_inst/CLKOUT1
                         net (fo=1, routed)           2.128    -3.926    pll_inst/inst/clk_out2_pll
    BUFGCTRL_X0Y0        BUFG (Prop_bufg_I_O)         0.093    -3.833 r  pll_inst/inst/clkout2_buf/O
                         net (fo=2038, routed)        1.208    -2.625    student_top_inst/clk_out2
    SLICE_X53Y171        FDPE                                         r  student_top_inst/rst_sr_reg[0]/C
  -------------------------------------------------------------------    -------------------
    SLICE_X53Y171        FDPE (Prop_fdpe_C_Q)         0.223    -2.402 f  student_top_inst/rst_sr_reg[0]/Q
                         net (fo=1950, routed)        4.569     2.167    student_top_inst/Core_cpu/if_stage/Q[0]
    SLICE_X37Y203        FDCE                                         f  student_top_inst/Core_cpu/if_stage/if_instr_reg[26]/CLR
  -------------------------------------------------------------------    -------------------

                         (clock clk_out2_pll rise edge)
                                                      6.667     6.667 r  
    AD12                                              0.000     6.667 r  i_sys_clk_p (IN)
                         net (fo=0)                   0.000     6.667    pll_inst/inst/clk_in1_p
    AD12                 IBUFDS (Prop_ibufds_I_O)     0.803     7.470 r  pll_inst/inst/clkin1_ibufgds/O
                         net (fo=1, routed)           1.001     8.471    pll_inst/inst/clk_in1_pll
    PLLE2_ADV_X1Y1       PLLE2_ADV (Prop_plle2_adv_CLKIN1_CLKOUT1)
                                                     -7.261     1.210 r  pll_inst/inst/plle2_adv_inst/CLKOUT1
                         net (fo=1, routed)           2.003     3.213    pll_inst/inst/clk_out2_pll
    BUFGCTRL_X0Y0        BUFG (Prop_bufg_I_O)         0.083     3.296 r  pll_inst/inst/clkout2_buf/O
                         net (fo=2038, routed)        1.140     4.436    student_top_inst/Core_cpu/if_stage/clk_out2
    SLICE_X37Y203        FDCE                                         r  student_top_inst/Core_cpu/if_stage/if_instr_reg[26]/C
                         clock pessimism             -0.463     3.973    
                         clock uncertainty           -0.072     3.901    
    SLICE_X37Y203        FDCE (Recov_fdce_C_CLR)     -0.212     3.689    student_top_inst/Core_cpu/if_stage/if_instr_reg[26]
  -------------------------------------------------------------------
                         required time                          3.689    
                         arrival time                          -2.167    
  -------------------------------------------------------------------
                         slack                                  1.522    

Slack (MET) :             1.556ns  (required time - arrival time)
  Source:                 student_top_inst/rst_sr_reg[0]/C
                            (rising edge-triggered cell FDPE clocked by clk_out2_pll  {rise@0.000ns fall@3.333ns period=6.667ns})
  Destination:            student_top_inst/Core_cpu/if_stage/if_instr_reg[27]/CLR
                            (recovery check against rising-edge clock clk_out2_pll  {rise@0.000ns fall@3.333ns period=6.667ns})
  Path Group:             **async_default**
  Path Type:              Recovery (Max at Slow Process Corner)
  Requirement:            6.667ns  (clk_out2_pll rise@6.667ns - clk_out2_pll rise@0.000ns)
  Data Path Delay:        4.814ns  (logic 0.223ns (4.632%)  route 4.591ns (95.368%))
  Logic Levels:           0  
  Clock Path Skew:        -0.070ns (DCD - SCD + CPR)
    Destination Clock Delay (DCD):    -2.233ns = ( 4.434 - 6.667 ) 
    Source Clock Delay      (SCD):    -2.625ns
    Clock Pessimism Removal (CPR):    -0.463ns
  Clock Uncertainty:      0.072ns  ((TSJ^2 + DJ^2)^1/2) / 2 + PE
    Total System Jitter     (TSJ):    0.071ns
    Discrete Jitter          (DJ):    0.126ns
    Phase Error              (PE):    0.000ns

    Location             Delay type                Incr(ns)  Path(ns)    Netlist Resource(s)
  -------------------------------------------------------------------    -------------------
                         (clock clk_out2_pll rise edge)
                                                      0.000     0.000 r  
    AD12                                              0.000     0.000 r  i_sys_clk_p (IN)
                         net (fo=0)                   0.000     0.000    pll_inst/inst/clk_in1_p
    AD12                 IBUFDS (Prop_ibufds_I_O)     0.906     0.906 r  pll_inst/inst/clkin1_ibufgds/O
                         net (fo=1, routed)           1.098     2.004    pll_inst/inst/clk_in1_pll
    PLLE2_ADV_X1Y1       PLLE2_ADV (Prop_plle2_adv_CLKIN1_CLKOUT1)
                                                     -8.058    -6.054 r  pll_inst/inst/plle2_adv_inst/CLKOUT1
                         net (fo=1, routed)           2.128    -3.926    pll_inst/inst/clk_out2_pll
    BUFGCTRL_X0Y0        BUFG (Prop_bufg_I_O)         0.093    -3.833 r  pll_inst/inst/clkout2_buf/O
                         net (fo=2038, routed)        1.208    -2.625    student_top_inst/clk_out2
    SLICE_X53Y171        FDPE                                         r  student_top_inst/rst_sr_reg[0]/C
  -------------------------------------------------------------------    -------------------
    SLICE_X53Y171        FDPE (Prop_fdpe_C_Q)         0.223    -2.402 f  student_top_inst/rst_sr_reg[0]/Q
                         net (fo=1950, routed)        4.591     2.189    student_top_inst/Core_cpu/if_stage/Q[0]
    SLICE_X38Y200        FDCE                                         f  student_top_inst/Core_cpu/if_stage/if_instr_reg[27]/CLR
  -------------------------------------------------------------------    -------------------

                         (clock clk_out2_pll rise edge)
                                                      6.667     6.667 r  
    AD12                                              0.000     6.667 r  i_sys_clk_p (IN)
                         net (fo=0)                   0.000     6.667    pll_inst/inst/clk_in1_p
    AD12                 IBUFDS (Prop_ibufds_I_O)     0.803     7.470 r  pll_inst/inst/clkin1_ibufgds/O
                         net (fo=1, routed)           1.001     8.471    pll_inst/inst/clk_in1_pll
    PLLE2_ADV_X1Y1       PLLE2_ADV (Prop_plle2_adv_CLKIN1_CLKOUT1)
                                                     -7.261     1.210 r  pll_inst/inst/plle2_adv_inst/CLKOUT1
                         net (fo=1, routed)           2.003     3.213    pll_inst/inst/clk_out2_pll
    BUFGCTRL_X0Y0        BUFG (Prop_bufg_I_O)         0.083     3.296 r  pll_inst/inst/clkout2_buf/O
                         net (fo=2038, routed)        1.138     4.434    student_top_inst/Core_cpu/if_stage/clk_out2
    SLICE_X38Y200        FDCE                                         r  student_top_inst/Core_cpu/if_stage/if_instr_reg[27]/C
                         clock pessimism             -0.463     3.971    
                         clock uncertainty           -0.072     3.899    
    SLICE_X38Y200        FDCE (Recov_fdce_C_CLR)     -0.154     3.745    student_top_inst/Core_cpu/if_stage/if_instr_reg[27]
  -------------------------------------------------------------------
                         required time                          3.745    
                         arrival time                          -2.189    
  -------------------------------------------------------------------
                         slack                                  1.556    

Slack (MET) :             1.624ns  (required time - arrival time)
  Source:                 student_top_inst/rst_sr_reg[0]/C
                            (rising edge-triggered cell FDPE clocked by clk_out2_pll  {rise@0.000ns fall@3.333ns period=6.667ns})
  Destination:            student_top_inst/Core_cpu/if_stage/if_instr_reg[30]/CLR
                            (recovery check against rising-edge clock clk_out2_pll  {rise@0.000ns fall@3.333ns period=6.667ns})
  Path Group:             **async_default**
  Path Type:              Recovery (Max at Slow Process Corner)
  Requirement:            6.667ns  (clk_out2_pll rise@6.667ns - clk_out2_pll rise@0.000ns)
  Data Path Delay:        4.693ns  (logic 0.223ns (4.752%)  route 4.470ns (95.248%))
  Logic Levels:           0  
  Clock Path Skew:        -0.065ns (DCD - SCD + CPR)
    Destination Clock Delay (DCD):    -2.228ns = ( 4.439 - 6.667 ) 
    Source Clock Delay      (SCD):    -2.625ns
    Clock Pessimism Removal (CPR):    -0.463ns
  Clock Uncertainty:      0.072ns  ((TSJ^2 + DJ^2)^1/2) / 2 + PE
    Total System Jitter     (TSJ):    0.071ns
    Discrete Jitter          (DJ):    0.126ns
    Phase Error              (PE):    0.000ns

    Location             Delay type                Incr(ns)  Path(ns)    Netlist Resource(s)
  -------------------------------------------------------------------    -------------------
                         (clock clk_out2_pll rise edge)
                                                      0.000     0.000 r  
    AD12                                              0.000     0.000 r  i_sys_clk_p (IN)
                         net (fo=0)                   0.000     0.000    pll_inst/inst/clk_in1_p
    AD12                 IBUFDS (Prop_ibufds_I_O)     0.906     0.906 r  pll_inst/inst/clkin1_ibufgds/O
                         net (fo=1, routed)           1.098     2.004    pll_inst/inst/clk_in1_pll
    PLLE2_ADV_X1Y1       PLLE2_ADV (Prop_plle2_adv_CLKIN1_CLKOUT1)
                                                     -8.058    -6.054 r  pll_inst/inst/plle2_adv_inst/CLKOUT1
                         net (fo=1, routed)           2.128    -3.926    pll_inst/inst/clk_out2_pll
    BUFGCTRL_X0Y0        BUFG (Prop_bufg_I_O)         0.093    -3.833 r  pll_inst/inst/clkout2_buf/O
                         net (fo=2038, routed)        1.208    -2.625    student_top_inst/clk_out2
    SLICE_X53Y171        FDPE                                         r  student_top_inst/rst_sr_reg[0]/C
  -------------------------------------------------------------------    -------------------
    SLICE_X53Y171        FDPE (Prop_fdpe_C_Q)         0.223    -2.402 f  student_top_inst/rst_sr_reg[0]/Q
                         net (fo=1950, routed)        4.470     2.068    student_top_inst/Core_cpu/if_stage/Q[0]
    SLICE_X35Y202        FDCE                                         f  student_top_inst/Core_cpu/if_stage/if_instr_reg[30]/CLR
  -------------------------------------------------------------------    -------------------

                         (clock clk_out2_pll rise edge)
                                                      6.667     6.667 r  
    AD12                                              0.000     6.667 r  i_sys_clk_p (IN)
                         net (fo=0)                   0.000     6.667    pll_inst/inst/clk_in1_p
    AD12                 IBUFDS (Prop_ibufds_I_O)     0.803     7.470 r  pll_inst/inst/clkin1_ibufgds/O
                         net (fo=1, routed)           1.001     8.471    pll_inst/inst/clk_in1_pll
    PLLE2_ADV_X1Y1       PLLE2_ADV (Prop_plle2_adv_CLKIN1_CLKOUT1)
                                                     -7.261     1.210 r  pll_inst/inst/plle2_adv_inst/CLKOUT1
                         net (fo=1, routed)           2.003     3.213    pll_inst/inst/clk_out2_pll
    BUFGCTRL_X0Y0        BUFG (Prop_bufg_I_O)         0.083     3.296 r  pll_inst/inst/clkout2_buf/O
                         net (fo=2038, routed)        1.143     4.439    student_top_inst/Core_cpu/if_stage/clk_out2
    SLICE_X35Y202        FDCE                                         r  student_top_inst/Core_cpu/if_stage/if_instr_reg[30]/C
                         clock pessimism             -0.463     3.976    
                         clock uncertainty           -0.072     3.904    
    SLICE_X35Y202        FDCE (Recov_fdce_C_CLR)     -0.212     3.692    student_top_inst/Core_cpu/if_stage/if_instr_reg[30]
  -------------------------------------------------------------------
                         required time                          3.692    
                         arrival time                          -2.068    
  -------------------------------------------------------------------
                         slack                                  1.624    

Slack (MET) :             1.640ns  (required time - arrival time)
  Source:                 student_top_inst/rst_sr_reg[0]/C
                            (rising edge-triggered cell FDPE clocked by clk_out2_pll  {rise@0.000ns fall@3.333ns period=6.667ns})
  Destination:            student_top_inst/Core_cpu/rf/reg_bank_reg[6][13]/CLR
                            (recovery check against rising-edge clock clk_out2_pll  {rise@0.000ns fall@3.333ns period=6.667ns})
  Path Group:             **async_default**
  Path Type:              Recovery (Max at Slow Process Corner)
  Requirement:            6.667ns  (clk_out2_pll rise@6.667ns - clk_out2_pll rise@0.000ns)
  Data Path Delay:        4.707ns  (logic 0.223ns (4.738%)  route 4.484ns (95.262%))
  Logic Levels:           0  
  Clock Path Skew:        -0.035ns (DCD - SCD + CPR)
    Destination Clock Delay (DCD):    -2.284ns = ( 4.383 - 6.667 ) 
    Source Clock Delay      (SCD):    -2.625ns
    Clock Pessimism Removal (CPR):    -0.377ns
  Clock Uncertainty:      0.072ns  ((TSJ^2 + DJ^2)^1/2) / 2 + PE
    Total System Jitter     (TSJ):    0.071ns
    Discrete Jitter          (DJ):    0.126ns
    Phase Error              (PE):    0.000ns

    Location             Delay type                Incr(ns)  Path(ns)    Netlist Resource(s)
  -------------------------------------------------------------------    -------------------
                         (clock clk_out2_pll rise edge)
                                                      0.000     0.000 r  
    AD12                                              0.000     0.000 r  i_sys_clk_p (IN)
                         net (fo=0)                   0.000     0.000    pll_inst/inst/clk_in1_p
    AD12                 IBUFDS (Prop_ibufds_I_O)     0.906     0.906 r  pll_inst/inst/clkin1_ibufgds/O
                         net (fo=1, routed)           1.098     2.004    pll_inst/inst/clk_in1_pll
    PLLE2_ADV_X1Y1       PLLE2_ADV (Prop_plle2_adv_CLKIN1_CLKOUT1)
                                                     -8.058    -6.054 r  pll_inst/inst/plle2_adv_inst/CLKOUT1
                         net (fo=1, routed)           2.128    -3.926    pll_inst/inst/clk_out2_pll
    BUFGCTRL_X0Y0        BUFG (Prop_bufg_I_O)         0.093    -3.833 r  pll_inst/inst/clkout2_buf/O
                         net (fo=2038, routed)        1.208    -2.625    student_top_inst/clk_out2
    SLICE_X53Y171        FDPE                                         r  student_top_inst/rst_sr_reg[0]/C
  -------------------------------------------------------------------    -------------------
    SLICE_X53Y171        FDPE (Prop_fdpe_C_Q)         0.223    -2.402 f  student_top_inst/rst_sr_reg[0]/Q
                         net (fo=1950, routed)        4.484     2.082    student_top_inst/Core_cpu/rf/Q[0]
    SLICE_X76Y193        FDCE                                         f  student_top_inst/Core_cpu/rf/reg_bank_reg[6][13]/CLR
  -------------------------------------------------------------------    -------------------

                         (clock clk_out2_pll rise edge)
                                                      6.667     6.667 r  
    AD12                                              0.000     6.667 r  i_sys_clk_p (IN)
                         net (fo=0)                   0.000     6.667    pll_inst/inst/clk_in1_p
    AD12                 IBUFDS (Prop_ibufds_I_O)     0.803     7.470 r  pll_inst/inst/clkin1_ibufgds/O
                         net (fo=1, routed)           1.001     8.471    pll_inst/inst/clk_in1_pll
    PLLE2_ADV_X1Y1       PLLE2_ADV (Prop_plle2_adv_CLKIN1_CLKOUT1)
                                                     -7.261     1.210 r  pll_inst/inst/plle2_adv_inst/CLKOUT1
                         net (fo=1, routed)           2.003     3.213    pll_inst/inst/clk_out2_pll
    BUFGCTRL_X0Y0        BUFG (Prop_bufg_I_O)         0.083     3.296 r  pll_inst/inst/clkout2_buf/O
                         net (fo=2038, routed)        1.087     4.383    student_top_inst/Core_cpu/rf/clk_out2
    SLICE_X76Y193        FDCE                                         r  student_top_inst/Core_cpu/rf/reg_bank_reg[6][13]/C
                         clock pessimism             -0.377     4.006    
                         clock uncertainty           -0.072     3.934    
    SLICE_X76Y193        FDCE (Recov_fdce_C_CLR)     -0.212     3.722    student_top_inst/Core_cpu/rf/reg_bank_reg[6][13]
  -------------------------------------------------------------------
                         required time                          3.722    
                         arrival time                          -2.082    
  -------------------------------------------------------------------
                         slack                                  1.640    

Slack (MET) :             1.692ns  (required time - arrival time)
  Source:                 student_top_inst/rst_sr_reg[0]/C
                            (rising edge-triggered cell FDPE clocked by clk_out2_pll  {rise@0.000ns fall@3.333ns period=6.667ns})
  Destination:            student_top_inst/bridge_inst/seg_output_reg_reg[39]_lopt_replica/CLR
                            (recovery check against rising-edge clock clk_out2_pll  {rise@0.000ns fall@3.333ns period=6.667ns})
  Path Group:             **async_default**
  Path Type:              Recovery (Max at Slow Process Corner)
  Requirement:            6.667ns  (clk_out2_pll rise@6.667ns - clk_out2_pll rise@0.000ns)
  Data Path Delay:        4.784ns  (logic 0.223ns (4.661%)  route 4.561ns (95.339%))
  Logic Levels:           0  
  Clock Path Skew:        0.036ns (DCD - SCD + CPR)
    Destination Clock Delay (DCD):    -2.213ns = ( 4.454 - 6.667 ) 
    Source Clock Delay      (SCD):    -2.625ns
    Clock Pessimism Removal (CPR):    -0.377ns
  Clock Uncertainty:      0.072ns  ((TSJ^2 + DJ^2)^1/2) / 2 + PE
    Total System Jitter     (TSJ):    0.071ns
    Discrete Jitter          (DJ):    0.126ns
    Phase Error              (PE):    0.000ns

    Location             Delay type                Incr(ns)  Path(ns)    Netlist Resource(s)
  -------------------------------------------------------------------    -------------------
                         (clock clk_out2_pll rise edge)
                                                      0.000     0.000 r  
    AD12                                              0.000     0.000 r  i_sys_clk_p (IN)
                         net (fo=0)                   0.000     0.000    pll_inst/inst/clk_in1_p
    AD12                 IBUFDS (Prop_ibufds_I_O)     0.906     0.906 r  pll_inst/inst/clkin1_ibufgds/O
                         net (fo=1, routed)           1.098     2.004    pll_inst/inst/clk_in1_pll
    PLLE2_ADV_X1Y1       PLLE2_ADV (Prop_plle2_adv_CLKIN1_CLKOUT1)
                                                     -8.058    -6.054 r  pll_inst/inst/plle2_adv_inst/CLKOUT1
                         net (fo=1, routed)           2.128    -3.926    pll_inst/inst/clk_out2_pll
    BUFGCTRL_X0Y0        BUFG (Prop_bufg_I_O)         0.093    -3.833 r  pll_inst/inst/clkout2_buf/O
                         net (fo=2038, routed)        1.208    -2.625    student_top_inst/clk_out2
    SLICE_X53Y171        FDPE                                         r  student_top_inst/rst_sr_reg[0]/C
  -------------------------------------------------------------------    -------------------
    SLICE_X53Y171        FDPE (Prop_fdpe_C_Q)         0.223    -2.402 f  student_top_inst/rst_sr_reg[0]/Q
                         net (fo=1950, routed)        4.561     2.159    student_top_inst/bridge_inst/count_reg[4][0]
    SLICE_X10Y181        FDCE                                         f  student_top_inst/bridge_inst/seg_output_reg_reg[39]_lopt_replica/CLR
  -------------------------------------------------------------------    -------------------

                         (clock clk_out2_pll rise edge)
                                                      6.667     6.667 r  
    AD12                                              0.000     6.667 r  i_sys_clk_p (IN)
                         net (fo=0)                   0.000     6.667    pll_inst/inst/clk_in1_p
    AD12                 IBUFDS (Prop_ibufds_I_O)     0.803     7.470 r  pll_inst/inst/clkin1_ibufgds/O
                         net (fo=1, routed)           1.001     8.471    pll_inst/inst/clk_in1_pll
    PLLE2_ADV_X1Y1       PLLE2_ADV (Prop_plle2_adv_CLKIN1_CLKOUT1)
                                                     -7.261     1.210 r  pll_inst/inst/plle2_adv_inst/CLKOUT1
                         net (fo=1, routed)           2.003     3.213    pll_inst/inst/clk_out2_pll
    BUFGCTRL_X0Y0        BUFG (Prop_bufg_I_O)         0.083     3.296 r  pll_inst/inst/clkout2_buf/O
                         net (fo=2038, routed)        1.158     4.454    student_top_inst/bridge_inst/clk_out2
    SLICE_X10Y181        FDCE                                         r  student_top_inst/bridge_inst/seg_output_reg_reg[39]_lopt_replica/C
                         clock pessimism             -0.377     4.077    
                         clock uncertainty           -0.072     4.005    
    SLICE_X10Y181        FDCE (Recov_fdce_C_CLR)     -0.154     3.851    student_top_inst/bridge_inst/seg_output_reg_reg[39]_lopt_replica
  -------------------------------------------------------------------
                         required time                          3.851    
                         arrival time                          -2.159    
  -------------------------------------------------------------------
                         slack                                  1.692    





Min Delay Paths
--------------------------------------------------------------------------------------
Slack (MET) :             0.369ns  (arrival time - required time)
  Source:                 student_top_inst/rst_sr_reg[0]/C
                            (rising edge-triggered cell FDPE clocked by clk_out2_pll  {rise@0.000ns fall@3.333ns period=6.667ns})
  Destination:            student_top_inst/Core_cpu/mem_stage/mem_wb_reg_reg[28]/CLR
                            (removal check against rising-edge clock clk_out2_pll  {rise@0.000ns fall@3.333ns period=6.667ns})
  Path Group:             **async_default**
  Path Type:              Removal (Min at Fast Process Corner)
  Requirement:            0.000ns  (clk_out2_pll rise@0.000ns - clk_out2_pll rise@0.000ns)
  Data Path Delay:        0.328ns  (logic 0.100ns (30.443%)  route 0.228ns (69.557%))
  Logic Levels:           0  
  Clock Path Skew:        0.028ns (DCD - SCD - CPR)
    Destination Clock Delay (DCD):    -0.713ns
    Source Clock Delay      (SCD):    -0.499ns
    Clock Pessimism Removal (CPR):    -0.243ns

    Location             Delay type                Incr(ns)  Path(ns)    Netlist Resource(s)
  -------------------------------------------------------------------    -------------------
                         (clock clk_out2_pll rise edge)
                                                      0.000     0.000 r  
    AD12                                              0.000     0.000 r  i_sys_clk_p (IN)
                         net (fo=0)                   0.000     0.000    pll_inst/inst/clk_in1_p
    AD12                 IBUFDS (Prop_ibufds_I_O)     0.388     0.388 r  pll_inst/inst/clkin1_ibufgds/O
                         net (fo=1, routed)           0.503     0.891    pll_inst/inst/clk_in1_pll
    PLLE2_ADV_X1Y1       PLLE2_ADV (Prop_plle2_adv_CLKIN1_CLKOUT1)
                                                     -2.908    -2.017 r  pll_inst/inst/plle2_adv_inst/CLKOUT1
                         net (fo=1, routed)           0.958    -1.059    pll_inst/inst/clk_out2_pll
    BUFGCTRL_X0Y0        BUFG (Prop_bufg_I_O)         0.026    -1.033 r  pll_inst/inst/clkout2_buf/O
                         net (fo=2038, routed)        0.534    -0.499    student_top_inst/clk_out2
    SLICE_X53Y171        FDPE                                         r  student_top_inst/rst_sr_reg[0]/C
  -------------------------------------------------------------------    -------------------
    SLICE_X53Y171        FDPE (Prop_fdpe_C_Q)         0.100    -0.399 f  student_top_inst/rst_sr_reg[0]/Q
                         net (fo=1950, routed)        0.228    -0.170    student_top_inst/Core_cpu/mem_stage/Q[0]
    SLICE_X55Y171        FDCE                                         f  student_top_inst/Core_cpu/mem_stage/mem_wb_reg_reg[28]/CLR
  -------------------------------------------------------------------    -------------------

                         (clock clk_out2_pll rise edge)
                                                      0.000     0.000 r  
    AD12                                              0.000     0.000 r  i_sys_clk_p (IN)
                         net (fo=0)                   0.000     0.000    pll_inst/inst/clk_in1_p
    AD12                 IBUFDS (Prop_ibufds_I_O)     0.470     0.470 r  pll_inst/inst/clkin1_ibufgds/O
                         net (fo=1, routed)           0.554     1.024    pll_inst/inst/clk_in1_pll
    PLLE2_ADV_X1Y1       PLLE2_ADV (Prop_plle2_adv_CLKIN1_CLKOUT1)
                                                     -3.524    -2.500 r  pll_inst/inst/plle2_adv_inst/CLKOUT1
                         net (fo=1, routed)           1.027    -1.473    pll_inst/inst/clk_out2_pll
    BUFGCTRL_X0Y0        BUFG (Prop_bufg_I_O)         0.030    -1.443 r  pll_inst/inst/clkout2_buf/O
                         net (fo=2038, routed)        0.730    -0.713    student_top_inst/Core_cpu/mem_stage/clk_out2
    SLICE_X55Y171        FDCE                                         r  student_top_inst/Core_cpu/mem_stage/mem_wb_reg_reg[28]/C
                         clock pessimism              0.243    -0.471    
    SLICE_X55Y171        FDCE (Remov_fdce_C_CLR)     -0.069    -0.540    student_top_inst/Core_cpu/mem_stage/mem_wb_reg_reg[28]
  -------------------------------------------------------------------
                         required time                          0.540    
                         arrival time                          -0.170    
  -------------------------------------------------------------------
                         slack                                  0.369    

Slack (MET) :             0.369ns  (arrival time - required time)
  Source:                 student_top_inst/rst_sr_reg[0]/C
                            (rising edge-triggered cell FDPE clocked by clk_out2_pll  {rise@0.000ns fall@3.333ns period=6.667ns})
  Destination:            student_top_inst/Core_cpu/mem_stage/mem_wb_reg_reg[60]/CLR
                            (removal check against rising-edge clock clk_out2_pll  {rise@0.000ns fall@3.333ns period=6.667ns})
  Path Group:             **async_default**
  Path Type:              Removal (Min at Fast Process Corner)
  Requirement:            0.000ns  (clk_out2_pll rise@0.000ns - clk_out2_pll rise@0.000ns)
  Data Path Delay:        0.328ns  (logic 0.100ns (30.443%)  route 0.228ns (69.557%))
  Logic Levels:           0  
  Clock Path Skew:        0.028ns (DCD - SCD - CPR)
    Destination Clock Delay (DCD):    -0.713ns
    Source Clock Delay      (SCD):    -0.499ns
    Clock Pessimism Removal (CPR):    -0.243ns

    Location             Delay type                Incr(ns)  Path(ns)    Netlist Resource(s)
  -------------------------------------------------------------------    -------------------
                         (clock clk_out2_pll rise edge)
                                                      0.000     0.000 r  
    AD12                                              0.000     0.000 r  i_sys_clk_p (IN)
                         net (fo=0)                   0.000     0.000    pll_inst/inst/clk_in1_p
    AD12                 IBUFDS (Prop_ibufds_I_O)     0.388     0.388 r  pll_inst/inst/clkin1_ibufgds/O
                         net (fo=1, routed)           0.503     0.891    pll_inst/inst/clk_in1_pll
    PLLE2_ADV_X1Y1       PLLE2_ADV (Prop_plle2_adv_CLKIN1_CLKOUT1)
                                                     -2.908    -2.017 r  pll_inst/inst/plle2_adv_inst/CLKOUT1
                         net (fo=1, routed)           0.958    -1.059    pll_inst/inst/clk_out2_pll
    BUFGCTRL_X0Y0        BUFG (Prop_bufg_I_O)         0.026    -1.033 r  pll_inst/inst/clkout2_buf/O
                         net (fo=2038, routed)        0.534    -0.499    student_top_inst/clk_out2
    SLICE_X53Y171        FDPE                                         r  student_top_inst/rst_sr_reg[0]/C
  -------------------------------------------------------------------    -------------------
    SLICE_X53Y171        FDPE (Prop_fdpe_C_Q)         0.100    -0.399 f  student_top_inst/rst_sr_reg[0]/Q
                         net (fo=1950, routed)        0.228    -0.170    student_top_inst/Core_cpu/mem_stage/Q[0]
    SLICE_X55Y171        FDCE                                         f  student_top_inst/Core_cpu/mem_stage/mem_wb_reg_reg[60]/CLR
  -------------------------------------------------------------------    -------------------

                         (clock clk_out2_pll rise edge)
                                                      0.000     0.000 r  
    AD12                                              0.000     0.000 r  i_sys_clk_p (IN)
                         net (fo=0)                   0.000     0.000    pll_inst/inst/clk_in1_p
    AD12                 IBUFDS (Prop_ibufds_I_O)     0.470     0.470 r  pll_inst/inst/clkin1_ibufgds/O
                         net (fo=1, routed)           0.554     1.024    pll_inst/inst/clk_in1_pll
    PLLE2_ADV_X1Y1       PLLE2_ADV (Prop_plle2_adv_CLKIN1_CLKOUT1)
                                                     -3.524    -2.500 r  pll_inst/inst/plle2_adv_inst/CLKOUT1
                         net (fo=1, routed)           1.027    -1.473    pll_inst/inst/clk_out2_pll
    BUFGCTRL_X0Y0        BUFG (Prop_bufg_I_O)         0.030    -1.443 r  pll_inst/inst/clkout2_buf/O
                         net (fo=2038, routed)        0.730    -0.713    student_top_inst/Core_cpu/mem_stage/clk_out2
    SLICE_X55Y171        FDCE                                         r  student_top_inst/Core_cpu/mem_stage/mem_wb_reg_reg[60]/C
                         clock pessimism              0.243    -0.471    
    SLICE_X55Y171        FDCE (Remov_fdce_C_CLR)     -0.069    -0.540    student_top_inst/Core_cpu/mem_stage/mem_wb_reg_reg[60]
  -------------------------------------------------------------------
                         required time                          0.540    
                         arrival time                          -0.170    
  -------------------------------------------------------------------
                         slack                                  0.369    

Slack (MET) :             0.369ns  (arrival time - required time)
  Source:                 student_top_inst/rst_sr_reg[0]/C
                            (rising edge-triggered cell FDPE clocked by clk_out2_pll  {rise@0.000ns fall@3.333ns period=6.667ns})
  Destination:            student_top_inst/Core_cpu/mem_stage/mem_wb_reg_reg[67]/CLR
                            (removal check against rising-edge clock clk_out2_pll  {rise@0.000ns fall@3.333ns period=6.667ns})
  Path Group:             **async_default**
  Path Type:              Removal (Min at Fast Process Corner)
  Requirement:            0.000ns  (clk_out2_pll rise@0.000ns - clk_out2_pll rise@0.000ns)
  Data Path Delay:        0.328ns  (logic 0.100ns (30.443%)  route 0.228ns (69.557%))
  Logic Levels:           0  
  Clock Path Skew:        0.028ns (DCD - SCD - CPR)
    Destination Clock Delay (DCD):    -0.713ns
    Source Clock Delay      (SCD):    -0.499ns
    Clock Pessimism Removal (CPR):    -0.243ns

    Location             Delay type                Incr(ns)  Path(ns)    Netlist Resource(s)
  -------------------------------------------------------------------    -------------------
                         (clock clk_out2_pll rise edge)
                                                      0.000     0.000 r  
    AD12                                              0.000     0.000 r  i_sys_clk_p (IN)
                         net (fo=0)                   0.000     0.000    pll_inst/inst/clk_in1_p
    AD12                 IBUFDS (Prop_ibufds_I_O)     0.388     0.388 r  pll_inst/inst/clkin1_ibufgds/O
                         net (fo=1, routed)           0.503     0.891    pll_inst/inst/clk_in1_pll
    PLLE2_ADV_X1Y1       PLLE2_ADV (Prop_plle2_adv_CLKIN1_CLKOUT1)
                                                     -2.908    -2.017 r  pll_inst/inst/plle2_adv_inst/CLKOUT1
                         net (fo=1, routed)           0.958    -1.059    pll_inst/inst/clk_out2_pll
    BUFGCTRL_X0Y0        BUFG (Prop_bufg_I_O)         0.026    -1.033 r  pll_inst/inst/clkout2_buf/O
                         net (fo=2038, routed)        0.534    -0.499    student_top_inst/clk_out2
    SLICE_X53Y171        FDPE                                         r  student_top_inst/rst_sr_reg[0]/C
  -------------------------------------------------------------------    -------------------
    SLICE_X53Y171        FDPE (Prop_fdpe_C_Q)         0.100    -0.399 f  student_top_inst/rst_sr_reg[0]/Q
                         net (fo=1950, routed)        0.228    -0.170    student_top_inst/Core_cpu/mem_stage/Q[0]
    SLICE_X55Y171        FDCE                                         f  student_top_inst/Core_cpu/mem_stage/mem_wb_reg_reg[67]/CLR
  -------------------------------------------------------------------    -------------------

                         (clock clk_out2_pll rise edge)
                                                      0.000     0.000 r  
    AD12                                              0.000     0.000 r  i_sys_clk_p (IN)
                         net (fo=0)                   0.000     0.000    pll_inst/inst/clk_in1_p
    AD12                 IBUFDS (Prop_ibufds_I_O)     0.470     0.470 r  pll_inst/inst/clkin1_ibufgds/O
                         net (fo=1, routed)           0.554     1.024    pll_inst/inst/clk_in1_pll
    PLLE2_ADV_X1Y1       PLLE2_ADV (Prop_plle2_adv_CLKIN1_CLKOUT1)
                                                     -3.524    -2.500 r  pll_inst/inst/plle2_adv_inst/CLKOUT1
                         net (fo=1, routed)           1.027    -1.473    pll_inst/inst/clk_out2_pll
    BUFGCTRL_X0Y0        BUFG (Prop_bufg_I_O)         0.030    -1.443 r  pll_inst/inst/clkout2_buf/O
                         net (fo=2038, routed)        0.730    -0.713    student_top_inst/Core_cpu/mem_stage/clk_out2
    SLICE_X55Y171        FDCE                                         r  student_top_inst/Core_cpu/mem_stage/mem_wb_reg_reg[67]/C
                         clock pessimism              0.243    -0.471    
    SLICE_X55Y171        FDCE (Remov_fdce_C_CLR)     -0.069    -0.540    student_top_inst/Core_cpu/mem_stage/mem_wb_reg_reg[67]
  -------------------------------------------------------------------
                         required time                          0.540    
                         arrival time                          -0.170    
  -------------------------------------------------------------------
                         slack                                  0.369    

Slack (MET) :             0.369ns  (arrival time - required time)
  Source:                 student_top_inst/rst_sr_reg[0]/C
                            (rising edge-triggered cell FDPE clocked by clk_out2_pll  {rise@0.000ns fall@3.333ns period=6.667ns})
  Destination:            student_top_inst/Core_cpu/mem_stage/mem_wb_reg_reg[71]/CLR
                            (removal check against rising-edge clock clk_out2_pll  {rise@0.000ns fall@3.333ns period=6.667ns})
  Path Group:             **async_default**
  Path Type:              Removal (Min at Fast Process Corner)
  Requirement:            0.000ns  (clk_out2_pll rise@0.000ns - clk_out2_pll rise@0.000ns)
  Data Path Delay:        0.328ns  (logic 0.100ns (30.443%)  route 0.228ns (69.557%))
  Logic Levels:           0  
  Clock Path Skew:        0.028ns (DCD - SCD - CPR)
    Destination Clock Delay (DCD):    -0.713ns
    Source Clock Delay      (SCD):    -0.499ns
    Clock Pessimism Removal (CPR):    -0.243ns

    Location             Delay type                Incr(ns)  Path(ns)    Netlist Resource(s)
  -------------------------------------------------------------------    -------------------
                         (clock clk_out2_pll rise edge)
                                                      0.000     0.000 r  
    AD12                                              0.000     0.000 r  i_sys_clk_p (IN)
                         net (fo=0)                   0.000     0.000    pll_inst/inst/clk_in1_p
    AD12                 IBUFDS (Prop_ibufds_I_O)     0.388     0.388 r  pll_inst/inst/clkin1_ibufgds/O
                         net (fo=1, routed)           0.503     0.891    pll_inst/inst/clk_in1_pll
    PLLE2_ADV_X1Y1       PLLE2_ADV (Prop_plle2_adv_CLKIN1_CLKOUT1)
                                                     -2.908    -2.017 r  pll_inst/inst/plle2_adv_inst/CLKOUT1
                         net (fo=1, routed)           0.958    -1.059    pll_inst/inst/clk_out2_pll
    BUFGCTRL_X0Y0        BUFG (Prop_bufg_I_O)         0.026    -1.033 r  pll_inst/inst/clkout2_buf/O
                         net (fo=2038, routed)        0.534    -0.499    student_top_inst/clk_out2
    SLICE_X53Y171        FDPE                                         r  student_top_inst/rst_sr_reg[0]/C
  -------------------------------------------------------------------    -------------------
    SLICE_X53Y171        FDPE (Prop_fdpe_C_Q)         0.100    -0.399 f  student_top_inst/rst_sr_reg[0]/Q
                         net (fo=1950, routed)        0.228    -0.170    student_top_inst/Core_cpu/mem_stage/Q[0]
    SLICE_X55Y171        FDCE                                         f  student_top_inst/Core_cpu/mem_stage/mem_wb_reg_reg[71]/CLR
  -------------------------------------------------------------------    -------------------

                         (clock clk_out2_pll rise edge)
                                                      0.000     0.000 r  
    AD12                                              0.000     0.000 r  i_sys_clk_p (IN)
                         net (fo=0)                   0.000     0.000    pll_inst/inst/clk_in1_p
    AD12                 IBUFDS (Prop_ibufds_I_O)     0.470     0.470 r  pll_inst/inst/clkin1_ibufgds/O
                         net (fo=1, routed)           0.554     1.024    pll_inst/inst/clk_in1_pll
    PLLE2_ADV_X1Y1       PLLE2_ADV (Prop_plle2_adv_CLKIN1_CLKOUT1)
                                                     -3.524    -2.500 r  pll_inst/inst/plle2_adv_inst/CLKOUT1
                         net (fo=1, routed)           1.027    -1.473    pll_inst/inst/clk_out2_pll
    BUFGCTRL_X0Y0        BUFG (Prop_bufg_I_O)         0.030    -1.443 r  pll_inst/inst/clkout2_buf/O
                         net (fo=2038, routed)        0.730    -0.713    student_top_inst/Core_cpu/mem_stage/clk_out2
    SLICE_X55Y171        FDCE                                         r  student_top_inst/Core_cpu/mem_stage/mem_wb_reg_reg[71]/C
                         clock pessimism              0.243    -0.471    
    SLICE_X55Y171        FDCE (Remov_fdce_C_CLR)     -0.069    -0.540    student_top_inst/Core_cpu/mem_stage/mem_wb_reg_reg[71]
  -------------------------------------------------------------------
                         required time                          0.540    
                         arrival time                          -0.170    
  -------------------------------------------------------------------
                         slack                                  0.369    

Slack (MET) :             0.369ns  (arrival time - required time)
  Source:                 student_top_inst/rst_sr_reg[0]/C
                            (rising edge-triggered cell FDPE clocked by clk_out2_pll  {rise@0.000ns fall@3.333ns period=6.667ns})
  Destination:            student_top_inst/Core_cpu/mem_stage/mem_wb_reg_reg[92]/CLR
                            (removal check against rising-edge clock clk_out2_pll  {rise@0.000ns fall@3.333ns period=6.667ns})
  Path Group:             **async_default**
  Path Type:              Removal (Min at Fast Process Corner)
  Requirement:            0.000ns  (clk_out2_pll rise@0.000ns - clk_out2_pll rise@0.000ns)
  Data Path Delay:        0.328ns  (logic 0.100ns (30.443%)  route 0.228ns (69.557%))
  Logic Levels:           0  
  Clock Path Skew:        0.028ns (DCD - SCD - CPR)
    Destination Clock Delay (DCD):    -0.713ns
    Source Clock Delay      (SCD):    -0.499ns
    Clock Pessimism Removal (CPR):    -0.243ns

    Location             Delay type                Incr(ns)  Path(ns)    Netlist Resource(s)
  -------------------------------------------------------------------    -------------------
                         (clock clk_out2_pll rise edge)
                                                      0.000     0.000 r  
    AD12                                              0.000     0.000 r  i_sys_clk_p (IN)
                         net (fo=0)                   0.000     0.000    pll_inst/inst/clk_in1_p
    AD12                 IBUFDS (Prop_ibufds_I_O)     0.388     0.388 r  pll_inst/inst/clkin1_ibufgds/O
                         net (fo=1, routed)           0.503     0.891    pll_inst/inst/clk_in1_pll
    PLLE2_ADV_X1Y1       PLLE2_ADV (Prop_plle2_adv_CLKIN1_CLKOUT1)
                                                     -2.908    -2.017 r  pll_inst/inst/plle2_adv_inst/CLKOUT1
                         net (fo=1, routed)           0.958    -1.059    pll_inst/inst/clk_out2_pll
    BUFGCTRL_X0Y0        BUFG (Prop_bufg_I_O)         0.026    -1.033 r  pll_inst/inst/clkout2_buf/O
                         net (fo=2038, routed)        0.534    -0.499    student_top_inst/clk_out2
    SLICE_X53Y171        FDPE                                         r  student_top_inst/rst_sr_reg[0]/C
  -------------------------------------------------------------------    -------------------
    SLICE_X53Y171        FDPE (Prop_fdpe_C_Q)         0.100    -0.399 f  student_top_inst/rst_sr_reg[0]/Q
                         net (fo=1950, routed)        0.228    -0.170    student_top_inst/Core_cpu/mem_stage/Q[0]
    SLICE_X55Y171        FDCE                                         f  student_top_inst/Core_cpu/mem_stage/mem_wb_reg_reg[92]/CLR
  -------------------------------------------------------------------    -------------------

                         (clock clk_out2_pll rise edge)
                                                      0.000     0.000 r  
    AD12                                              0.000     0.000 r  i_sys_clk_p (IN)
                         net (fo=0)                   0.000     0.000    pll_inst/inst/clk_in1_p
    AD12                 IBUFDS (Prop_ibufds_I_O)     0.470     0.470 r  pll_inst/inst/clkin1_ibufgds/O
                         net (fo=1, routed)           0.554     1.024    pll_inst/inst/clk_in1_pll
    PLLE2_ADV_X1Y1       PLLE2_ADV (Prop_plle2_adv_CLKIN1_CLKOUT1)
                                                     -3.524    -2.500 r  pll_inst/inst/plle2_adv_inst/CLKOUT1
                         net (fo=1, routed)           1.027    -1.473    pll_inst/inst/clk_out2_pll
    BUFGCTRL_X0Y0        BUFG (Prop_bufg_I_O)         0.030    -1.443 r  pll_inst/inst/clkout2_buf/O
                         net (fo=2038, routed)        0.730    -0.713    student_top_inst/Core_cpu/mem_stage/clk_out2
    SLICE_X55Y171        FDCE                                         r  student_top_inst/Core_cpu/mem_stage/mem_wb_reg_reg[92]/C
                         clock pessimism              0.243    -0.471    
    SLICE_X55Y171        FDCE (Remov_fdce_C_CLR)     -0.069    -0.540    student_top_inst/Core_cpu/mem_stage/mem_wb_reg_reg[92]
  -------------------------------------------------------------------
                         required time                          0.540    
                         arrival time                          -0.170    
  -------------------------------------------------------------------
                         slack                                  0.369    

Slack (MET) :             0.396ns  (arrival time - required time)
  Source:                 student_top_inst/rst_sr_reg[0]/C
                            (rising edge-triggered cell FDPE clocked by clk_out2_pll  {rise@0.000ns fall@3.333ns period=6.667ns})
  Destination:            student_top_inst/Core_cpu/mem_stage/mem_wb_reg_reg[61]/CLR
                            (removal check against rising-edge clock clk_out2_pll  {rise@0.000ns fall@3.333ns period=6.667ns})
  Path Group:             **async_default**
  Path Type:              Removal (Min at Fast Process Corner)
  Requirement:            0.000ns  (clk_out2_pll rise@0.000ns - clk_out2_pll rise@0.000ns)
  Data Path Delay:        0.375ns  (logic 0.100ns (26.646%)  route 0.275ns (73.354%))
  Logic Levels:           0  
  Clock Path Skew:        0.029ns (DCD - SCD - CPR)
    Destination Clock Delay (DCD):    -0.712ns
    Source Clock Delay      (SCD):    -0.499ns
    Clock Pessimism Removal (CPR):    -0.243ns

    Location             Delay type                Incr(ns)  Path(ns)    Netlist Resource(s)
  -------------------------------------------------------------------    -------------------
                         (clock clk_out2_pll rise edge)
                                                      0.000     0.000 r  
    AD12                                              0.000     0.000 r  i_sys_clk_p (IN)
                         net (fo=0)                   0.000     0.000    pll_inst/inst/clk_in1_p
    AD12                 IBUFDS (Prop_ibufds_I_O)     0.388     0.388 r  pll_inst/inst/clkin1_ibufgds/O
                         net (fo=1, routed)           0.503     0.891    pll_inst/inst/clk_in1_pll
    PLLE2_ADV_X1Y1       PLLE2_ADV (Prop_plle2_adv_CLKIN1_CLKOUT1)
                                                     -2.908    -2.017 r  pll_inst/inst/plle2_adv_inst/CLKOUT1
                         net (fo=1, routed)           0.958    -1.059    pll_inst/inst/clk_out2_pll
    BUFGCTRL_X0Y0        BUFG (Prop_bufg_I_O)         0.026    -1.033 r  pll_inst/inst/clkout2_buf/O
                         net (fo=2038, routed)        0.534    -0.499    student_top_inst/clk_out2
    SLICE_X53Y171        FDPE                                         r  student_top_inst/rst_sr_reg[0]/C
  -------------------------------------------------------------------    -------------------
    SLICE_X53Y171        FDPE (Prop_fdpe_C_Q)         0.100    -0.399 f  student_top_inst/rst_sr_reg[0]/Q
                         net (fo=1950, routed)        0.275    -0.123    student_top_inst/Core_cpu/mem_stage/Q[0]
    SLICE_X54Y170        FDCE                                         f  student_top_inst/Core_cpu/mem_stage/mem_wb_reg_reg[61]/CLR
  -------------------------------------------------------------------    -------------------

                         (clock clk_out2_pll rise edge)
                                                      0.000     0.000 r  
    AD12                                              0.000     0.000 r  i_sys_clk_p (IN)
                         net (fo=0)                   0.000     0.000    pll_inst/inst/clk_in1_p
    AD12                 IBUFDS (Prop_ibufds_I_O)     0.470     0.470 r  pll_inst/inst/clkin1_ibufgds/O
                         net (fo=1, routed)           0.554     1.024    pll_inst/inst/clk_in1_pll
    PLLE2_ADV_X1Y1       PLLE2_ADV (Prop_plle2_adv_CLKIN1_CLKOUT1)
                                                     -3.524    -2.500 r  pll_inst/inst/plle2_adv_inst/CLKOUT1
                         net (fo=1, routed)           1.027    -1.473    pll_inst/inst/clk_out2_pll
    BUFGCTRL_X0Y0        BUFG (Prop_bufg_I_O)         0.030    -1.443 r  pll_inst/inst/clkout2_buf/O
                         net (fo=2038, routed)        0.731    -0.712    student_top_inst/Core_cpu/mem_stage/clk_out2
    SLICE_X54Y170        FDCE                                         r  student_top_inst/Core_cpu/mem_stage/mem_wb_reg_reg[61]/C
                         clock pessimism              0.243    -0.470    
    SLICE_X54Y170        FDCE (Remov_fdce_C_CLR)     -0.050    -0.520    student_top_inst/Core_cpu/mem_stage/mem_wb_reg_reg[61]
  -------------------------------------------------------------------
                         required time                          0.520    
                         arrival time                          -0.123    
  -------------------------------------------------------------------
                         slack                                  0.396    

Slack (MET) :             0.396ns  (arrival time - required time)
  Source:                 student_top_inst/rst_sr_reg[0]/C
                            (rising edge-triggered cell FDPE clocked by clk_out2_pll  {rise@0.000ns fall@3.333ns period=6.667ns})
  Destination:            student_top_inst/Core_cpu/mem_stage/mem_wb_reg_reg[64]/CLR
                            (removal check against rising-edge clock clk_out2_pll  {rise@0.000ns fall@3.333ns period=6.667ns})
  Path Group:             **async_default**
  Path Type:              Removal (Min at Fast Process Corner)
  Requirement:            0.000ns  (clk_out2_pll rise@0.000ns - clk_out2_pll rise@0.000ns)
  Data Path Delay:        0.375ns  (logic 0.100ns (26.646%)  route 0.275ns (73.354%))
  Logic Levels:           0  
  Clock Path Skew:        0.029ns (DCD - SCD - CPR)
    Destination Clock Delay (DCD):    -0.712ns
    Source Clock Delay      (SCD):    -0.499ns
    Clock Pessimism Removal (CPR):    -0.243ns

    Location             Delay type                Incr(ns)  Path(ns)    Netlist Resource(s)
  -------------------------------------------------------------------    -------------------
                         (clock clk_out2_pll rise edge)
                                                      0.000     0.000 r  
    AD12                                              0.000     0.000 r  i_sys_clk_p (IN)
                         net (fo=0)                   0.000     0.000    pll_inst/inst/clk_in1_p
    AD12                 IBUFDS (Prop_ibufds_I_O)     0.388     0.388 r  pll_inst/inst/clkin1_ibufgds/O
                         net (fo=1, routed)           0.503     0.891    pll_inst/inst/clk_in1_pll
    PLLE2_ADV_X1Y1       PLLE2_ADV (Prop_plle2_adv_CLKIN1_CLKOUT1)
                                                     -2.908    -2.017 r  pll_inst/inst/plle2_adv_inst/CLKOUT1
                         net (fo=1, routed)           0.958    -1.059    pll_inst/inst/clk_out2_pll
    BUFGCTRL_X0Y0        BUFG (Prop_bufg_I_O)         0.026    -1.033 r  pll_inst/inst/clkout2_buf/O
                         net (fo=2038, routed)        0.534    -0.499    student_top_inst/clk_out2
    SLICE_X53Y171        FDPE                                         r  student_top_inst/rst_sr_reg[0]/C
  -------------------------------------------------------------------    -------------------
    SLICE_X53Y171        FDPE (Prop_fdpe_C_Q)         0.100    -0.399 f  student_top_inst/rst_sr_reg[0]/Q
                         net (fo=1950, routed)        0.275    -0.123    student_top_inst/Core_cpu/mem_stage/Q[0]
    SLICE_X54Y170        FDCE                                         f  student_top_inst/Core_cpu/mem_stage/mem_wb_reg_reg[64]/CLR
  -------------------------------------------------------------------    -------------------

                         (clock clk_out2_pll rise edge)
                                                      0.000     0.000 r  
    AD12                                              0.000     0.000 r  i_sys_clk_p (IN)
                         net (fo=0)                   0.000     0.000    pll_inst/inst/clk_in1_p
    AD12                 IBUFDS (Prop_ibufds_I_O)     0.470     0.470 r  pll_inst/inst/clkin1_ibufgds/O
                         net (fo=1, routed)           0.554     1.024    pll_inst/inst/clk_in1_pll
    PLLE2_ADV_X1Y1       PLLE2_ADV (Prop_plle2_adv_CLKIN1_CLKOUT1)
                                                     -3.524    -2.500 r  pll_inst/inst/plle2_adv_inst/CLKOUT1
                         net (fo=1, routed)           1.027    -1.473    pll_inst/inst/clk_out2_pll
    BUFGCTRL_X0Y0        BUFG (Prop_bufg_I_O)         0.030    -1.443 r  pll_inst/inst/clkout2_buf/O
                         net (fo=2038, routed)        0.731    -0.712    student_top_inst/Core_cpu/mem_stage/clk_out2
    SLICE_X54Y170        FDCE                                         r  student_top_inst/Core_cpu/mem_stage/mem_wb_reg_reg[64]/C
                         clock pessimism              0.243    -0.470    
    SLICE_X54Y170        FDCE (Remov_fdce_C_CLR)     -0.050    -0.520    student_top_inst/Core_cpu/mem_stage/mem_wb_reg_reg[64]
  -------------------------------------------------------------------
                         required time                          0.520    
                         arrival time                          -0.123    
  -------------------------------------------------------------------
                         slack                                  0.396    

Slack (MET) :             0.415ns  (arrival time - required time)
  Source:                 student_top_inst/rst_sr_reg[0]/C
                            (rising edge-triggered cell FDPE clocked by clk_out2_pll  {rise@0.000ns fall@3.333ns period=6.667ns})
  Destination:            student_top_inst/Core_cpu/mem_stage/mem_wb_reg_reg[48]/CLR
                            (removal check against rising-edge clock clk_out2_pll  {rise@0.000ns fall@3.333ns period=6.667ns})
  Path Group:             **async_default**
  Path Type:              Removal (Min at Fast Process Corner)
  Requirement:            0.000ns  (clk_out2_pll rise@0.000ns - clk_out2_pll rise@0.000ns)
  Data Path Delay:        0.375ns  (logic 0.100ns (26.646%)  route 0.275ns (73.354%))
  Logic Levels:           0  
  Clock Path Skew:        0.029ns (DCD - SCD - CPR)
    Destination Clock Delay (DCD):    -0.712ns
    Source Clock Delay      (SCD):    -0.499ns
    Clock Pessimism Removal (CPR):    -0.243ns

    Location             Delay type                Incr(ns)  Path(ns)    Netlist Resource(s)
  -------------------------------------------------------------------    -------------------
                         (clock clk_out2_pll rise edge)
                                                      0.000     0.000 r  
    AD12                                              0.000     0.000 r  i_sys_clk_p (IN)
                         net (fo=0)                   0.000     0.000    pll_inst/inst/clk_in1_p
    AD12                 IBUFDS (Prop_ibufds_I_O)     0.388     0.388 r  pll_inst/inst/clkin1_ibufgds/O
                         net (fo=1, routed)           0.503     0.891    pll_inst/inst/clk_in1_pll
    PLLE2_ADV_X1Y1       PLLE2_ADV (Prop_plle2_adv_CLKIN1_CLKOUT1)
                                                     -2.908    -2.017 r  pll_inst/inst/plle2_adv_inst/CLKOUT1
                         net (fo=1, routed)           0.958    -1.059    pll_inst/inst/clk_out2_pll
    BUFGCTRL_X0Y0        BUFG (Prop_bufg_I_O)         0.026    -1.033 r  pll_inst/inst/clkout2_buf/O
                         net (fo=2038, routed)        0.534    -0.499    student_top_inst/clk_out2
    SLICE_X53Y171        FDPE                                         r  student_top_inst/rst_sr_reg[0]/C
  -------------------------------------------------------------------    -------------------
    SLICE_X53Y171        FDPE (Prop_fdpe_C_Q)         0.100    -0.399 f  student_top_inst/rst_sr_reg[0]/Q
                         net (fo=1950, routed)        0.275    -0.123    student_top_inst/Core_cpu/mem_stage/Q[0]
    SLICE_X55Y170        FDCE                                         f  student_top_inst/Core_cpu/mem_stage/mem_wb_reg_reg[48]/CLR
  -------------------------------------------------------------------    -------------------

                         (clock clk_out2_pll rise edge)
                                                      0.000     0.000 r  
    AD12                                              0.000     0.000 r  i_sys_clk_p (IN)
                         net (fo=0)                   0.000     0.000    pll_inst/inst/clk_in1_p
    AD12                 IBUFDS (Prop_ibufds_I_O)     0.470     0.470 r  pll_inst/inst/clkin1_ibufgds/O
                         net (fo=1, routed)           0.554     1.024    pll_inst/inst/clk_in1_pll
    PLLE2_ADV_X1Y1       PLLE2_ADV (Prop_plle2_adv_CLKIN1_CLKOUT1)
                                                     -3.524    -2.500 r  pll_inst/inst/plle2_adv_inst/CLKOUT1
                         net (fo=1, routed)           1.027    -1.473    pll_inst/inst/clk_out2_pll
    BUFGCTRL_X0Y0        BUFG (Prop_bufg_I_O)         0.030    -1.443 r  pll_inst/inst/clkout2_buf/O
                         net (fo=2038, routed)        0.731    -0.712    student_top_inst/Core_cpu/mem_stage/clk_out2
    SLICE_X55Y170        FDCE                                         r  student_top_inst/Core_cpu/mem_stage/mem_wb_reg_reg[48]/C
                         clock pessimism              0.243    -0.470    
    SLICE_X55Y170        FDCE (Remov_fdce_C_CLR)     -0.069    -0.539    student_top_inst/Core_cpu/mem_stage/mem_wb_reg_reg[48]
  -------------------------------------------------------------------
                         required time                          0.539    
                         arrival time                          -0.123    
  -------------------------------------------------------------------
                         slack                                  0.415    

Slack (MET) :             0.415ns  (arrival time - required time)
  Source:                 student_top_inst/rst_sr_reg[0]/C
                            (rising edge-triggered cell FDPE clocked by clk_out2_pll  {rise@0.000ns fall@3.333ns period=6.667ns})
  Destination:            student_top_inst/Core_cpu/mem_stage/mem_wb_reg_reg[54]/CLR
                            (removal check against rising-edge clock clk_out2_pll  {rise@0.000ns fall@3.333ns period=6.667ns})
  Path Group:             **async_default**
  Path Type:              Removal (Min at Fast Process Corner)
  Requirement:            0.000ns  (clk_out2_pll rise@0.000ns - clk_out2_pll rise@0.000ns)
  Data Path Delay:        0.375ns  (logic 0.100ns (26.646%)  route 0.275ns (73.354%))
  Logic Levels:           0  
  Clock Path Skew:        0.029ns (DCD - SCD - CPR)
    Destination Clock Delay (DCD):    -0.712ns
    Source Clock Delay      (SCD):    -0.499ns
    Clock Pessimism Removal (CPR):    -0.243ns

    Location             Delay type                Incr(ns)  Path(ns)    Netlist Resource(s)
  -------------------------------------------------------------------    -------------------
                         (clock clk_out2_pll rise edge)
                                                      0.000     0.000 r  
    AD12                                              0.000     0.000 r  i_sys_clk_p (IN)
                         net (fo=0)                   0.000     0.000    pll_inst/inst/clk_in1_p
    AD12                 IBUFDS (Prop_ibufds_I_O)     0.388     0.388 r  pll_inst/inst/clkin1_ibufgds/O
                         net (fo=1, routed)           0.503     0.891    pll_inst/inst/clk_in1_pll
    PLLE2_ADV_X1Y1       PLLE2_ADV (Prop_plle2_adv_CLKIN1_CLKOUT1)
                                                     -2.908    -2.017 r  pll_inst/inst/plle2_adv_inst/CLKOUT1
                         net (fo=1, routed)           0.958    -1.059    pll_inst/inst/clk_out2_pll
    BUFGCTRL_X0Y0        BUFG (Prop_bufg_I_O)         0.026    -1.033 r  pll_inst/inst/clkout2_buf/O
                         net (fo=2038, routed)        0.534    -0.499    student_top_inst/clk_out2
    SLICE_X53Y171        FDPE                                         r  student_top_inst/rst_sr_reg[0]/C
  -------------------------------------------------------------------    -------------------
    SLICE_X53Y171        FDPE (Prop_fdpe_C_Q)         0.100    -0.399 f  student_top_inst/rst_sr_reg[0]/Q
                         net (fo=1950, routed)        0.275    -0.123    student_top_inst/Core_cpu/mem_stage/Q[0]
    SLICE_X55Y170        FDCE                                         f  student_top_inst/Core_cpu/mem_stage/mem_wb_reg_reg[54]/CLR
  -------------------------------------------------------------------    -------------------

                         (clock clk_out2_pll rise edge)
                                                      0.000     0.000 r  
    AD12                                              0.000     0.000 r  i_sys_clk_p (IN)
                         net (fo=0)                   0.000     0.000    pll_inst/inst/clk_in1_p
    AD12                 IBUFDS (Prop_ibufds_I_O)     0.470     0.470 r  pll_inst/inst/clkin1_ibufgds/O
                         net (fo=1, routed)           0.554     1.024    pll_inst/inst/clk_in1_pll
    PLLE2_ADV_X1Y1       PLLE2_ADV (Prop_plle2_adv_CLKIN1_CLKOUT1)
                                                     -3.524    -2.500 r  pll_inst/inst/plle2_adv_inst/CLKOUT1
                         net (fo=1, routed)           1.027    -1.473    pll_inst/inst/clk_out2_pll
    BUFGCTRL_X0Y0        BUFG (Prop_bufg_I_O)         0.030    -1.443 r  pll_inst/inst/clkout2_buf/O
                         net (fo=2038, routed)        0.731    -0.712    student_top_inst/Core_cpu/mem_stage/clk_out2
    SLICE_X55Y170        FDCE                                         r  student_top_inst/Core_cpu/mem_stage/mem_wb_reg_reg[54]/C
                         clock pessimism              0.243    -0.470    
    SLICE_X55Y170        FDCE (Remov_fdce_C_CLR)     -0.069    -0.539    student_top_inst/Core_cpu/mem_stage/mem_wb_reg_reg[54]
  -------------------------------------------------------------------
                         required time                          0.539    
                         arrival time                          -0.123    
  -------------------------------------------------------------------
                         slack                                  0.415    

Slack (MET) :             0.415ns  (arrival time - required time)
  Source:                 student_top_inst/rst_sr_reg[0]/C
                            (rising edge-triggered cell FDPE clocked by clk_out2_pll  {rise@0.000ns fall@3.333ns period=6.667ns})
  Destination:            student_top_inst/Core_cpu/mem_stage/mem_wb_reg_reg[59]/CLR
                            (removal check against rising-edge clock clk_out2_pll  {rise@0.000ns fall@3.333ns period=6.667ns})
  Path Group:             **async_default**
  Path Type:              Removal (Min at Fast Process Corner)
  Requirement:            0.000ns  (clk_out2_pll rise@0.000ns - clk_out2_pll rise@0.000ns)
  Data Path Delay:        0.375ns  (logic 0.100ns (26.646%)  route 0.275ns (73.354%))
  Logic Levels:           0  
  Clock Path Skew:        0.029ns (DCD - SCD - CPR)
    Destination Clock Delay (DCD):    -0.712ns
    Source Clock Delay      (SCD):    -0.499ns
    Clock Pessimism Removal (CPR):    -0.243ns

    Location             Delay type                Incr(ns)  Path(ns)    Netlist Resource(s)
  -------------------------------------------------------------------    -------------------
                         (clock clk_out2_pll rise edge)
                                                      0.000     0.000 r  
    AD12                                              0.000     0.000 r  i_sys_clk_p (IN)
                         net (fo=0)                   0.000     0.000    pll_inst/inst/clk_in1_p
    AD12                 IBUFDS (Prop_ibufds_I_O)     0.388     0.388 r  pll_inst/inst/clkin1_ibufgds/O
                         net (fo=1, routed)           0.503     0.891    pll_inst/inst/clk_in1_pll
    PLLE2_ADV_X1Y1       PLLE2_ADV (Prop_plle2_adv_CLKIN1_CLKOUT1)
                                                     -2.908    -2.017 r  pll_inst/inst/plle2_adv_inst/CLKOUT1
                         net (fo=1, routed)           0.958    -1.059    pll_inst/inst/clk_out2_pll
    BUFGCTRL_X0Y0        BUFG (Prop_bufg_I_O)         0.026    -1.033 r  pll_inst/inst/clkout2_buf/O
                         net (fo=2038, routed)        0.534    -0.499    student_top_inst/clk_out2
    SLICE_X53Y171        FDPE                                         r  student_top_inst/rst_sr_reg[0]/C
  -------------------------------------------------------------------    -------------------
    SLICE_X53Y171        FDPE (Prop_fdpe_C_Q)         0.100    -0.399 f  student_top_inst/rst_sr_reg[0]/Q
                         net (fo=1950, routed)        0.275    -0.123    student_top_inst/Core_cpu/mem_stage/Q[0]
    SLICE_X55Y170        FDCE                                         f  student_top_inst/Core_cpu/mem_stage/mem_wb_reg_reg[59]/CLR
  -------------------------------------------------------------------    -------------------

                         (clock clk_out2_pll rise edge)
                                                      0.000     0.000 r  
    AD12                                              0.000     0.000 r  i_sys_clk_p (IN)
                         net (fo=0)                   0.000     0.000    pll_inst/inst/clk_in1_p
    AD12                 IBUFDS (Prop_ibufds_I_O)     0.470     0.470 r  pll_inst/inst/clkin1_ibufgds/O
                         net (fo=1, routed)           0.554     1.024    pll_inst/inst/clk_in1_pll
    PLLE2_ADV_X1Y1       PLLE2_ADV (Prop_plle2_adv_CLKIN1_CLKOUT1)
                                                     -3.524    -2.500 r  pll_inst/inst/plle2_adv_inst/CLKOUT1
                         net (fo=1, routed)           1.027    -1.473    pll_inst/inst/clk_out2_pll
    BUFGCTRL_X0Y0        BUFG (Prop_bufg_I_O)         0.030    -1.443 r  pll_inst/inst/clkout2_buf/O
                         net (fo=2038, routed)        0.731    -0.712    student_top_inst/Core_cpu/mem_stage/clk_out2
    SLICE_X55Y170        FDCE                                         r  student_top_inst/Core_cpu/mem_stage/mem_wb_reg_reg[59]/C
                         clock pessimism              0.243    -0.470    
    SLICE_X55Y170        FDCE (Remov_fdce_C_CLR)     -0.069    -0.539    student_top_inst/Core_cpu/mem_stage/mem_wb_reg_reg[59]
  -------------------------------------------------------------------
                         required time                          0.539    
                         arrival time                          -0.123    
  -------------------------------------------------------------------
                         slack                                  0.415    





--------------------------------------------------------------------------------------
Path Group:  (none)
From Clock:  clk_out1_pll
  To Clock:  

Max Delay             1 Endpoint
Min Delay             1 Endpoint
--------------------------------------------------------------------------------------


Max Delay Paths
--------------------------------------------------------------------------------------
Slack:                    inf
  Source:                 uart_inst/tx_reg/C
                            (rising edge-triggered cell FDPE clocked by clk_out1_pll  {rise@0.000ns fall@10.000ns period=20.000ns})
  Destination:            o_uart_tx
                            (output port)
  Path Group:             (none)
  Path Type:              Max at Slow Process Corner
  Data Path Delay:        6.608ns  (logic 3.539ns (53.555%)  route 3.069ns (46.445%))
  Logic Levels:           1  (OBUF=1)
  Clock Uncertainty:      0.188ns  ((TSJ^2 + DJ^2)^1/2) / 2 + PE
    Total System Jitter     (TSJ):    0.050ns
    Discrete Jitter          (DJ):    0.157ns
    Phase Error              (PE):    0.105ns

    Location             Delay type                Incr(ns)  Path(ns)    Netlist Resource(s)
  -------------------------------------------------------------------    -------------------
                         (clock clk_out1_pll rise edge)
                                                      0.000     0.000 r  
    AD12                                              0.000     0.000 r  i_sys_clk_p (IN)
                         net (fo=0)                   0.000     0.000    pll_inst/inst/clk_in1_p
    AD12                 IBUFDS (Prop_ibufds_I_O)     0.906     0.906 r  pll_inst/inst/clkin1_ibufgds/O
                         net (fo=1, routed)           1.098     2.004    pll_inst/inst/clk_in1_pll
    PLLE2_ADV_X1Y1       PLLE2_ADV (Prop_plle2_adv_CLKIN1_CLKOUT0)
                                                     -8.058    -6.054 r  pll_inst/inst/plle2_adv_inst/CLKOUT0
                         net (fo=1, routed)           2.128    -3.926    pll_inst/inst/clk_out1_pll
    BUFGCTRL_X0Y1        BUFG (Prop_bufg_I_O)         0.093    -3.833 r  pll_inst/inst/clkout1_buf/O
                         net (fo=354, routed)         1.269    -2.564    uart_inst/clk_out1
    SLICE_X36Y174        FDPE                                         r  uart_inst/tx_reg/C
  -------------------------------------------------------------------    -------------------
    SLICE_X36Y174        FDPE (Prop_fdpe_C_Q)         0.223    -2.341 r  uart_inst/tx_reg/Q
                         net (fo=1, routed)           3.069     0.728    o_uart_tx_OBUF
    D17                  OBUF (Prop_obuf_I_O)         3.316     4.044 r  o_uart_tx_OBUF_inst/O
                         net (fo=0)                   0.000     4.044    o_uart_tx
    D17                                                               r  o_uart_tx (OUT)
  -------------------------------------------------------------------    -------------------





Min Delay Paths
--------------------------------------------------------------------------------------
Slack:                    inf
  Source:                 uart_inst/tx_reg/C
                            (rising edge-triggered cell FDPE clocked by clk_out1_pll  {rise@0.000ns fall@10.000ns period=20.000ns})
  Destination:            o_uart_tx
                            (output port)
  Path Group:             (none)
  Path Type:              Min at Fast Process Corner
  Data Path Delay:        2.952ns  (logic 1.524ns (51.617%)  route 1.428ns (48.383%))
  Logic Levels:           1  (OBUF=1)
  Clock Uncertainty:      0.188ns  ((TSJ^2 + DJ^2)^1/2) / 2 + PE
    Total System Jitter     (TSJ):    0.050ns
    Discrete Jitter          (DJ):    0.157ns
    Phase Error              (PE):    0.105ns

    Location             Delay type                Incr(ns)  Path(ns)    Netlist Resource(s)
  -------------------------------------------------------------------    -------------------
                         (clock clk_out1_pll rise edge)
                                                      0.000     0.000 r  
    AD12                                              0.000     0.000 r  i_sys_clk_p (IN)
                         net (fo=0)                   0.000     0.000    pll_inst/inst/clk_in1_p
    AD12                 IBUFDS (Prop_ibufds_I_O)     0.388     0.388 r  pll_inst/inst/clkin1_ibufgds/O
                         net (fo=1, routed)           0.503     0.891    pll_inst/inst/clk_in1_pll
    PLLE2_ADV_X1Y1       PLLE2_ADV (Prop_plle2_adv_CLKIN1_CLKOUT0)
                                                     -2.908    -2.017 r  pll_inst/inst/plle2_adv_inst/CLKOUT0
                         net (fo=1, routed)           0.958    -1.059    pll_inst/inst/clk_out1_pll
    BUFGCTRL_X0Y1        BUFG (Prop_bufg_I_O)         0.026    -1.033 r  pll_inst/inst/clkout1_buf/O
                         net (fo=354, routed)         0.567    -0.466    uart_inst/clk_out1
    SLICE_X36Y174        FDPE                                         r  uart_inst/tx_reg/C
  -------------------------------------------------------------------    -------------------
    SLICE_X36Y174        FDPE (Prop_fdpe_C_Q)         0.100    -0.366 r  uart_inst/tx_reg/Q
                         net (fo=1, routed)           1.428     1.063    o_uart_tx_OBUF
    D17                  OBUF (Prop_obuf_I_O)         1.424     2.486 r  o_uart_tx_OBUF_inst/O
                         net (fo=0)                   0.000     2.486    o_uart_tx
    D17                                                               r  o_uart_tx (OUT)
  -------------------------------------------------------------------    -------------------





--------------------------------------------------------------------------------------
Path Group:  (none)
From Clock:  clk_out2_pll
  To Clock:  

Max Delay            68 Endpoints
Min Delay            68 Endpoints
--------------------------------------------------------------------------------------


Max Delay Paths
--------------------------------------------------------------------------------------
Slack:                    inf
  Source:                 student_top_inst/bridge_inst/seg_output_reg_reg[15]_lopt_replica/C
                            (rising edge-triggered cell FDCE clocked by clk_out2_pll  {rise@0.000ns fall@3.333ns period=6.667ns})
  Destination:            virtual_seg[15]
                            (output port)
  Path Group:             (none)
  Path Type:              Max at Slow Process Corner
  Data Path Delay:        8.584ns  (logic 2.621ns (30.531%)  route 5.964ns (69.469%))
  Logic Levels:           1  (OBUF=1)
  Clock Uncertainty:      0.173ns  ((TSJ^2 + DJ^2)^1/2) / 2 + PE
    Total System Jitter     (TSJ):    0.050ns
    Discrete Jitter          (DJ):    0.126ns
    Phase Error              (PE):    0.105ns

    Location             Delay type                Incr(ns)  Path(ns)    Netlist Resource(s)
  -------------------------------------------------------------------    -------------------
                         (clock clk_out2_pll rise edge)
                                                      0.000     0.000 r  
    AD12                                              0.000     0.000 r  i_sys_clk_p (IN)
                         net (fo=0)                   0.000     0.000    pll_inst/inst/clk_in1_p
    AD12                 IBUFDS (Prop_ibufds_I_O)     0.906     0.906 r  pll_inst/inst/clkin1_ibufgds/O
                         net (fo=1, routed)           1.098     2.004    pll_inst/inst/clk_in1_pll
    PLLE2_ADV_X1Y1       PLLE2_ADV (Prop_plle2_adv_CLKIN1_CLKOUT1)
                                                     -8.058    -6.054 r  pll_inst/inst/plle2_adv_inst/CLKOUT1
                         net (fo=1, routed)           2.128    -3.926    pll_inst/inst/clk_out2_pll
    BUFGCTRL_X0Y0        BUFG (Prop_bufg_I_O)         0.093    -3.833 r  pll_inst/inst/clkout2_buf/O
                         net (fo=2038, routed)        1.277    -2.556    student_top_inst/bridge_inst/clk_out2
    SLICE_X36Y181        FDCE                                         r  student_top_inst/bridge_inst/seg_output_reg_reg[15]_lopt_replica/C
  -------------------------------------------------------------------    -------------------
    SLICE_X36Y181        FDCE (Prop_fdce_C_Q)         0.223    -2.333 r  student_top_inst/bridge_inst/seg_output_reg_reg[15]_lopt_replica/Q
                         net (fo=1, routed)           5.964     3.630    lopt_38
    H12                  OBUF (Prop_obuf_I_O)         2.398     6.028 r  virtual_seg_OBUF[15]_inst/O
                         net (fo=0)                   0.000     6.028    virtual_seg[15]
    H12                                                               r  virtual_seg[15] (OUT)
  -------------------------------------------------------------------    -------------------

Slack:                    inf
  Source:                 student_top_inst/bridge_inst/seg_output_reg_reg[14]_lopt_replica/C
                            (rising edge-triggered cell FDCE clocked by clk_out2_pll  {rise@0.000ns fall@3.333ns period=6.667ns})
  Destination:            virtual_seg[14]
                            (output port)
  Path Group:             (none)
  Path Type:              Max at Slow Process Corner
  Data Path Delay:        8.503ns  (logic 2.629ns (30.922%)  route 5.874ns (69.078%))
  Logic Levels:           1  (OBUF=1)
  Clock Uncertainty:      0.173ns  ((TSJ^2 + DJ^2)^1/2) / 2 + PE
    Total System Jitter     (TSJ):    0.050ns
    Discrete Jitter          (DJ):    0.126ns
    Phase Error              (PE):    0.105ns

    Location             Delay type                Incr(ns)  Path(ns)    Netlist Resource(s)
  -------------------------------------------------------------------    -------------------
                         (clock clk_out2_pll rise edge)
                                                      0.000     0.000 r  
    AD12                                              0.000     0.000 r  i_sys_clk_p (IN)
                         net (fo=0)                   0.000     0.000    pll_inst/inst/clk_in1_p
    AD12                 IBUFDS (Prop_ibufds_I_O)     0.906     0.906 r  pll_inst/inst/clkin1_ibufgds/O
                         net (fo=1, routed)           1.098     2.004    pll_inst/inst/clk_in1_pll
    PLLE2_ADV_X1Y1       PLLE2_ADV (Prop_plle2_adv_CLKIN1_CLKOUT1)
                                                     -8.058    -6.054 r  pll_inst/inst/plle2_adv_inst/CLKOUT1
                         net (fo=1, routed)           2.128    -3.926    pll_inst/inst/clk_out2_pll
    BUFGCTRL_X0Y0        BUFG (Prop_bufg_I_O)         0.093    -3.833 r  pll_inst/inst/clkout2_buf/O
                         net (fo=2038, routed)        1.278    -2.555    student_top_inst/bridge_inst/clk_out2
    SLICE_X36Y182        FDCE                                         r  student_top_inst/bridge_inst/seg_output_reg_reg[14]_lopt_replica/C
  -------------------------------------------------------------------    -------------------
    SLICE_X36Y182        FDCE (Prop_fdce_C_Q)         0.223    -2.332 r  student_top_inst/bridge_inst/seg_output_reg_reg[14]_lopt_replica/Q
                         net (fo=1, routed)           5.874     3.541    lopt_37
    J11                  OBUF (Prop_obuf_I_O)         2.406     5.948 r  virtual_seg_OBUF[14]_inst/O
                         net (fo=0)                   0.000     5.948    virtual_seg[14]
    J11                                                               r  virtual_seg[14] (OUT)
  -------------------------------------------------------------------    -------------------

Slack:                    inf
  Source:                 student_top_inst/bridge_inst/seg_output_reg_reg[5]_lopt_replica/C
                            (rising edge-triggered cell FDCE clocked by clk_out2_pll  {rise@0.000ns fall@3.333ns period=6.667ns})
  Destination:            virtual_seg[5]
                            (output port)
  Path Group:             (none)
  Path Type:              Max at Slow Process Corner
  Data Path Delay:        8.271ns  (logic 2.602ns (31.459%)  route 5.669ns (68.541%))
  Logic Levels:           1  (OBUF=1)
  Clock Uncertainty:      0.173ns  ((TSJ^2 + DJ^2)^1/2) / 2 + PE
    Total System Jitter     (TSJ):    0.050ns
    Discrete Jitter          (DJ):    0.126ns
    Phase Error              (PE):    0.105ns

    Location             Delay type                Incr(ns)  Path(ns)    Netlist Resource(s)
  -------------------------------------------------------------------    -------------------
                         (clock clk_out2_pll rise edge)
                                                      0.000     0.000 r  
    AD12                                              0.000     0.000 r  i_sys_clk_p (IN)
                         net (fo=0)                   0.000     0.000    pll_inst/inst/clk_in1_p
    AD12                 IBUFDS (Prop_ibufds_I_O)     0.906     0.906 r  pll_inst/inst/clkin1_ibufgds/O
                         net (fo=1, routed)           1.098     2.004    pll_inst/inst/clk_in1_pll
    PLLE2_ADV_X1Y1       PLLE2_ADV (Prop_plle2_adv_CLKIN1_CLKOUT1)
                                                     -8.058    -6.054 r  pll_inst/inst/plle2_adv_inst/CLKOUT1
                         net (fo=1, routed)           2.128    -3.926    pll_inst/inst/clk_out2_pll
    BUFGCTRL_X0Y0        BUFG (Prop_bufg_I_O)         0.093    -3.833 r  pll_inst/inst/clkout2_buf/O
                         net (fo=2038, routed)        1.278    -2.555    student_top_inst/bridge_inst/clk_out2
    SLICE_X37Y182        FDCE                                         r  student_top_inst/bridge_inst/seg_output_reg_reg[5]_lopt_replica/C
  -------------------------------------------------------------------    -------------------
    SLICE_X37Y182        FDCE (Prop_fdce_C_Q)         0.223    -2.332 r  student_top_inst/bridge_inst/seg_output_reg_reg[5]_lopt_replica/Q
                         net (fo=1, routed)           5.669     3.337    lopt_66
    K15                  OBUF (Prop_obuf_I_O)         2.379     5.716 r  virtual_seg_OBUF[5]_inst/O
                         net (fo=0)                   0.000     5.716    virtual_seg[5]
    K15                                                               r  virtual_seg[5] (OUT)
  -------------------------------------------------------------------    -------------------

Slack:                    inf
  Source:                 student_top_inst/bridge_inst/seg_output_reg_reg[11]_lopt_replica/C
                            (rising edge-triggered cell FDCE clocked by clk_out2_pll  {rise@0.000ns fall@3.333ns period=6.667ns})
  Destination:            virtual_seg[11]
                            (output port)
  Path Group:             (none)
  Path Type:              Max at Slow Process Corner
  Data Path Delay:        8.252ns  (logic 2.622ns (31.779%)  route 5.629ns (68.221%))
  Logic Levels:           1  (OBUF=1)
  Clock Uncertainty:      0.173ns  ((TSJ^2 + DJ^2)^1/2) / 2 + PE
    Total System Jitter     (TSJ):    0.050ns
    Discrete Jitter          (DJ):    0.126ns
    Phase Error              (PE):    0.105ns

    Location             Delay type                Incr(ns)  Path(ns)    Netlist Resource(s)
  -------------------------------------------------------------------    -------------------
                         (clock clk_out2_pll rise edge)
                                                      0.000     0.000 r  
    AD12                                              0.000     0.000 r  i_sys_clk_p (IN)
                         net (fo=0)                   0.000     0.000    pll_inst/inst/clk_in1_p
    AD12                 IBUFDS (Prop_ibufds_I_O)     0.906     0.906 r  pll_inst/inst/clkin1_ibufgds/O
                         net (fo=1, routed)           1.098     2.004    pll_inst/inst/clk_in1_pll
    PLLE2_ADV_X1Y1       PLLE2_ADV (Prop_plle2_adv_CLKIN1_CLKOUT1)
                                                     -8.058    -6.054 r  pll_inst/inst/plle2_adv_inst/CLKOUT1
                         net (fo=1, routed)           2.128    -3.926    pll_inst/inst/clk_out2_pll
    BUFGCTRL_X0Y0        BUFG (Prop_bufg_I_O)         0.093    -3.833 r  pll_inst/inst/clkout2_buf/O
                         net (fo=2038, routed)        1.277    -2.556    student_top_inst/bridge_inst/clk_out2
    SLICE_X36Y181        FDCE                                         r  student_top_inst/bridge_inst/seg_output_reg_reg[11]_lopt_replica/C
  -------------------------------------------------------------------    -------------------
    SLICE_X36Y181        FDCE (Prop_fdce_C_Q)         0.223    -2.333 r  student_top_inst/bridge_inst/seg_output_reg_reg[11]_lopt_replica/Q
                         net (fo=1, routed)           5.629     3.296    lopt_34
    H11                  OBUF (Prop_obuf_I_O)         2.399     5.695 r  virtual_seg_OBUF[11]_inst/O
                         net (fo=0)                   0.000     5.695    virtual_seg[11]
    H11                                                               r  virtual_seg[11] (OUT)
  -------------------------------------------------------------------    -------------------

Slack:                    inf
  Source:                 student_top_inst/bridge_inst/seg_output_reg_reg[13]_lopt_replica/C
                            (rising edge-triggered cell FDCE clocked by clk_out2_pll  {rise@0.000ns fall@3.333ns period=6.667ns})
  Destination:            virtual_seg[13]
                            (output port)
  Path Group:             (none)
  Path Type:              Max at Slow Process Corner
  Data Path Delay:        8.163ns  (logic 2.632ns (32.239%)  route 5.531ns (67.761%))
  Logic Levels:           1  (OBUF=1)
  Clock Uncertainty:      0.173ns  ((TSJ^2 + DJ^2)^1/2) / 2 + PE
    Total System Jitter     (TSJ):    0.050ns
    Discrete Jitter          (DJ):    0.126ns
    Phase Error              (PE):    0.105ns

    Location             Delay type                Incr(ns)  Path(ns)    Netlist Resource(s)
  -------------------------------------------------------------------    -------------------
                         (clock clk_out2_pll rise edge)
                                                      0.000     0.000 r  
    AD12                                              0.000     0.000 r  i_sys_clk_p (IN)
                         net (fo=0)                   0.000     0.000    pll_inst/inst/clk_in1_p
    AD12                 IBUFDS (Prop_ibufds_I_O)     0.906     0.906 r  pll_inst/inst/clkin1_ibufgds/O
                         net (fo=1, routed)           1.098     2.004    pll_inst/inst/clk_in1_pll
    PLLE2_ADV_X1Y1       PLLE2_ADV (Prop_plle2_adv_CLKIN1_CLKOUT1)
                                                     -8.058    -6.054 r  pll_inst/inst/plle2_adv_inst/CLKOUT1
                         net (fo=1, routed)           2.128    -3.926    pll_inst/inst/clk_out2_pll
    BUFGCTRL_X0Y0        BUFG (Prop_bufg_I_O)         0.093    -3.833 r  pll_inst/inst/clkout2_buf/O
                         net (fo=2038, routed)        1.275    -2.558    student_top_inst/bridge_inst/clk_out2
    SLICE_X36Y179        FDCE                                         r  student_top_inst/bridge_inst/seg_output_reg_reg[13]_lopt_replica/C
  -------------------------------------------------------------------    -------------------
    SLICE_X36Y179        FDCE (Prop_fdce_C_Q)         0.223    -2.335 r  student_top_inst/bridge_inst/seg_output_reg_reg[13]_lopt_replica/Q
                         net (fo=1, routed)           5.531     3.196    lopt_36
    L11                  OBUF (Prop_obuf_I_O)         2.409     5.605 r  virtual_seg_OBUF[13]_inst/O
                         net (fo=0)                   0.000     5.605    virtual_seg[13]
    L11                                                               r  virtual_seg[13] (OUT)
  -------------------------------------------------------------------    -------------------

Slack:                    inf
  Source:                 student_top_inst/bridge_inst/seg_output_reg_reg[16]_lopt_replica/C
                            (rising edge-triggered cell FDCE clocked by clk_out2_pll  {rise@0.000ns fall@3.333ns period=6.667ns})
  Destination:            virtual_seg[16]
                            (output port)
  Path Group:             (none)
  Path Type:              Max at Slow Process Corner
  Data Path Delay:        8.073ns  (logic 2.613ns (32.364%)  route 5.460ns (67.636%))
  Logic Levels:           1  (OBUF=1)
  Clock Uncertainty:      0.173ns  ((TSJ^2 + DJ^2)^1/2) / 2 + PE
    Total System Jitter     (TSJ):    0.050ns
    Discrete Jitter          (DJ):    0.126ns
    Phase Error              (PE):    0.105ns

    Location             Delay type                Incr(ns)  Path(ns)    Netlist Resource(s)
  -------------------------------------------------------------------    -------------------
                         (clock clk_out2_pll rise edge)
                                                      0.000     0.000 r  
    AD12                                              0.000     0.000 r  i_sys_clk_p (IN)
                         net (fo=0)                   0.000     0.000    pll_inst/inst/clk_in1_p
    AD12                 IBUFDS (Prop_ibufds_I_O)     0.906     0.906 r  pll_inst/inst/clkin1_ibufgds/O
                         net (fo=1, routed)           1.098     2.004    pll_inst/inst/clk_in1_pll
    PLLE2_ADV_X1Y1       PLLE2_ADV (Prop_plle2_adv_CLKIN1_CLKOUT1)
                                                     -8.058    -6.054 r  pll_inst/inst/plle2_adv_inst/CLKOUT1
                         net (fo=1, routed)           2.128    -3.926    pll_inst/inst/clk_out2_pll
    BUFGCTRL_X0Y0        BUFG (Prop_bufg_I_O)         0.093    -3.833 r  pll_inst/inst/clkout2_buf/O
                         net (fo=2038, routed)        1.285    -2.548    student_top_inst/bridge_inst/clk_out2
    SLICE_X36Y189        FDCE                                         r  student_top_inst/bridge_inst/seg_output_reg_reg[16]_lopt_replica/C
  -------------------------------------------------------------------    -------------------
    SLICE_X36Y189        FDCE (Prop_fdce_C_Q)         0.223    -2.325 r  student_top_inst/bridge_inst/seg_output_reg_reg[16]_lopt_replica/Q
                         net (fo=1, routed)           5.460     3.135    lopt_39
    F13                  OBUF (Prop_obuf_I_O)         2.390     5.524 r  virtual_seg_OBUF[16]_inst/O
                         net (fo=0)                   0.000     5.524    virtual_seg[16]
    F13                                                               r  virtual_seg[16] (OUT)
  -------------------------------------------------------------------    -------------------

Slack:                    inf
  Source:                 student_top_inst/bridge_inst/seg_output_reg_reg[12]_lopt_replica/C
                            (rising edge-triggered cell FDCE clocked by clk_out2_pll  {rise@0.000ns fall@3.333ns period=6.667ns})
  Destination:            virtual_seg[12]
                            (output port)
  Path Group:             (none)
  Path Type:              Max at Slow Process Corner
  Data Path Delay:        8.006ns  (logic 2.623ns (32.765%)  route 5.383ns (67.235%))
  Logic Levels:           1  (OBUF=1)
  Clock Uncertainty:      0.173ns  ((TSJ^2 + DJ^2)^1/2) / 2 + PE
    Total System Jitter     (TSJ):    0.050ns
    Discrete Jitter          (DJ):    0.126ns
    Phase Error              (PE):    0.105ns

    Location             Delay type                Incr(ns)  Path(ns)    Netlist Resource(s)
  -------------------------------------------------------------------    -------------------
                         (clock clk_out2_pll rise edge)
                                                      0.000     0.000 r  
    AD12                                              0.000     0.000 r  i_sys_clk_p (IN)
                         net (fo=0)                   0.000     0.000    pll_inst/inst/clk_in1_p
    AD12                 IBUFDS (Prop_ibufds_I_O)     0.906     0.906 r  pll_inst/inst/clkin1_ibufgds/O
                         net (fo=1, routed)           1.098     2.004    pll_inst/inst/clk_in1_pll
    PLLE2_ADV_X1Y1       PLLE2_ADV (Prop_plle2_adv_CLKIN1_CLKOUT1)
                                                     -8.058    -6.054 r  pll_inst/inst/plle2_adv_inst/CLKOUT1
                         net (fo=1, routed)           2.128    -3.926    pll_inst/inst/clk_out2_pll
    BUFGCTRL_X0Y0        BUFG (Prop_bufg_I_O)         0.093    -3.833 r  pll_inst/inst/clkout2_buf/O
                         net (fo=2038, routed)        1.285    -2.548    student_top_inst/bridge_inst/clk_out2
    SLICE_X36Y189        FDCE                                         r  student_top_inst/bridge_inst/seg_output_reg_reg[12]_lopt_replica/C
  -------------------------------------------------------------------    -------------------
    SLICE_X36Y189        FDCE (Prop_fdce_C_Q)         0.223    -2.325 r  student_top_inst/bridge_inst/seg_output_reg_reg[12]_lopt_replica/Q
                         net (fo=1, routed)           5.383     3.057    lopt_35
    J12                  OBUF (Prop_obuf_I_O)         2.400     5.458 r  virtual_seg_OBUF[12]_inst/O
                         net (fo=0)                   0.000     5.458    virtual_seg[12]
    J12                                                               r  virtual_seg[12] (OUT)
  -------------------------------------------------------------------    -------------------

Slack:                    inf
  Source:                 student_top_inst/bridge_inst/seg_output_reg_reg[3]_lopt_replica/C
                            (rising edge-triggered cell FDCE clocked by clk_out2_pll  {rise@0.000ns fall@3.333ns period=6.667ns})
  Destination:            virtual_seg[3]
                            (output port)
  Path Group:             (none)
  Path Type:              Max at Slow Process Corner
  Data Path Delay:        7.866ns  (logic 2.643ns (33.601%)  route 5.223ns (66.399%))
  Logic Levels:           1  (OBUF=1)
  Clock Uncertainty:      0.173ns  ((TSJ^2 + DJ^2)^1/2) / 2 + PE
    Total System Jitter     (TSJ):    0.050ns
    Discrete Jitter          (DJ):    0.126ns
    Phase Error              (PE):    0.105ns

    Location             Delay type                Incr(ns)  Path(ns)    Netlist Resource(s)
  -------------------------------------------------------------------    -------------------
                         (clock clk_out2_pll rise edge)
                                                      0.000     0.000 r  
    AD12                                              0.000     0.000 r  i_sys_clk_p (IN)
                         net (fo=0)                   0.000     0.000    pll_inst/inst/clk_in1_p
    AD12                 IBUFDS (Prop_ibufds_I_O)     0.906     0.906 r  pll_inst/inst/clkin1_ibufgds/O
                         net (fo=1, routed)           1.098     2.004    pll_inst/inst/clk_in1_pll
    PLLE2_ADV_X1Y1       PLLE2_ADV (Prop_plle2_adv_CLKIN1_CLKOUT1)
                                                     -8.058    -6.054 r  pll_inst/inst/plle2_adv_inst/CLKOUT1
                         net (fo=1, routed)           2.128    -3.926    pll_inst/inst/clk_out2_pll
    BUFGCTRL_X0Y0        BUFG (Prop_bufg_I_O)         0.093    -3.833 r  pll_inst/inst/clkout2_buf/O
                         net (fo=2038, routed)        1.294    -2.539    student_top_inst/bridge_inst/clk_out2
    SLICE_X22Y189        FDCE                                         r  student_top_inst/bridge_inst/seg_output_reg_reg[3]_lopt_replica/C
  -------------------------------------------------------------------    -------------------
    SLICE_X22Y189        FDCE (Prop_fdce_C_Q)         0.259    -2.280 r  student_top_inst/bridge_inst/seg_output_reg_reg[3]_lopt_replica/Q
                         net (fo=1, routed)           5.223     2.943    lopt_64
    J16                  OBUF (Prop_obuf_I_O)         2.384     5.326 r  virtual_seg_OBUF[3]_inst/O
                         net (fo=0)                   0.000     5.326    virtual_seg[3]
    J16                                                               r  virtual_seg[3] (OUT)
  -------------------------------------------------------------------    -------------------

Slack:                    inf
  Source:                 student_top_inst/bridge_inst/seg_output_reg_reg[30]_lopt_replica/C
                            (rising edge-triggered cell FDCE clocked by clk_out2_pll  {rise@0.000ns fall@3.333ns period=6.667ns})
  Destination:            virtual_seg[30]
                            (output port)
  Path Group:             (none)
  Path Type:              Max at Slow Process Corner
  Data Path Delay:        7.537ns  (logic 2.671ns (35.438%)  route 4.866ns (64.562%))
  Logic Levels:           1  (OBUF=1)
  Clock Uncertainty:      0.173ns  ((TSJ^2 + DJ^2)^1/2) / 2 + PE
    Total System Jitter     (TSJ):    0.050ns
    Discrete Jitter          (DJ):    0.126ns
    Phase Error              (PE):    0.105ns

    Location             Delay type                Incr(ns)  Path(ns)    Netlist Resource(s)
  -------------------------------------------------------------------    -------------------
                         (clock clk_out2_pll rise edge)
                                                      0.000     0.000 r  
    AD12                                              0.000     0.000 r  i_sys_clk_p (IN)
                         net (fo=0)                   0.000     0.000    pll_inst/inst/clk_in1_p
    AD12                 IBUFDS (Prop_ibufds_I_O)     0.906     0.906 r  pll_inst/inst/clkin1_ibufgds/O
                         net (fo=1, routed)           1.098     2.004    pll_inst/inst/clk_in1_pll
    PLLE2_ADV_X1Y1       PLLE2_ADV (Prop_plle2_adv_CLKIN1_CLKOUT1)
                                                     -8.058    -6.054 r  pll_inst/inst/plle2_adv_inst/CLKOUT1
                         net (fo=1, routed)           2.128    -3.926    pll_inst/inst/clk_out2_pll
    BUFGCTRL_X0Y0        BUFG (Prop_bufg_I_O)         0.093    -3.833 r  pll_inst/inst/clkout2_buf/O
                         net (fo=2038, routed)        1.265    -2.568    student_top_inst/bridge_inst/clk_out2
    SLICE_X42Y175        FDCE                                         r  student_top_inst/bridge_inst/seg_output_reg_reg[30]_lopt_replica/C
  -------------------------------------------------------------------    -------------------
    SLICE_X42Y175        FDCE (Prop_fdce_C_Q)         0.259    -2.309 r  student_top_inst/bridge_inst/seg_output_reg_reg[30]_lopt_replica/Q
                         net (fo=1, routed)           4.866     2.557    lopt_57
    AK26                 OBUF (Prop_obuf_I_O)         2.412     4.969 r  virtual_seg_OBUF[30]_inst/O
                         net (fo=0)                   0.000     4.969    virtual_seg[30]
    AK26                                                              r  virtual_seg[30] (OUT)
  -------------------------------------------------------------------    -------------------

Slack:                    inf
  Source:                 student_top_inst/bridge_inst/seg_output_reg_reg[26]_lopt_replica/C
                            (rising edge-triggered cell FDCE clocked by clk_out2_pll  {rise@0.000ns fall@3.333ns period=6.667ns})
  Destination:            virtual_seg[26]
                            (output port)
  Path Group:             (none)
  Path Type:              Max at Slow Process Corner
  Data Path Delay:        7.509ns  (logic 2.633ns (35.064%)  route 4.876ns (64.936%))
  Logic Levels:           1  (OBUF=1)
  Clock Uncertainty:      0.173ns  ((TSJ^2 + DJ^2)^1/2) / 2 + PE
    Total System Jitter     (TSJ):    0.050ns
    Discrete Jitter          (DJ):    0.126ns
    Phase Error              (PE):    0.105ns

    Location             Delay type                Incr(ns)  Path(ns)    Netlist Resource(s)
  -------------------------------------------------------------------    -------------------
                         (clock clk_out2_pll rise edge)
                                                      0.000     0.000 r  
    AD12                                              0.000     0.000 r  i_sys_clk_p (IN)
                         net (fo=0)                   0.000     0.000    pll_inst/inst/clk_in1_p
    AD12                 IBUFDS (Prop_ibufds_I_O)     0.906     0.906 r  pll_inst/inst/clkin1_ibufgds/O
                         net (fo=1, routed)           1.098     2.004    pll_inst/inst/clk_in1_pll
    PLLE2_ADV_X1Y1       PLLE2_ADV (Prop_plle2_adv_CLKIN1_CLKOUT1)
                                                     -8.058    -6.054 r  pll_inst/inst/plle2_adv_inst/CLKOUT1
                         net (fo=1, routed)           2.128    -3.926    pll_inst/inst/clk_out2_pll
    BUFGCTRL_X0Y0        BUFG (Prop_bufg_I_O)         0.093    -3.833 r  pll_inst/inst/clkout2_buf/O
                         net (fo=2038, routed)        1.269    -2.564    student_top_inst/bridge_inst/clk_out2
    SLICE_X36Y175        FDCE                                         r  student_top_inst/bridge_inst/seg_output_reg_reg[26]_lopt_replica/C
  -------------------------------------------------------------------    -------------------
    SLICE_X36Y175        FDCE (Prop_fdce_C_Q)         0.223    -2.341 r  student_top_inst/bridge_inst/seg_output_reg_reg[26]_lopt_replica/Q
                         net (fo=1, routed)           4.876     2.534    lopt_55
    AJ26                 OBUF (Prop_obuf_I_O)         2.410     4.944 r  virtual_seg_OBUF[26]_inst/O
                         net (fo=0)                   0.000     4.944    virtual_seg[26]
    AJ26                                                              r  virtual_seg[26] (OUT)
  -------------------------------------------------------------------    -------------------





Min Delay Paths
--------------------------------------------------------------------------------------
Slack:                    inf
  Source:                 student_top_inst/bridge_inst/LED_reg[15]_lopt_replica/C
                            (rising edge-triggered cell FDRE clocked by clk_out2_pll  {rise@0.000ns fall@3.333ns period=6.667ns})
  Destination:            virtual_led[15]
                            (output port)
  Path Group:             (none)
  Path Type:              Min at Fast Process Corner
  Data Path Delay:        2.347ns  (logic 1.459ns (62.159%)  route 0.888ns (37.841%))
  Logic Levels:           1  (OBUF=1)
  Clock Uncertainty:      0.173ns  ((TSJ^2 + DJ^2)^1/2) / 2 + PE
    Total System Jitter     (TSJ):    0.050ns
    Discrete Jitter          (DJ):    0.126ns
    Phase Error              (PE):    0.105ns

    Location             Delay type                Incr(ns)  Path(ns)    Netlist Resource(s)
  -------------------------------------------------------------------    -------------------
                         (clock clk_out2_pll rise edge)
                                                      0.000     0.000 r  
    AD12                                              0.000     0.000 r  i_sys_clk_p (IN)
                         net (fo=0)                   0.000     0.000    pll_inst/inst/clk_in1_p
    AD12                 IBUFDS (Prop_ibufds_I_O)     0.388     0.388 r  pll_inst/inst/clkin1_ibufgds/O
                         net (fo=1, routed)           0.503     0.891    pll_inst/inst/clk_in1_pll
    PLLE2_ADV_X1Y1       PLLE2_ADV (Prop_plle2_adv_CLKIN1_CLKOUT1)
                                                     -2.908    -2.017 r  pll_inst/inst/plle2_adv_inst/CLKOUT1
                         net (fo=1, routed)           0.958    -1.059    pll_inst/inst/clk_out2_pll
    BUFGCTRL_X0Y0        BUFG (Prop_bufg_I_O)         0.026    -1.033 r  pll_inst/inst/clkout2_buf/O
                         net (fo=2038, routed)        0.584    -0.449    student_top_inst/bridge_inst/clk_out2
    SLICE_X22Y183        FDRE                                         r  student_top_inst/bridge_inst/LED_reg[15]_lopt_replica/C
  -------------------------------------------------------------------    -------------------
    SLICE_X22Y183        FDRE (Prop_fdre_C_Q)         0.118    -0.331 r  student_top_inst/bridge_inst/LED_reg[15]_lopt_replica/Q
                         net (fo=1, routed)           0.888     0.557    lopt_6
    G28                  OBUF (Prop_obuf_I_O)         1.341     1.898 r  virtual_led_OBUF[15]_inst/O
                         net (fo=0)                   0.000     1.898    virtual_led[15]
    G28                                                               r  virtual_led[15] (OUT)
  -------------------------------------------------------------------    -------------------

Slack:                    inf
  Source:                 student_top_inst/bridge_inst/LED_reg[7]_lopt_replica/C
                            (rising edge-triggered cell FDRE clocked by clk_out2_pll  {rise@0.000ns fall@3.333ns period=6.667ns})
  Destination:            virtual_led[7]
                            (output port)
  Path Group:             (none)
  Path Type:              Min at Fast Process Corner
  Data Path Delay:        2.372ns  (logic 1.481ns (62.419%)  route 0.892ns (37.581%))
  Logic Levels:           1  (OBUF=1)
  Clock Uncertainty:      0.173ns  ((TSJ^2 + DJ^2)^1/2) / 2 + PE
    Total System Jitter     (TSJ):    0.050ns
    Discrete Jitter          (DJ):    0.126ns
    Phase Error              (PE):    0.105ns

    Location             Delay type                Incr(ns)  Path(ns)    Netlist Resource(s)
  -------------------------------------------------------------------    -------------------
                         (clock clk_out2_pll rise edge)
                                                      0.000     0.000 r  
    AD12                                              0.000     0.000 r  i_sys_clk_p (IN)
                         net (fo=0)                   0.000     0.000    pll_inst/inst/clk_in1_p
    AD12                 IBUFDS (Prop_ibufds_I_O)     0.388     0.388 r  pll_inst/inst/clkin1_ibufgds/O
                         net (fo=1, routed)           0.503     0.891    pll_inst/inst/clk_in1_pll
    PLLE2_ADV_X1Y1       PLLE2_ADV (Prop_plle2_adv_CLKIN1_CLKOUT1)
                                                     -2.908    -2.017 r  pll_inst/inst/plle2_adv_inst/CLKOUT1
                         net (fo=1, routed)           0.958    -1.059    pll_inst/inst/clk_out2_pll
    BUFGCTRL_X0Y0        BUFG (Prop_bufg_I_O)         0.026    -1.033 r  pll_inst/inst/clkout2_buf/O
                         net (fo=2038, routed)        0.583    -0.450    student_top_inst/bridge_inst/clk_out2
    SLICE_X23Y182        FDRE                                         r  student_top_inst/bridge_inst/LED_reg[7]_lopt_replica/C
  -------------------------------------------------------------------    -------------------
    SLICE_X23Y182        FDRE (Prop_fdre_C_Q)         0.091    -0.359 r  student_top_inst/bridge_inst/LED_reg[7]_lopt_replica/Q
                         net (fo=1, routed)           0.892     0.533    lopt_29
    E29                  OBUF (Prop_obuf_I_O)         1.390     1.923 r  virtual_led_OBUF[7]_inst/O
                         net (fo=0)                   0.000     1.923    virtual_led[7]
    E29                                                               r  virtual_led[7] (OUT)
  -------------------------------------------------------------------    -------------------

Slack:                    inf
  Source:                 student_top_inst/bridge_inst/LED_reg[23]_lopt_replica/C
                            (rising edge-triggered cell FDRE clocked by clk_out2_pll  {rise@0.000ns fall@3.333ns period=6.667ns})
  Destination:            virtual_led[23]
                            (output port)
  Path Group:             (none)
  Path Type:              Min at Fast Process Corner
  Data Path Delay:        2.401ns  (logic 1.482ns (61.728%)  route 0.919ns (38.272%))
  Logic Levels:           1  (OBUF=1)
  Clock Uncertainty:      0.173ns  ((TSJ^2 + DJ^2)^1/2) / 2 + PE
    Total System Jitter     (TSJ):    0.050ns
    Discrete Jitter          (DJ):    0.126ns
    Phase Error              (PE):    0.105ns

    Location             Delay type                Incr(ns)  Path(ns)    Netlist Resource(s)
  -------------------------------------------------------------------    -------------------
                         (clock clk_out2_pll rise edge)
                                                      0.000     0.000 r  
    AD12                                              0.000     0.000 r  i_sys_clk_p (IN)
                         net (fo=0)                   0.000     0.000    pll_inst/inst/clk_in1_p
    AD12                 IBUFDS (Prop_ibufds_I_O)     0.388     0.388 r  pll_inst/inst/clkin1_ibufgds/O
                         net (fo=1, routed)           0.503     0.891    pll_inst/inst/clk_in1_pll
    PLLE2_ADV_X1Y1       PLLE2_ADV (Prop_plle2_adv_CLKIN1_CLKOUT1)
                                                     -2.908    -2.017 r  pll_inst/inst/plle2_adv_inst/CLKOUT1
                         net (fo=1, routed)           0.958    -1.059    pll_inst/inst/clk_out2_pll
    BUFGCTRL_X0Y0        BUFG (Prop_bufg_I_O)         0.026    -1.033 r  pll_inst/inst/clkout2_buf/O
                         net (fo=2038, routed)        0.583    -0.450    student_top_inst/bridge_inst/clk_out2
    SLICE_X23Y182        FDRE                                         r  student_top_inst/bridge_inst/LED_reg[23]_lopt_replica/C
  -------------------------------------------------------------------    -------------------
    SLICE_X23Y182        FDRE (Prop_fdre_C_Q)         0.091    -0.359 r  student_top_inst/bridge_inst/LED_reg[23]_lopt_replica/Q
                         net (fo=1, routed)           0.919     0.560    lopt_15
    E30                  OBUF (Prop_obuf_I_O)         1.391     1.952 r  virtual_led_OBUF[23]_inst/O
                         net (fo=0)                   0.000     1.952    virtual_led[23]
    E30                                                               r  virtual_led[23] (OUT)
  -------------------------------------------------------------------    -------------------

Slack:                    inf
  Source:                 student_top_inst/bridge_inst/LED_reg[6]_lopt_replica/C
                            (rising edge-triggered cell FDRE clocked by clk_out2_pll  {rise@0.000ns fall@3.333ns period=6.667ns})
  Destination:            virtual_led[6]
                            (output port)
  Path Group:             (none)
  Path Type:              Min at Fast Process Corner
  Data Path Delay:        2.409ns  (logic 1.467ns (60.879%)  route 0.943ns (39.121%))
  Logic Levels:           1  (OBUF=1)
  Clock Uncertainty:      0.173ns  ((TSJ^2 + DJ^2)^1/2) / 2 + PE
    Total System Jitter     (TSJ):    0.050ns
    Discrete Jitter          (DJ):    0.126ns
    Phase Error              (PE):    0.105ns

    Location             Delay type                Incr(ns)  Path(ns)    Netlist Resource(s)
  -------------------------------------------------------------------    -------------------
                         (clock clk_out2_pll rise edge)
                                                      0.000     0.000 r  
    AD12                                              0.000     0.000 r  i_sys_clk_p (IN)
                         net (fo=0)                   0.000     0.000    pll_inst/inst/clk_in1_p
    AD12                 IBUFDS (Prop_ibufds_I_O)     0.388     0.388 r  pll_inst/inst/clkin1_ibufgds/O
                         net (fo=1, routed)           0.503     0.891    pll_inst/inst/clk_in1_pll
    PLLE2_ADV_X1Y1       PLLE2_ADV (Prop_plle2_adv_CLKIN1_CLKOUT1)
                                                     -2.908    -2.017 r  pll_inst/inst/plle2_adv_inst/CLKOUT1
                         net (fo=1, routed)           0.958    -1.059    pll_inst/inst/clk_out2_pll
    BUFGCTRL_X0Y0        BUFG (Prop_bufg_I_O)         0.026    -1.033 r  pll_inst/inst/clkout2_buf/O
                         net (fo=2038, routed)        0.579    -0.454    student_top_inst/bridge_inst/clk_out2
    SLICE_X22Y178        FDRE                                         r  student_top_inst/bridge_inst/LED_reg[6]_lopt_replica/C
  -------------------------------------------------------------------    -------------------
    SLICE_X22Y178        FDRE (Prop_fdre_C_Q)         0.118    -0.336 r  student_top_inst/bridge_inst/LED_reg[6]_lopt_replica/Q
                         net (fo=1, routed)           0.943     0.607    lopt_28
    G25                  OBUF (Prop_obuf_I_O)         1.349     1.956 r  virtual_led_OBUF[6]_inst/O
                         net (fo=0)                   0.000     1.956    virtual_led[6]
    G25                                                               r  virtual_led[6] (OUT)
  -------------------------------------------------------------------    -------------------

Slack:                    inf
  Source:                 student_top_inst/bridge_inst/LED_reg[22]_lopt_replica/C
                            (rising edge-triggered cell FDRE clocked by clk_out2_pll  {rise@0.000ns fall@3.333ns period=6.667ns})
  Destination:            virtual_led[22]
                            (output port)
  Path Group:             (none)
  Path Type:              Min at Fast Process Corner
  Data Path Delay:        2.425ns  (logic 1.466ns (60.459%)  route 0.959ns (39.541%))
  Logic Levels:           1  (OBUF=1)
  Clock Uncertainty:      0.173ns  ((TSJ^2 + DJ^2)^1/2) / 2 + PE
    Total System Jitter     (TSJ):    0.050ns
    Discrete Jitter          (DJ):    0.126ns
    Phase Error              (PE):    0.105ns

    Location             Delay type                Incr(ns)  Path(ns)    Netlist Resource(s)
  -------------------------------------------------------------------    -------------------
                         (clock clk_out2_pll rise edge)
                                                      0.000     0.000 r  
    AD12                                              0.000     0.000 r  i_sys_clk_p (IN)
                         net (fo=0)                   0.000     0.000    pll_inst/inst/clk_in1_p
    AD12                 IBUFDS (Prop_ibufds_I_O)     0.388     0.388 r  pll_inst/inst/clkin1_ibufgds/O
                         net (fo=1, routed)           0.503     0.891    pll_inst/inst/clk_in1_pll
    PLLE2_ADV_X1Y1       PLLE2_ADV (Prop_plle2_adv_CLKIN1_CLKOUT1)
                                                     -2.908    -2.017 r  pll_inst/inst/plle2_adv_inst/CLKOUT1
                         net (fo=1, routed)           0.958    -1.059    pll_inst/inst/clk_out2_pll
    BUFGCTRL_X0Y0        BUFG (Prop_bufg_I_O)         0.026    -1.033 r  pll_inst/inst/clkout2_buf/O
                         net (fo=2038, routed)        0.584    -0.449    student_top_inst/bridge_inst/clk_out2
    SLICE_X23Y183        FDRE                                         r  student_top_inst/bridge_inst/LED_reg[22]_lopt_replica/C
  -------------------------------------------------------------------    -------------------
    SLICE_X23Y183        FDRE (Prop_fdre_C_Q)         0.100    -0.349 r  student_top_inst/bridge_inst/LED_reg[22]_lopt_replica/Q
                         net (fo=1, routed)           0.959     0.610    lopt_14
    C30                  OBUF (Prop_obuf_I_O)         1.366     1.977 r  virtual_led_OBUF[22]_inst/O
                         net (fo=0)                   0.000     1.977    virtual_led[22]
    C30                                                               r  virtual_led[22] (OUT)
  -------------------------------------------------------------------    -------------------

Slack:                    inf
  Source:                 student_top_inst/bridge_inst/LED_reg[14]_lopt_replica/C
                            (rising edge-triggered cell FDRE clocked by clk_out2_pll  {rise@0.000ns fall@3.333ns period=6.667ns})
  Destination:            virtual_led[14]
                            (output port)
  Path Group:             (none)
  Path Type:              Min at Fast Process Corner
  Data Path Delay:        2.493ns  (logic 1.470ns (58.963%)  route 1.023ns (41.037%))
  Logic Levels:           1  (OBUF=1)
  Clock Uncertainty:      0.173ns  ((TSJ^2 + DJ^2)^1/2) / 2 + PE
    Total System Jitter     (TSJ):    0.050ns
    Discrete Jitter          (DJ):    0.126ns
    Phase Error              (PE):    0.105ns

    Location             Delay type                Incr(ns)  Path(ns)    Netlist Resource(s)
  -------------------------------------------------------------------    -------------------
                         (clock clk_out2_pll rise edge)
                                                      0.000     0.000 r  
    AD12                                              0.000     0.000 r  i_sys_clk_p (IN)
                         net (fo=0)                   0.000     0.000    pll_inst/inst/clk_in1_p
    AD12                 IBUFDS (Prop_ibufds_I_O)     0.388     0.388 r  pll_inst/inst/clkin1_ibufgds/O
                         net (fo=1, routed)           0.503     0.891    pll_inst/inst/clk_in1_pll
    PLLE2_ADV_X1Y1       PLLE2_ADV (Prop_plle2_adv_CLKIN1_CLKOUT1)
                                                     -2.908    -2.017 r  pll_inst/inst/plle2_adv_inst/CLKOUT1
                         net (fo=1, routed)           0.958    -1.059    pll_inst/inst/clk_out2_pll
    BUFGCTRL_X0Y0        BUFG (Prop_bufg_I_O)         0.026    -1.033 r  pll_inst/inst/clkout2_buf/O
                         net (fo=2038, routed)        0.584    -0.449    student_top_inst/bridge_inst/clk_out2
    SLICE_X22Y183        FDRE                                         r  student_top_inst/bridge_inst/LED_reg[14]_lopt_replica/C
  -------------------------------------------------------------------    -------------------
    SLICE_X22Y183        FDRE (Prop_fdre_C_Q)         0.118    -0.331 r  student_top_inst/bridge_inst/LED_reg[14]_lopt_replica/Q
                         net (fo=1, routed)           1.023     0.693    lopt_5
    E28                  OBUF (Prop_obuf_I_O)         1.352     2.045 r  virtual_led_OBUF[14]_inst/O
                         net (fo=0)                   0.000     2.045    virtual_led[14]
    E28                                                               r  virtual_led[14] (OUT)
  -------------------------------------------------------------------    -------------------

Slack:                    inf
  Source:                 student_top_inst/bridge_inst/LED_reg[21]_lopt_replica/C
                            (rising edge-triggered cell FDRE clocked by clk_out2_pll  {rise@0.000ns fall@3.333ns period=6.667ns})
  Destination:            virtual_led[21]
                            (output port)
  Path Group:             (none)
  Path Type:              Min at Fast Process Corner
  Data Path Delay:        2.496ns  (logic 1.452ns (58.190%)  route 1.044ns (41.810%))
  Logic Levels:           1  (OBUF=1)
  Clock Uncertainty:      0.173ns  ((TSJ^2 + DJ^2)^1/2) / 2 + PE
    Total System Jitter     (TSJ):    0.050ns
    Discrete Jitter          (DJ):    0.126ns
    Phase Error              (PE):    0.105ns

    Location             Delay type                Incr(ns)  Path(ns)    Netlist Resource(s)
  -------------------------------------------------------------------    -------------------
                         (clock clk_out2_pll rise edge)
                                                      0.000     0.000 r  
    AD12                                              0.000     0.000 r  i_sys_clk_p (IN)
                         net (fo=0)                   0.000     0.000    pll_inst/inst/clk_in1_p
    AD12                 IBUFDS (Prop_ibufds_I_O)     0.388     0.388 r  pll_inst/inst/clkin1_ibufgds/O
                         net (fo=1, routed)           0.503     0.891    pll_inst/inst/clk_in1_pll
    PLLE2_ADV_X1Y1       PLLE2_ADV (Prop_plle2_adv_CLKIN1_CLKOUT1)
                                                     -2.908    -2.017 r  pll_inst/inst/plle2_adv_inst/CLKOUT1
                         net (fo=1, routed)           0.958    -1.059    pll_inst/inst/clk_out2_pll
    BUFGCTRL_X0Y0        BUFG (Prop_bufg_I_O)         0.026    -1.033 r  pll_inst/inst/clkout2_buf/O
                         net (fo=2038, routed)        0.583    -0.450    student_top_inst/bridge_inst/clk_out2
    SLICE_X23Y182        FDRE                                         r  student_top_inst/bridge_inst/LED_reg[21]_lopt_replica/C
  -------------------------------------------------------------------    -------------------
    SLICE_X23Y182        FDRE (Prop_fdre_C_Q)         0.100    -0.350 r  student_top_inst/bridge_inst/LED_reg[21]_lopt_replica/Q
                         net (fo=1, routed)           1.044     0.694    lopt_13
    D28                  OBUF (Prop_obuf_I_O)         1.352     2.047 r  virtual_led_OBUF[21]_inst/O
                         net (fo=0)                   0.000     2.047    virtual_led[21]
    D28                                                               r  virtual_led[21] (OUT)
  -------------------------------------------------------------------    -------------------

Slack:                    inf
  Source:                 student_top_inst/bridge_inst/LED_reg[18]_lopt_replica/C
                            (rising edge-triggered cell FDRE clocked by clk_out2_pll  {rise@0.000ns fall@3.333ns period=6.667ns})
  Destination:            virtual_led[18]
                            (output port)
  Path Group:             (none)
  Path Type:              Min at Fast Process Corner
  Data Path Delay:        2.515ns  (logic 1.420ns (56.476%)  route 1.095ns (43.524%))
  Logic Levels:           1  (OBUF=1)
  Clock Uncertainty:      0.173ns  ((TSJ^2 + DJ^2)^1/2) / 2 + PE
    Total System Jitter     (TSJ):    0.050ns
    Discrete Jitter          (DJ):    0.126ns
    Phase Error              (PE):    0.105ns

    Location             Delay type                Incr(ns)  Path(ns)    Netlist Resource(s)
  -------------------------------------------------------------------    -------------------
                         (clock clk_out2_pll rise edge)
                                                      0.000     0.000 r  
    AD12                                              0.000     0.000 r  i_sys_clk_p (IN)
                         net (fo=0)                   0.000     0.000    pll_inst/inst/clk_in1_p
    AD12                 IBUFDS (Prop_ibufds_I_O)     0.388     0.388 r  pll_inst/inst/clkin1_ibufgds/O
                         net (fo=1, routed)           0.503     0.891    pll_inst/inst/clk_in1_pll
    PLLE2_ADV_X1Y1       PLLE2_ADV (Prop_plle2_adv_CLKIN1_CLKOUT1)
                                                     -2.908    -2.017 r  pll_inst/inst/plle2_adv_inst/CLKOUT1
                         net (fo=1, routed)           0.958    -1.059    pll_inst/inst/clk_out2_pll
    BUFGCTRL_X0Y0        BUFG (Prop_bufg_I_O)         0.026    -1.033 r  pll_inst/inst/clkout2_buf/O
                         net (fo=2038, routed)        0.585    -0.448    student_top_inst/bridge_inst/clk_out2
    SLICE_X23Y184        FDRE                                         r  student_top_inst/bridge_inst/LED_reg[18]_lopt_replica/C
  -------------------------------------------------------------------    -------------------
    SLICE_X23Y184        FDRE (Prop_fdre_C_Q)         0.100    -0.348 r  student_top_inst/bridge_inst/LED_reg[18]_lopt_replica/Q
                         net (fo=1, routed)           1.095     0.747    lopt_9
    D23                  OBUF (Prop_obuf_I_O)         1.320     2.068 r  virtual_led_OBUF[18]_inst/O
                         net (fo=0)                   0.000     2.068    virtual_led[18]
    D23                                                               r  virtual_led[18] (OUT)
  -------------------------------------------------------------------    -------------------

Slack:                    inf
  Source:                 student_top_inst/bridge_inst/LED_reg[11]_lopt_replica/C
                            (rising edge-triggered cell FDRE clocked by clk_out2_pll  {rise@0.000ns fall@3.333ns period=6.667ns})
  Destination:            virtual_led[11]
                            (output port)
  Path Group:             (none)
  Path Type:              Min at Fast Process Corner
  Data Path Delay:        2.527ns  (logic 1.453ns (57.514%)  route 1.074ns (42.486%))
  Logic Levels:           1  (OBUF=1)
  Clock Uncertainty:      0.173ns  ((TSJ^2 + DJ^2)^1/2) / 2 + PE
    Total System Jitter     (TSJ):    0.050ns
    Discrete Jitter          (DJ):    0.126ns
    Phase Error              (PE):    0.105ns

    Location             Delay type                Incr(ns)  Path(ns)    Netlist Resource(s)
  -------------------------------------------------------------------    -------------------
                         (clock clk_out2_pll rise edge)
                                                      0.000     0.000 r  
    AD12                                              0.000     0.000 r  i_sys_clk_p (IN)
                         net (fo=0)                   0.000     0.000    pll_inst/inst/clk_in1_p
    AD12                 IBUFDS (Prop_ibufds_I_O)     0.388     0.388 r  pll_inst/inst/clkin1_ibufgds/O
                         net (fo=1, routed)           0.503     0.891    pll_inst/inst/clk_in1_pll
    PLLE2_ADV_X1Y1       PLLE2_ADV (Prop_plle2_adv_CLKIN1_CLKOUT1)
                                                     -2.908    -2.017 r  pll_inst/inst/plle2_adv_inst/CLKOUT1
                         net (fo=1, routed)           0.958    -1.059    pll_inst/inst/clk_out2_pll
    BUFGCTRL_X0Y0        BUFG (Prop_bufg_I_O)         0.026    -1.033 r  pll_inst/inst/clkout2_buf/O
                         net (fo=2038, routed)        0.579    -0.454    student_top_inst/bridge_inst/clk_out2
    SLICE_X23Y178        FDRE                                         r  student_top_inst/bridge_inst/LED_reg[11]_lopt_replica/C
  -------------------------------------------------------------------    -------------------
    SLICE_X23Y178        FDRE (Prop_fdre_C_Q)         0.100    -0.354 r  student_top_inst/bridge_inst/LED_reg[11]_lopt_replica/Q
                         net (fo=1, routed)           1.074     0.720    lopt_2
    C25                  OBUF (Prop_obuf_I_O)         1.353     2.074 r  virtual_led_OBUF[11]_inst/O
                         net (fo=0)                   0.000     2.074    virtual_led[11]
    C25                                                               r  virtual_led[11] (OUT)
  -------------------------------------------------------------------    -------------------

Slack:                    inf
  Source:                 student_top_inst/bridge_inst/seg_output_reg_reg[38]_lopt_replica_2/C
                            (rising edge-triggered cell FDCE clocked by clk_out2_pll  {rise@0.000ns fall@3.333ns period=6.667ns})
  Destination:            virtual_seg[28]
                            (output port)
  Path Group:             (none)
  Path Type:              Min at Fast Process Corner
  Data Path Delay:        2.517ns  (logic 1.442ns (57.286%)  route 1.075ns (42.714%))
  Logic Levels:           1  (OBUF=1)
  Clock Uncertainty:      0.173ns  ((TSJ^2 + DJ^2)^1/2) / 2 + PE
    Total System Jitter     (TSJ):    0.050ns
    Discrete Jitter          (DJ):    0.126ns
    Phase Error              (PE):    0.105ns

    Location             Delay type                Incr(ns)  Path(ns)    Netlist Resource(s)
  -------------------------------------------------------------------    -------------------
                         (clock clk_out2_pll rise edge)
                                                      0.000     0.000 r  
    AD12                                              0.000     0.000 r  i_sys_clk_p (IN)
                         net (fo=0)                   0.000     0.000    pll_inst/inst/clk_in1_p
    AD12                 IBUFDS (Prop_ibufds_I_O)     0.388     0.388 r  pll_inst/inst/clkin1_ibufgds/O
                         net (fo=1, routed)           0.503     0.891    pll_inst/inst/clk_in1_pll
    PLLE2_ADV_X1Y1       PLLE2_ADV (Prop_plle2_adv_CLKIN1_CLKOUT1)
                                                     -2.908    -2.017 r  pll_inst/inst/plle2_adv_inst/CLKOUT1
                         net (fo=1, routed)           0.958    -1.059    pll_inst/inst/clk_out2_pll
    BUFGCTRL_X0Y0        BUFG (Prop_bufg_I_O)         0.026    -1.033 r  pll_inst/inst/clkout2_buf/O
                         net (fo=2038, routed)        0.591    -0.442    student_top_inst/bridge_inst/clk_out2
    SLICE_X12Y156        FDCE                                         r  student_top_inst/bridge_inst/seg_output_reg_reg[38]_lopt_replica_2/C
  -------------------------------------------------------------------    -------------------
    SLICE_X12Y156        FDCE (Prop_fdce_C_Q)         0.118    -0.324 r  student_top_inst/bridge_inst/seg_output_reg_reg[38]_lopt_replica_2/Q
                         net (fo=1, routed)           1.075     0.751    lopt_41
    AF28                 OBUF (Prop_obuf_I_O)         1.324     2.075 r  virtual_seg_OBUF[28]_inst/O
                         net (fo=0)                   0.000     2.075    virtual_seg[28]
    AF28                                                              r  virtual_seg[28] (OUT)
  -------------------------------------------------------------------    -------------------





--------------------------------------------------------------------------------------
Path Group:  (none)
From Clock:  clkfbout_pll
  To Clock:  

Max Delay             1 Endpoint
Min Delay             1 Endpoint
--------------------------------------------------------------------------------------


Max Delay Paths
--------------------------------------------------------------------------------------
Slack:                    inf
  Source:                 pll_inst/inst/plle2_adv_inst/CLKFBOUT
                            (clock source 'clkfbout_pll'  {rise@0.000ns fall@5.000ns period=10.000ns})
  Destination:            pll_inst/inst/plle2_adv_inst/CLKFBIN
  Path Group:             (none)
  Path Type:              Max at Fast Process Corner
  Data Path Delay:        2.022ns  (logic 0.030ns (1.484%)  route 1.992ns (98.516%))
  Logic Levels:           1  (BUFG=1)
  Clock Uncertainty:      0.157ns  ((TSJ^2 + DJ^2)^1/2) / 2 + PE
    Total System Jitter     (TSJ):    0.050ns
    Discrete Jitter          (DJ):    0.090ns
    Phase Error              (PE):    0.105ns

    Location             Delay type                Incr(ns)  Path(ns)    Netlist Resource(s)
  -------------------------------------------------------------------    -------------------
                         (clock clkfbout_pll fall edge)
                                                      5.000     5.000 f  
    AD12                                              0.000     5.000 f  i_sys_clk_p (IN)
                         net (fo=0)                   0.000     5.000    pll_inst/inst/clk_in1_p
    AD12                 IBUFDS (Prop_ibufds_I_O)     0.470     5.470 f  pll_inst/inst/clkin1_ibufgds/O
                         net (fo=1, routed)           0.554     6.024    pll_inst/inst/clk_in1_pll
  -------------------------------------------------------------------    -------------------
    PLLE2_ADV_X1Y1       PLLE2_ADV (Prop_plle2_adv_CLKIN1_CLKFBOUT)
                                                     -3.524     2.500 f  pll_inst/inst/plle2_adv_inst/CLKFBOUT
                         net (fo=1, routed)           1.027     3.527    pll_inst/inst/clkfbout_pll
    BUFGCTRL_X0Y2        BUFG (Prop_bufg_I_O)         0.030     3.557 f  pll_inst/inst/clkf_buf/O
                         net (fo=1, routed)           0.965     4.522    pll_inst/inst/clkfbout_buf_pll
    PLLE2_ADV_X1Y1       PLLE2_ADV                                    f  pll_inst/inst/plle2_adv_inst/CLKFBIN
  -------------------------------------------------------------------    -------------------





Min Delay Paths
--------------------------------------------------------------------------------------
Slack:                    inf
  Source:                 pll_inst/inst/plle2_adv_inst/CLKFBOUT
                            (clock source 'clkfbout_pll'  {rise@0.000ns fall@5.000ns period=10.000ns})
  Destination:            pll_inst/inst/plle2_adv_inst/CLKFBIN
  Path Group:             (none)
  Path Type:              Min at Slow Process Corner
  Data Path Delay:        3.712ns  (logic 0.083ns (2.236%)  route 3.629ns (97.764%))
  Logic Levels:           1  (BUFG=1)
  Clock Uncertainty:      0.157ns  ((TSJ^2 + DJ^2)^1/2) / 2 + PE
    Total System Jitter     (TSJ):    0.050ns
    Discrete Jitter          (DJ):    0.090ns
    Phase Error              (PE):    0.105ns

    Location             Delay type                Incr(ns)  Path(ns)    Netlist Resource(s)
  -------------------------------------------------------------------    -------------------
                         (clock clkfbout_pll rise edge)
                                                      0.000     0.000 r  
    AD12                                              0.000     0.000 r  i_sys_clk_p (IN)
                         net (fo=0)                   0.000     0.000    pll_inst/inst/clk_in1_p
    AD12                 IBUFDS (Prop_ibufds_I_O)     0.803     0.803 r  pll_inst/inst/clkin1_ibufgds/O
                         net (fo=1, routed)           1.001     1.804    pll_inst/inst/clk_in1_pll
  -------------------------------------------------------------------    -------------------
    PLLE2_ADV_X1Y1       PLLE2_ADV (Prop_plle2_adv_CLKIN1_CLKFBOUT)
                                                     -7.261    -5.457 r  pll_inst/inst/plle2_adv_inst/CLKFBOUT
                         net (fo=1, routed)           2.003    -3.454    pll_inst/inst/clkfbout_pll
    BUFGCTRL_X0Y2        BUFG (Prop_bufg_I_O)         0.083    -3.371 r  pll_inst/inst/clkf_buf/O
                         net (fo=1, routed)           1.626    -1.745    pll_inst/inst/clkfbout_buf_pll
    PLLE2_ADV_X1Y1       PLLE2_ADV                                    r  pll_inst/inst/plle2_adv_inst/CLKFBIN
  -------------------------------------------------------------------    -------------------





--------------------------------------------------------------------------------------
Path Group:  (none)
From Clock:  
  To Clock:  clk_out1_pll

Max Delay             1 Endpoint
Min Delay             1 Endpoint
--------------------------------------------------------------------------------------


Max Delay Paths
--------------------------------------------------------------------------------------
Slack:                    inf
  Source:                 i_uart_rx
                            (input port)
  Destination:            uart_inst/rx_d0_reg/D
                            (rising edge-triggered cell FDPE clocked by clk_out1_pll  {rise@0.000ns fall@10.000ns period=20.000ns})
  Path Group:             (none)
  Path Type:              Setup (Max at Slow Process Corner)
  Data Path Delay:        5.088ns  (logic 1.533ns (30.131%)  route 3.555ns (69.869%))
  Logic Levels:           1  (IBUF=1)
  Clock Path Skew:        -2.236ns (DCD - SCD + CPR)
    Destination Clock Delay (DCD):    -2.236ns
    Source Clock Delay      (SCD):    0.000ns
    Clock Pessimism Removal (CPR):    0.000ns
  Clock Uncertainty:      0.188ns  ((TSJ^2 + DJ^2)^1/2) / 2 + PE
    Total System Jitter     (TSJ):    0.050ns
    Discrete Jitter          (DJ):    0.157ns
    Phase Error              (PE):    0.105ns

    Location             Delay type                Incr(ns)  Path(ns)    Netlist Resource(s)
  -------------------------------------------------------------------    -------------------
    D18                                               0.000     0.000 r  i_uart_rx (IN)
                         net (fo=0)                   0.000     0.000    i_uart_rx
    D18                  IBUF (Prop_ibuf_I_O)         1.533     1.533 r  i_uart_rx_IBUF_inst/O
                         net (fo=1, routed)           3.555     5.088    uart_inst/i_uart_rx_IBUF
    SLICE_X48Y174        FDPE                                         r  uart_inst/rx_d0_reg/D
  -------------------------------------------------------------------    -------------------

                         (clock clk_out1_pll rise edge)
                                                      0.000     0.000 r  
    AD12                                              0.000     0.000 r  i_sys_clk_p (IN)
                         net (fo=0)                   0.000     0.000    pll_inst/inst/clk_in1_p
    AD12                 IBUFDS (Prop_ibufds_I_O)     0.803     0.803 r  pll_inst/inst/clkin1_ibufgds/O
                         net (fo=1, routed)           1.001     1.804    pll_inst/inst/clk_in1_pll
    PLLE2_ADV_X1Y1       PLLE2_ADV (Prop_plle2_adv_CLKIN1_CLKOUT0)
                                                     -7.261    -5.457 r  pll_inst/inst/plle2_adv_inst/CLKOUT0
                         net (fo=1, routed)           2.003    -3.454    pll_inst/inst/clk_out1_pll
    BUFGCTRL_X0Y1        BUFG (Prop_bufg_I_O)         0.083    -3.371 r  pll_inst/inst/clkout1_buf/O
                         net (fo=354, routed)         1.135    -2.236    uart_inst/clk_out1
    SLICE_X48Y174        FDPE                                         r  uart_inst/rx_d0_reg/C





Min Delay Paths
--------------------------------------------------------------------------------------
Slack:                    inf
  Source:                 i_uart_rx
                            (input port)
  Destination:            uart_inst/rx_d0_reg/D
                            (rising edge-triggered cell FDPE clocked by clk_out1_pll  {rise@0.000ns fall@10.000ns period=20.000ns})
  Path Group:             (none)
  Path Type:              Hold (Min at Fast Process Corner)
  Data Path Delay:        2.429ns  (logic 0.458ns (18.839%)  route 1.972ns (81.161%))
  Logic Levels:           1  (IBUF=1)
  Clock Path Skew:        -0.684ns (DCD - SCD - CPR)
    Destination Clock Delay (DCD):    -0.684ns
    Source Clock Delay      (SCD):    0.000ns
    Clock Pessimism Removal (CPR):    -0.000ns

    Location             Delay type                Incr(ns)  Path(ns)    Netlist Resource(s)
  -------------------------------------------------------------------    -------------------
    D18                                               0.000     0.000 r  i_uart_rx (IN)
                         net (fo=0)                   0.000     0.000    i_uart_rx
    D18                  IBUF (Prop_ibuf_I_O)         0.458     0.458 r  i_uart_rx_IBUF_inst/O
                         net (fo=1, routed)           1.972     2.429    uart_inst/i_uart_rx_IBUF
    SLICE_X48Y174        FDPE                                         r  uart_inst/rx_d0_reg/D
  -------------------------------------------------------------------    -------------------

                         (clock clk_out1_pll rise edge)
                                                      0.000     0.000 r  
    AD12                                              0.000     0.000 r  i_sys_clk_p (IN)
                         net (fo=0)                   0.000     0.000    pll_inst/inst/clk_in1_p
    AD12                 IBUFDS (Prop_ibufds_I_O)     0.470     0.470 r  pll_inst/inst/clkin1_ibufgds/O
                         net (fo=1, routed)           0.554     1.024    pll_inst/inst/clk_in1_pll
    PLLE2_ADV_X1Y1       PLLE2_ADV (Prop_plle2_adv_CLKIN1_CLKOUT0)
                                                     -3.524    -2.500 r  pll_inst/inst/plle2_adv_inst/CLKOUT0
                         net (fo=1, routed)           1.027    -1.473    pll_inst/inst/clk_out1_pll
    BUFGCTRL_X0Y1        BUFG (Prop_bufg_I_O)         0.030    -1.443 r  pll_inst/inst/clkout1_buf/O
                         net (fo=354, routed)         0.759    -0.684    uart_inst/clk_out1
    SLICE_X48Y174        FDPE                                         r  uart_inst/rx_d0_reg/C





